dataset,seed,condition,method,variant,condition_on,gamma,feature_set,made_hidden,smoke,seed_policy,reference_group,param_made_epochs,param_clf_epochs,param_clf_hidden,param_clf_lr,param_clf_weight_decay,param_age_bins,param_adversary_hidden,param_adversary_epochs,param_adversary_lr,param_adversary_weight_decay,run_dir,param_epochs,param_batch_size,param_lr,param_weight_decay,param_flow_hidden,param_kl_start,param_kl_end,param_alpha,param_grad_clip,param_log_every,param_prior_flow_hidden,param_prior_flow_blocks,param_prior_epochs,param_gmm_components,prior,n_blocks
adult,123,equalized,fnf,categorical_conditional,y,0.5,paper6_age,50,False,model seed = shard seed; splits fixed,,100,100,[20],0.001,0.0001,4,"[30, 30]",60,0.01,0.001,adult/seed123/equalized/cfnf_paper6_age_cond-y_gamma0.5_made50,,,,,,,,,,,,,,,,
adult,123,equalized,fnf,categorical_conditional,y,1.0,paper6_age,50,False,model seed = shard seed; splits fixed,,100,100,[20],0.001,0.0001,4,"[30, 30]",60,0.01,0.001,adult/seed123/equalized/cfnf_paper6_age_cond-y_gamma1_made50,,,,,,,,,,,,,,,,
adult,123,equalized,fnf,categorical_conditional,yhat,0.5,paper6_age,50,False,model seed = shard seed; splits fixed,,100,100,[20],0.001,0.0001,4,"[30, 30]",60,0.01,0.001,adult/seed123/equalized/cfnf_paper6_age_cond-yhat_gamma0.5_made50,,,,,,,,,,,,,,,,
adult,123,equalized,fnf,categorical_conditional,yhat,1.0,paper6_age,50,False,model seed = shard seed; splits fixed,,100,100,[20],0.001,0.0001,4,"[30, 30]",60,0.01,0.001,adult/seed123/equalized/cfnf_paper6_age_cond-yhat_gamma1_made50,,,,,,,,,,,,,,,,
adult,123,equalized,erm,,,,paper6,,False,model seed = shard seed; splits fixed,,100,100,[20],0.001,0.0001,4,"[30, 30]",60,0.01,0.001,adult/seed123/equalized/erm_paper6,,,,,,,,,,,,,,,,
adult,123,equalized,erm,,,,paper6_age,,False,model seed = shard seed; splits fixed,,100,100,[20],0.001,0.0001,4,"[30, 30]",60,0.01,0.001,adult/seed123/equalized/erm_paper6_age,,,,,,,,,,,,,,,,
adult,123,equalized,fnf,categorical,,0.02,paper6_age,100,False,model seed = shard seed; splits fixed,1,100,100,[20],0.001,0.0001,4,"[30, 30]",60,0.01,0.001,adult/seed123/equalized/fnf_paper6_age_gamma0.02_made100,,,,,,,,,,,,,,,,
adult,123,equalized,fnf,categorical,,0.02,paper6_age,50,False,model seed = shard seed; splits fixed,1,100,100,[20],0.001,0.0001,4,"[30, 30]",60,0.01,0.001,adult/seed123/equalized/fnf_paper6_age_gamma0.02_made50,,,,,,,,,,,,,,,,
adult,123,equalized,fnf,categorical,,0.1,paper6_age,100,False,model seed = shard seed; splits fixed,1,100,100,[20],0.001,0.0001,4,"[30, 30]",60,0.01,0.001,adult/seed123/equalized/fnf_paper6_age_gamma0.1_made100,,,,,,,,,,,,,,,,
adult,123,equalized,fnf,categorical,,0.1,paper6_age,50,False,model seed = shard seed; splits fixed,1,100,100,[20],0.001,0.0001,4,"[30, 30]",60,0.01,0.001,adult/seed123/equalized/fnf_paper6_age_gamma0.1_made50,,,,,,,,,,,,,,,,
adult,123,equalized,fnf,categorical,,0.2,paper6_age,100,False,model seed = shard seed; splits fixed,1,100,100,[20],0.001,0.0001,4,"[30, 30]",60,0.01,0.001,adult/seed123/equalized/fnf_paper6_age_gamma0.2_made100,,,,,,,,,,,,,,,,
adult,123,equalized,fnf,categorical,,0.2,paper6_age,50,False,model seed = shard seed; splits fixed,1,100,100,[20],0.001,0.0001,4,"[30, 30]",60,0.01,0.001,adult/seed123/equalized/fnf_paper6_age_gamma0.2_made50,,,,,,,,,,,,,,,,
adult,123,equalized,fnf,categorical,,0.5,paper6_age,100,False,model seed = shard seed; splits fixed,1,100,100,[20],0.001,0.0001,4,"[30, 30]",60,0.01,0.001,adult/seed123/equalized/fnf_paper6_age_gamma0.5_made100,,,,,,,,,,,,,,,,
adult,123,equalized,fnf,categorical,,0.5,paper6_age,50,False,model seed = shard seed; splits fixed,1,100,100,[20],0.001,0.0001,4,"[30, 30]",60,0.01,0.001,adult/seed123/equalized/fnf_paper6_age_gamma0.5_made50,,,,,,,,,,,,,,,,
adult,123,equalized,fnf,categorical,,0.9,paper6_age,100,False,model seed = shard seed; splits fixed,1,100,100,[20],0.001,0.0001,4,"[30, 30]",60,0.01,0.001,adult/seed123/equalized/fnf_paper6_age_gamma0.9_made100,,,,,,,,,,,,,,,,
adult,123,equalized,fnf,categorical,,0.9,paper6_age,50,False,model seed = shard seed; splits fixed,1,100,100,[20],0.001,0.0001,4,"[30, 30]",60,0.01,0.001,adult/seed123/equalized/fnf_paper6_age_gamma0.9_made50,,,,,,,,,,,,,,,,
adult,123,equalized,fnf,categorical,,0.0,paper6_age,100,False,model seed = shard seed; splits fixed,1,100,100,[20],0.001,0.0001,4,"[30, 30]",60,0.01,0.001,adult/seed123/equalized/fnf_paper6_age_gamma0_made100,,,,,,,,,,,,,,,,
adult,123,equalized,fnf,categorical,,0.0,paper6_age,50,False,model seed = shard seed; splits fixed,1,100,100,[20],0.001,0.0001,4,"[30, 30]",60,0.01,0.001,adult/seed123/equalized/fnf_paper6_age_gamma0_made50,,,,,,,,,,,,,,,,
adult,123,equalized,fnf,categorical,,1.0,paper6_age,100,False,model seed = shard seed; splits fixed,1,100,100,[20],0.001,0.0001,4,"[30, 30]",60,0.01,0.001,adult/seed123/equalized/fnf_paper6_age_gamma1_made100,,,,,,,,,,,,,,,,
adult,123,equalized,fnf,categorical,,1.0,paper6_age,50,False,model seed = shard seed; splits fixed,1,100,100,[20],0.001,0.0001,4,"[30, 30]",60,0.01,0.001,adult/seed123/equalized/fnf_paper6_age_gamma1_made50,,,,,,,,,,,,,,,,
adult,123,equalized,fnf,categorical,,0.02,paper6,100,False,model seed = shard seed; splits fixed,1,100,100,[20],0.001,0.0001,4,"[30, 30]",60,0.01,0.001,adult/seed123/equalized/fnf_paper6_gamma0.02_made100,,,,,,,,,,,,,,,,
adult,123,equalized,fnf,categorical,,0.02,paper6,50,False,model seed = shard seed; splits fixed,1,100,100,[20],0.001,0.0001,4,"[30, 30]",60,0.01,0.001,adult/seed123/equalized/fnf_paper6_gamma0.02_made50,,,,,,,,,,,,,,,,
adult,123,equalized,fnf,categorical,,0.1,paper6,100,False,model seed = shard seed; splits fixed,1,100,100,[20],0.001,0.0001,4,"[30, 30]",60,0.01,0.001,adult/seed123/equalized/fnf_paper6_gamma0.1_made100,,,,,,,,,,,,,,,,
adult,123,equalized,fnf,categorical,,0.1,paper6,50,False,model seed = shard seed; splits fixed,1,100,100,[20],0.001,0.0001,4,"[30, 30]",60,0.01,0.001,adult/seed123/equalized/fnf_paper6_gamma0.1_made50,,,,,,,,,,,,,,,,
adult,123,equalized,fnf,categorical,,0.2,paper6,100,False,model seed = shard seed; splits fixed,1,100,100,[20],0.001,0.0001,4,"[30, 30]",60,0.01,0.001,adult/seed123/equalized/fnf_paper6_gamma0.2_made100,,,,,,,,,,,,,,,,
adult,123,equalized,fnf,categorical,,0.2,paper6,50,False,model seed = shard seed; splits fixed,1,100,100,[20],0.001,0.0001,4,"[30, 30]",60,0.01,0.001,adult/seed123/equalized/fnf_paper6_gamma0.2_made50,,,,,,,,,,,,,,,,
adult,123,equalized,fnf,categorical,,0.5,paper6,100,False,model seed = shard seed; splits fixed,1,100,100,[20],0.001,0.0001,4,"[30, 30]",60,0.01,0.001,adult/seed123/equalized/fnf_paper6_gamma0.5_made100,,,,,,,,,,,,,,,,
adult,123,equalized,fnf,categorical,,0.5,paper6,50,False,model seed = shard seed; splits fixed,1,100,100,[20],0.001,0.0001,4,"[30, 30]",60,0.01,0.001,adult/seed123/equalized/fnf_paper6_gamma0.5_made50,,,,,,,,,,,,,,,,
adult,123,equalized,fnf,categorical,,0.9,paper6,100,False,model seed = shard seed; splits fixed,1,100,100,[20],0.001,0.0001,4,"[30, 30]",60,0.01,0.001,adult/seed123/equalized/fnf_paper6_gamma0.9_made100,,,,,,,,,,,,,,,,
adult,123,equalized,fnf,categorical,,0.9,paper6,50,False,model seed = shard seed; splits fixed,1,100,100,[20],0.001,0.0001,4,"[30, 30]",60,0.01,0.001,adult/seed123/equalized/fnf_paper6_gamma0.9_made50,,,,,,,,,,,,,,,,
adult,123,equalized,fnf,categorical,,0.0,paper6,100,False,model seed = shard seed; splits fixed,1,100,100,[20],0.001,0.0001,4,"[30, 30]",60,0.01,0.001,adult/seed123/equalized/fnf_paper6_gamma0_made100,,,,,,,,,,,,,,,,
adult,123,equalized,fnf,categorical,,0.0,paper6,50,False,model seed = shard seed; splits fixed,1,100,100,[20],0.001,0.0001,4,"[30, 30]",60,0.01,0.001,adult/seed123/equalized/fnf_paper6_gamma0_made50,,,,,,,,,,,,,,,,
adult,123,equalized,fnf,categorical,,1.0,paper6,100,False,model seed = shard seed; splits fixed,1,100,100,[20],0.001,0.0001,4,"[30, 30]",60,0.01,0.001,adult/seed123/equalized/fnf_paper6_gamma1_made100,,,,,,,,,,,,,,,,
adult,123,equalized,fnf,categorical,,1.0,paper6,50,False,model seed = shard seed; splits fixed,1,100,100,[20],0.001,0.0001,4,"[30, 30]",60,0.01,0.001,adult/seed123/equalized/fnf_paper6_gamma1_made50,,,,,,,,,,,,,,,,
adult,123,natural,fnf,categorical_conditional,y,0.5,paper6_age,50,False,model seed = shard seed; splits fixed,,100,100,[20],0.001,0.0001,4,"[30, 30]",60,0.01,0.001,adult/seed123/natural/cfnf_paper6_age_cond-y_gamma0.5_made50,,,,,,,,,,,,,,,,
adult,123,natural,fnf,categorical_conditional,y,1.0,paper6_age,50,False,model seed = shard seed; splits fixed,,100,100,[20],0.001,0.0001,4,"[30, 30]",60,0.01,0.001,adult/seed123/natural/cfnf_paper6_age_cond-y_gamma1_made50,,,,,,,,,,,,,,,,
adult,123,natural,fnf,categorical_conditional,yhat,0.5,paper6_age,50,False,model seed = shard seed; splits fixed,,100,100,[20],0.001,0.0001,4,"[30, 30]",60,0.01,0.001,adult/seed123/natural/cfnf_paper6_age_cond-yhat_gamma0.5_made50,,,,,,,,,,,,,,,,
adult,123,natural,fnf,categorical_conditional,yhat,1.0,paper6_age,50,False,model seed = shard seed; splits fixed,,100,100,[20],0.001,0.0001,4,"[30, 30]",60,0.01,0.001,adult/seed123/natural/cfnf_paper6_age_cond-yhat_gamma1_made50,,,,,,,,,,,,,,,,
adult,123,natural,erm,,,,paper6,,False,model seed = shard seed; splits fixed,,100,100,[20],0.001,0.0001,4,"[30, 30]",60,0.01,0.001,adult/seed123/natural/erm_paper6,,,,,,,,,,,,,,,,
adult,123,natural,erm,,,,paper6_age,,False,model seed = shard seed; splits fixed,,100,100,[20],0.001,0.0001,4,"[30, 30]",60,0.01,0.001,adult/seed123/natural/erm_paper6_age,,,,,,,,,,,,,,,,
adult,123,natural,fnf,categorical,,0.02,paper6_age,100,False,model seed = shard seed; splits fixed,1,100,100,[20],0.001,0.0001,4,"[30, 30]",60,0.01,0.001,adult/seed123/natural/fnf_paper6_age_gamma0.02_made100,,,,,,,,,,,,,,,,
adult,123,natural,fnf,categorical,,0.02,paper6_age,50,False,model seed = shard seed; splits fixed,1,100,100,[20],0.001,0.0001,4,"[30, 30]",60,0.01,0.001,adult/seed123/natural/fnf_paper6_age_gamma0.02_made50,,,,,,,,,,,,,,,,
adult,123,natural,fnf,categorical,,0.1,paper6_age,100,False,model seed = shard seed; splits fixed,1,100,100,[20],0.001,0.0001,4,"[30, 30]",60,0.01,0.001,adult/seed123/natural/fnf_paper6_age_gamma0.1_made100,,,,,,,,,,,,,,,,
adult,123,natural,fnf,categorical,,0.1,paper6_age,50,False,model seed = shard seed; splits fixed,1,100,100,[20],0.001,0.0001,4,"[30, 30]",60,0.01,0.001,adult/seed123/natural/fnf_paper6_age_gamma0.1_made50,,,,,,,,,,,,,,,,
adult,123,natural,fnf,categorical,,0.2,paper6_age,100,False,model seed = shard seed; splits fixed,1,100,100,[20],0.001,0.0001,4,"[30, 30]",60,0.01,0.001,adult/seed123/natural/fnf_paper6_age_gamma0.2_made100,,,,,,,,,,,,,,,,
adult,123,natural,fnf,categorical,,0.2,paper6_age,50,False,model seed = shard seed; splits fixed,1,100,100,[20],0.001,0.0001,4,"[30, 30]",60,0.01,0.001,adult/seed123/natural/fnf_paper6_age_gamma0.2_made50,,,,,,,,,,,,,,,,
adult,123,natural,fnf,categorical,,0.5,paper6_age,100,False,model seed = shard seed; splits fixed,1,100,100,[20],0.001,0.0001,4,"[30, 30]",60,0.01,0.001,adult/seed123/natural/fnf_paper6_age_gamma0.5_made100,,,,,,,,,,,,,,,,
adult,123,natural,fnf,categorical,,0.5,paper6_age,50,False,model seed = shard seed; splits fixed,1,100,100,[20],0.001,0.0001,4,"[30, 30]",60,0.01,0.001,adult/seed123/natural/fnf_paper6_age_gamma0.5_made50,,,,,,,,,,,,,,,,
adult,123,natural,fnf,categorical,,0.9,paper6_age,100,False,model seed = shard seed; splits fixed,1,100,100,[20],0.001,0.0001,4,"[30, 30]",60,0.01,0.001,adult/seed123/natural/fnf_paper6_age_gamma0.9_made100,,,,,,,,,,,,,,,,
adult,123,natural,fnf,categorical,,0.9,paper6_age,50,False,model seed = shard seed; splits fixed,1,100,100,[20],0.001,0.0001,4,"[30, 30]",60,0.01,0.001,adult/seed123/natural/fnf_paper6_age_gamma0.9_made50,,,,,,,,,,,,,,,,
adult,123,natural,fnf,categorical,,0.0,paper6_age,100,False,model seed = shard seed; splits fixed,1,100,100,[20],0.001,0.0001,4,"[30, 30]",60,0.01,0.001,adult/seed123/natural/fnf_paper6_age_gamma0_made100,,,,,,,,,,,,,,,,
adult,123,natural,fnf,categorical,,0.0,paper6_age,50,False,model seed = shard seed; splits fixed,1,100,100,[20],0.001,0.0001,4,"[30, 30]",60,0.01,0.001,adult/seed123/natural/fnf_paper6_age_gamma0_made50,,,,,,,,,,,,,,,,
adult,123,natural,fnf,categorical,,1.0,paper6_age,100,False,model seed = shard seed; splits fixed,1,100,100,[20],0.001,0.0001,4,"[30, 30]",60,0.01,0.001,adult/seed123/natural/fnf_paper6_age_gamma1_made100,,,,,,,,,,,,,,,,
adult,123,natural,fnf,categorical,,1.0,paper6_age,50,False,model seed = shard seed; splits fixed,1,100,100,[20],0.001,0.0001,4,"[30, 30]",60,0.01,0.001,adult/seed123/natural/fnf_paper6_age_gamma1_made50,,,,,,,,,,,,,,,,
adult,123,natural,fnf,categorical,,0.02,paper6,100,False,model seed = shard seed; splits fixed,1,100,100,[20],0.001,0.0001,4,"[30, 30]",60,0.01,0.001,adult/seed123/natural/fnf_paper6_gamma0.02_made100,,,,,,,,,,,,,,,,
adult,123,natural,fnf,categorical,,0.02,paper6,50,False,model seed = shard seed; splits fixed,1,100,100,[20],0.001,0.0001,4,"[30, 30]",60,0.01,0.001,adult/seed123/natural/fnf_paper6_gamma0.02_made50,,,,,,,,,,,,,,,,
adult,123,natural,fnf,categorical,,0.1,paper6,100,False,model seed = shard seed; splits fixed,1,100,100,[20],0.001,0.0001,4,"[30, 30]",60,0.01,0.001,adult/seed123/natural/fnf_paper6_gamma0.1_made100,,,,,,,,,,,,,,,,
adult,123,natural,fnf,categorical,,0.1,paper6,50,False,model seed = shard seed; splits fixed,1,100,100,[20],0.001,0.0001,4,"[30, 30]",60,0.01,0.001,adult/seed123/natural/fnf_paper6_gamma0.1_made50,,,,,,,,,,,,,,,,
adult,123,natural,fnf,categorical,,0.2,paper6,100,False,model seed = shard seed; splits fixed,1,100,100,[20],0.001,0.0001,4,"[30, 30]",60,0.01,0.001,adult/seed123/natural/fnf_paper6_gamma0.2_made100,,,,,,,,,,,,,,,,
adult,123,natural,fnf,categorical,,0.2,paper6,50,False,model seed = shard seed; splits fixed,1,100,100,[20],0.001,0.0001,4,"[30, 30]",60,0.01,0.001,adult/seed123/natural/fnf_paper6_gamma0.2_made50,,,,,,,,,,,,,,,,
adult,123,natural,fnf,categorical,,0.5,paper6,100,False,model seed = shard seed; splits fixed,1,100,100,[20],0.001,0.0001,4,"[30, 30]",60,0.01,0.001,adult/seed123/natural/fnf_paper6_gamma0.5_made100,,,,,,,,,,,,,,,,
adult,123,natural,fnf,categorical,,0.5,paper6,50,False,model seed = shard seed; splits fixed,1,100,100,[20],0.001,0.0001,4,"[30, 30]",60,0.01,0.001,adult/seed123/natural/fnf_paper6_gamma0.5_made50,,,,,,,,,,,,,,,,
adult,123,natural,fnf,categorical,,0.9,paper6,100,False,model seed = shard seed; splits fixed,1,100,100,[20],0.001,0.0001,4,"[30, 30]",60,0.01,0.001,adult/seed123/natural/fnf_paper6_gamma0.9_made100,,,,,,,,,,,,,,,,
adult,123,natural,fnf,categorical,,0.9,paper6,50,False,model seed = shard seed; splits fixed,1,100,100,[20],0.001,0.0001,4,"[30, 30]",60,0.01,0.001,adult/seed123/natural/fnf_paper6_gamma0.9_made50,,,,,,,,,,,,,,,,
adult,123,natural,fnf,categorical,,0.0,paper6,100,False,model seed = shard seed; splits fixed,1,100,100,[20],0.001,0.0001,4,"[30, 30]",60,0.01,0.001,adult/seed123/natural/fnf_paper6_gamma0_made100,,,,,,,,,,,,,,,,
adult,123,natural,fnf,categorical,,0.0,paper6,50,False,model seed = shard seed; splits fixed,1,100,100,[20],0.001,0.0001,4,"[30, 30]",60,0.01,0.001,adult/seed123/natural/fnf_paper6_gamma0_made50,,,,,,,,,,,,,,,,
adult,123,natural,fnf,categorical,,1.0,paper6,100,False,model seed = shard seed; splits fixed,1,100,100,[20],0.001,0.0001,4,"[30, 30]",60,0.01,0.001,adult/seed123/natural/fnf_paper6_gamma1_made100,,,,,,,,,,,,,,,,
adult,123,natural,fnf,categorical,,1.0,paper6,50,False,model seed = shard seed; splits fixed,1,100,100,[20],0.001,0.0001,4,"[30, 30]",60,0.01,0.001,adult/seed123/natural/fnf_paper6_gamma1_made50,,,,,,,,,,,,,,,,
adult,123,shift50,fnf,categorical_conditional,y,0.5,paper6_age,50,False,model seed = shard seed; splits fixed,,100,100,[20],0.001,0.0001,4,"[30, 30]",60,0.01,0.001,adult/seed123/shift50/cfnf_paper6_age_cond-y_gamma0.5_made50,,,,,,,,,,,,,,,,
adult,123,shift50,fnf,categorical_conditional,y,1.0,paper6_age,50,False,model seed = shard seed; splits fixed,,100,100,[20],0.001,0.0001,4,"[30, 30]",60,0.01,0.001,adult/seed123/shift50/cfnf_paper6_age_cond-y_gamma1_made50,,,,,,,,,,,,,,,,
adult,123,shift50,fnf,categorical_conditional,yhat,0.5,paper6_age,50,False,model seed = shard seed; splits fixed,,100,100,[20],0.001,0.0001,4,"[30, 30]",60,0.01,0.001,adult/seed123/shift50/cfnf_paper6_age_cond-yhat_gamma0.5_made50,,,,,,,,,,,,,,,,
adult,123,shift50,fnf,categorical_conditional,yhat,1.0,paper6_age,50,False,model seed = shard seed; splits fixed,,100,100,[20],0.001,0.0001,4,"[30, 30]",60,0.01,0.001,adult/seed123/shift50/cfnf_paper6_age_cond-yhat_gamma1_made50,,,,,,,,,,,,,,,,
adult,123,shift50,erm,,,,paper6,,False,model seed = shard seed; splits fixed,,100,100,[20],0.001,0.0001,4,"[30, 30]",60,0.01,0.001,adult/seed123/shift50/erm_paper6,,,,,,,,,,,,,,,,
adult,123,shift50,erm,,,,paper6_age,,False,model seed = shard seed; splits fixed,,100,100,[20],0.001,0.0001,4,"[30, 30]",60,0.01,0.001,adult/seed123/shift50/erm_paper6_age,,,,,,,,,,,,,,,,
adult,123,shift50,fnf,categorical,,0.02,paper6_age,100,False,model seed = shard seed; splits fixed,1,100,100,[20],0.001,0.0001,4,"[30, 30]",60,0.01,0.001,adult/seed123/shift50/fnf_paper6_age_gamma0.02_made100,,,,,,,,,,,,,,,,
adult,123,shift50,fnf,categorical,,0.02,paper6_age,50,False,model seed = shard seed; splits fixed,1,100,100,[20],0.001,0.0001,4,"[30, 30]",60,0.01,0.001,adult/seed123/shift50/fnf_paper6_age_gamma0.02_made50,,,,,,,,,,,,,,,,
adult,123,shift50,fnf,categorical,,0.1,paper6_age,100,False,model seed = shard seed; splits fixed,1,100,100,[20],0.001,0.0001,4,"[30, 30]",60,0.01,0.001,adult/seed123/shift50/fnf_paper6_age_gamma0.1_made100,,,,,,,,,,,,,,,,
adult,123,shift50,fnf,categorical,,0.1,paper6_age,50,False,model seed = shard seed; splits fixed,1,100,100,[20],0.001,0.0001,4,"[30, 30]",60,0.01,0.001,adult/seed123/shift50/fnf_paper6_age_gamma0.1_made50,,,,,,,,,,,,,,,,
adult,123,shift50,fnf,categorical,,0.2,paper6_age,100,False,model seed = shard seed; splits fixed,1,100,100,[20],0.001,0.0001,4,"[30, 30]",60,0.01,0.001,adult/seed123/shift50/fnf_paper6_age_gamma0.2_made100,,,,,,,,,,,,,,,,
adult,123,shift50,fnf,categorical,,0.2,paper6_age,50,False,model seed = shard seed; splits fixed,1,100,100,[20],0.001,0.0001,4,"[30, 30]",60,0.01,0.001,adult/seed123/shift50/fnf_paper6_age_gamma0.2_made50,,,,,,,,,,,,,,,,
adult,123,shift50,fnf,categorical,,0.5,paper6_age,100,False,model seed = shard seed; splits fixed,1,100,100,[20],0.001,0.0001,4,"[30, 30]",60,0.01,0.001,adult/seed123/shift50/fnf_paper6_age_gamma0.5_made100,,,,,,,,,,,,,,,,
adult,123,shift50,fnf,categorical,,0.5,paper6_age,50,False,model seed = shard seed; splits fixed,1,100,100,[20],0.001,0.0001,4,"[30, 30]",60,0.01,0.001,adult/seed123/shift50/fnf_paper6_age_gamma0.5_made50,,,,,,,,,,,,,,,,
adult,123,shift50,fnf,categorical,,0.9,paper6_age,100,False,model seed = shard seed; splits fixed,1,100,100,[20],0.001,0.0001,4,"[30, 30]",60,0.01,0.001,adult/seed123/shift50/fnf_paper6_age_gamma0.9_made100,,,,,,,,,,,,,,,,
adult,123,shift50,fnf,categorical,,0.9,paper6_age,50,False,model seed = shard seed; splits fixed,1,100,100,[20],0.001,0.0001,4,"[30, 30]",60,0.01,0.001,adult/seed123/shift50/fnf_paper6_age_gamma0.9_made50,,,,,,,,,,,,,,,,
adult,123,shift50,fnf,categorical,,0.0,paper6_age,100,False,model seed = shard seed; splits fixed,1,100,100,[20],0.001,0.0001,4,"[30, 30]",60,0.01,0.001,adult/seed123/shift50/fnf_paper6_age_gamma0_made100,,,,,,,,,,,,,,,,
adult,123,shift50,fnf,categorical,,0.0,paper6_age,50,False,model seed = shard seed; splits fixed,1,100,100,[20],0.001,0.0001,4,"[30, 30]",60,0.01,0.001,adult/seed123/shift50/fnf_paper6_age_gamma0_made50,,,,,,,,,,,,,,,,
adult,123,shift50,fnf,categorical,,1.0,paper6_age,100,False,model seed = shard seed; splits fixed,1,100,100,[20],0.001,0.0001,4,"[30, 30]",60,0.01,0.001,adult/seed123/shift50/fnf_paper6_age_gamma1_made100,,,,,,,,,,,,,,,,
adult,123,shift50,fnf,categorical,,1.0,paper6_age,50,False,model seed = shard seed; splits fixed,1,100,100,[20],0.001,0.0001,4,"[30, 30]",60,0.01,0.001,adult/seed123/shift50/fnf_paper6_age_gamma1_made50,,,,,,,,,,,,,,,,
adult,123,shift50,fnf,categorical,,0.02,paper6,100,False,model seed = shard seed; splits fixed,1,100,100,[20],0.001,0.0001,4,"[30, 30]",60,0.01,0.001,adult/seed123/shift50/fnf_paper6_gamma0.02_made100,,,,,,,,,,,,,,,,
adult,123,shift50,fnf,categorical,,0.02,paper6,50,False,model seed = shard seed; splits fixed,1,100,100,[20],0.001,0.0001,4,"[30, 30]",60,0.01,0.001,adult/seed123/shift50/fnf_paper6_gamma0.02_made50,,,,,,,,,,,,,,,,
adult,123,shift50,fnf,categorical,,0.1,paper6,100,False,model seed = shard seed; splits fixed,1,100,100,[20],0.001,0.0001,4,"[30, 30]",60,0.01,0.001,adult/seed123/shift50/fnf_paper6_gamma0.1_made100,,,,,,,,,,,,,,,,
adult,123,shift50,fnf,categorical,,0.1,paper6,50,False,model seed = shard seed; splits fixed,1,100,100,[20],0.001,0.0001,4,"[30, 30]",60,0.01,0.001,adult/seed123/shift50/fnf_paper6_gamma0.1_made50,,,,,,,,,,,,,,,,
adult,123,shift50,fnf,categorical,,0.2,paper6,100,False,model seed = shard seed; splits fixed,1,100,100,[20],0.001,0.0001,4,"[30, 30]",60,0.01,0.001,adult/seed123/shift50/fnf_paper6_gamma0.2_made100,,,,,,,,,,,,,,,,
adult,123,shift50,fnf,categorical,,0.2,paper6,50,False,model seed = shard seed; splits fixed,1,100,100,[20],0.001,0.0001,4,"[30, 30]",60,0.01,0.001,adult/seed123/shift50/fnf_paper6_gamma0.2_made50,,,,,,,,,,,,,,,,
adult,123,shift50,fnf,categorical,,0.5,paper6,100,False,model seed = shard seed; splits fixed,1,100,100,[20],0.001,0.0001,4,"[30, 30]",60,0.01,0.001,adult/seed123/shift50/fnf_paper6_gamma0.5_made100,,,,,,,,,,,,,,,,
adult,123,shift50,fnf,categorical,,0.5,paper6,50,False,model seed = shard seed; splits fixed,1,100,100,[20],0.001,0.0001,4,"[30, 30]",60,0.01,0.001,adult/seed123/shift50/fnf_paper6_gamma0.5_made50,,,,,,,,,,,,,,,,
adult,123,shift50,fnf,categorical,,0.9,paper6,100,False,model seed = shard seed; splits fixed,1,100,100,[20],0.001,0.0001,4,"[30, 30]",60,0.01,0.001,adult/seed123/shift50/fnf_paper6_gamma0.9_made100,,,,,,,,,,,,,,,,
adult,123,shift50,fnf,categorical,,0.9,paper6,50,False,model seed = shard seed; splits fixed,1,100,100,[20],0.001,0.0001,4,"[30, 30]",60,0.01,0.001,adult/seed123/shift50/fnf_paper6_gamma0.9_made50,,,,,,,,,,,,,,,,
adult,123,shift50,fnf,categorical,,0.0,paper6,100,False,model seed = shard seed; splits fixed,1,100,100,[20],0.001,0.0001,4,"[30, 30]",60,0.01,0.001,adult/seed123/shift50/fnf_paper6_gamma0_made100,,,,,,,,,,,,,,,,
adult,123,shift50,fnf,categorical,,0.0,paper6,50,False,model seed = shard seed; splits fixed,1,100,100,[20],0.001,0.0001,4,"[30, 30]",60,0.01,0.001,adult/seed123/shift50/fnf_paper6_gamma0_made50,,,,,,,,,,,,,,,,
adult,123,shift50,fnf,categorical,,1.0,paper6,100,False,model seed = shard seed; splits fixed,1,100,100,[20],0.001,0.0001,4,"[30, 30]",60,0.01,0.001,adult/seed123/shift50/fnf_paper6_gamma1_made100,,,,,,,,,,,,,,,,
adult,123,shift50,fnf,categorical,,1.0,paper6,50,False,model seed = shard seed; splits fixed,1,100,100,[20],0.001,0.0001,4,"[30, 30]",60,0.01,0.001,adult/seed123/shift50/fnf_paper6_gamma1_made50,,,,,,,,,,,,,,,,
adult,123,shift75,fnf,categorical_conditional,y,0.5,paper6_age,50,False,model seed = shard seed; splits fixed,,100,100,[20],0.001,0.0001,4,"[30, 30]",60,0.01,0.001,adult/seed123/shift75/cfnf_paper6_age_cond-y_gamma0.5_made50,,,,,,,,,,,,,,,,
adult,123,shift75,fnf,categorical_conditional,y,1.0,paper6_age,50,False,model seed = shard seed; splits fixed,,100,100,[20],0.001,0.0001,4,"[30, 30]",60,0.01,0.001,adult/seed123/shift75/cfnf_paper6_age_cond-y_gamma1_made50,,,,,,,,,,,,,,,,
adult,123,shift75,fnf,categorical_conditional,yhat,0.5,paper6_age,50,False,model seed = shard seed; splits fixed,,100,100,[20],0.001,0.0001,4,"[30, 30]",60,0.01,0.001,adult/seed123/shift75/cfnf_paper6_age_cond-yhat_gamma0.5_made50,,,,,,,,,,,,,,,,
adult,123,shift75,fnf,categorical_conditional,yhat,1.0,paper6_age,50,False,model seed = shard seed; splits fixed,,100,100,[20],0.001,0.0001,4,"[30, 30]",60,0.01,0.001,adult/seed123/shift75/cfnf_paper6_age_cond-yhat_gamma1_made50,,,,,,,,,,,,,,,,
adult,123,shift75,erm,,,,paper6,,False,model seed = shard seed; splits fixed,,100,100,[20],0.001,0.0001,4,"[30, 30]",60,0.01,0.001,adult/seed123/shift75/erm_paper6,,,,,,,,,,,,,,,,
adult,123,shift75,erm,,,,paper6_age,,False,model seed = shard seed; splits fixed,,100,100,[20],0.001,0.0001,4,"[30, 30]",60,0.01,0.001,adult/seed123/shift75/erm_paper6_age,,,,,,,,,,,,,,,,
adult,123,shift75,fnf,categorical,,0.02,paper6_age,100,False,model seed = shard seed; splits fixed,1,100,100,[20],0.001,0.0001,4,"[30, 30]",60,0.01,0.001,adult/seed123/shift75/fnf_paper6_age_gamma0.02_made100,,,,,,,,,,,,,,,,
adult,123,shift75,fnf,categorical,,0.02,paper6_age,50,False,model seed = shard seed; splits fixed,1,100,100,[20],0.001,0.0001,4,"[30, 30]",60,0.01,0.001,adult/seed123/shift75/fnf_paper6_age_gamma0.02_made50,,,,,,,,,,,,,,,,
adult,123,shift75,fnf,categorical,,0.1,paper6_age,100,False,model seed = shard seed; splits fixed,1,100,100,[20],0.001,0.0001,4,"[30, 30]",60,0.01,0.001,adult/seed123/shift75/fnf_paper6_age_gamma0.1_made100,,,,,,,,,,,,,,,,
adult,123,shift75,fnf,categorical,,0.1,paper6_age,50,False,model seed = shard seed; splits fixed,1,100,100,[20],0.001,0.0001,4,"[30, 30]",60,0.01,0.001,adult/seed123/shift75/fnf_paper6_age_gamma0.1_made50,,,,,,,,,,,,,,,,
adult,123,shift75,fnf,categorical,,0.2,paper6_age,100,False,model seed = shard seed; splits fixed,1,100,100,[20],0.001,0.0001,4,"[30, 30]",60,0.01,0.001,adult/seed123/shift75/fnf_paper6_age_gamma0.2_made100,,,,,,,,,,,,,,,,
adult,123,shift75,fnf,categorical,,0.2,paper6_age,50,False,model seed = shard seed; splits fixed,1,100,100,[20],0.001,0.0001,4,"[30, 30]",60,0.01,0.001,adult/seed123/shift75/fnf_paper6_age_gamma0.2_made50,,,,,,,,,,,,,,,,
adult,123,shift75,fnf,categorical,,0.5,paper6_age,100,False,model seed = shard seed; splits fixed,1,100,100,[20],0.001,0.0001,4,"[30, 30]",60,0.01,0.001,adult/seed123/shift75/fnf_paper6_age_gamma0.5_made100,,,,,,,,,,,,,,,,
adult,123,shift75,fnf,categorical,,0.5,paper6_age,50,False,model seed = shard seed; splits fixed,1,100,100,[20],0.001,0.0001,4,"[30, 30]",60,0.01,0.001,adult/seed123/shift75/fnf_paper6_age_gamma0.5_made50,,,,,,,,,,,,,,,,
adult,123,shift75,fnf,categorical,,0.9,paper6_age,100,False,model seed = shard seed; splits fixed,1,100,100,[20],0.001,0.0001,4,"[30, 30]",60,0.01,0.001,adult/seed123/shift75/fnf_paper6_age_gamma0.9_made100,,,,,,,,,,,,,,,,
adult,123,shift75,fnf,categorical,,0.9,paper6_age,50,False,model seed = shard seed; splits fixed,1,100,100,[20],0.001,0.0001,4,"[30, 30]",60,0.01,0.001,adult/seed123/shift75/fnf_paper6_age_gamma0.9_made50,,,,,,,,,,,,,,,,
adult,123,shift75,fnf,categorical,,0.0,paper6_age,100,False,model seed = shard seed; splits fixed,1,100,100,[20],0.001,0.0001,4,"[30, 30]",60,0.01,0.001,adult/seed123/shift75/fnf_paper6_age_gamma0_made100,,,,,,,,,,,,,,,,
adult,123,shift75,fnf,categorical,,0.0,paper6_age,50,False,model seed = shard seed; splits fixed,1,100,100,[20],0.001,0.0001,4,"[30, 30]",60,0.01,0.001,adult/seed123/shift75/fnf_paper6_age_gamma0_made50,,,,,,,,,,,,,,,,
adult,123,shift75,fnf,categorical,,1.0,paper6_age,100,False,model seed = shard seed; splits fixed,1,100,100,[20],0.001,0.0001,4,"[30, 30]",60,0.01,0.001,adult/seed123/shift75/fnf_paper6_age_gamma1_made100,,,,,,,,,,,,,,,,
adult,123,shift75,fnf,categorical,,1.0,paper6_age,50,False,model seed = shard seed; splits fixed,1,100,100,[20],0.001,0.0001,4,"[30, 30]",60,0.01,0.001,adult/seed123/shift75/fnf_paper6_age_gamma1_made50,,,,,,,,,,,,,,,,
adult,123,shift75,fnf,categorical,,0.02,paper6,100,False,model seed = shard seed; splits fixed,1,100,100,[20],0.001,0.0001,4,"[30, 30]",60,0.01,0.001,adult/seed123/shift75/fnf_paper6_gamma0.02_made100,,,,,,,,,,,,,,,,
adult,123,shift75,fnf,categorical,,0.02,paper6,50,False,model seed = shard seed; splits fixed,1,100,100,[20],0.001,0.0001,4,"[30, 30]",60,0.01,0.001,adult/seed123/shift75/fnf_paper6_gamma0.02_made50,,,,,,,,,,,,,,,,
adult,123,shift75,fnf,categorical,,0.1,paper6,100,False,model seed = shard seed; splits fixed,1,100,100,[20],0.001,0.0001,4,"[30, 30]",60,0.01,0.001,adult/seed123/shift75/fnf_paper6_gamma0.1_made100,,,,,,,,,,,,,,,,
adult,123,shift75,fnf,categorical,,0.1,paper6,50,False,model seed = shard seed; splits fixed,1,100,100,[20],0.001,0.0001,4,"[30, 30]",60,0.01,0.001,adult/seed123/shift75/fnf_paper6_gamma0.1_made50,,,,,,,,,,,,,,,,
adult,123,shift75,fnf,categorical,,0.2,paper6,100,False,model seed = shard seed; splits fixed,1,100,100,[20],0.001,0.0001,4,"[30, 30]",60,0.01,0.001,adult/seed123/shift75/fnf_paper6_gamma0.2_made100,,,,,,,,,,,,,,,,
adult,123,shift75,fnf,categorical,,0.2,paper6,50,False,model seed = shard seed; splits fixed,1,100,100,[20],0.001,0.0001,4,"[30, 30]",60,0.01,0.001,adult/seed123/shift75/fnf_paper6_gamma0.2_made50,,,,,,,,,,,,,,,,
adult,123,shift75,fnf,categorical,,0.5,paper6,100,False,model seed = shard seed; splits fixed,1,100,100,[20],0.001,0.0001,4,"[30, 30]",60,0.01,0.001,adult/seed123/shift75/fnf_paper6_gamma0.5_made100,,,,,,,,,,,,,,,,
adult,123,shift75,fnf,categorical,,0.5,paper6,50,False,model seed = shard seed; splits fixed,1,100,100,[20],0.001,0.0001,4,"[30, 30]",60,0.01,0.001,adult/seed123/shift75/fnf_paper6_gamma0.5_made50,,,,,,,,,,,,,,,,
adult,123,shift75,fnf,categorical,,0.9,paper6,100,False,model seed = shard seed; splits fixed,1,100,100,[20],0.001,0.0001,4,"[30, 30]",60,0.01,0.001,adult/seed123/shift75/fnf_paper6_gamma0.9_made100,,,,,,,,,,,,,,,,
adult,123,shift75,fnf,categorical,,0.9,paper6,50,False,model seed = shard seed; splits fixed,1,100,100,[20],0.001,0.0001,4,"[30, 30]",60,0.01,0.001,adult/seed123/shift75/fnf_paper6_gamma0.9_made50,,,,,,,,,,,,,,,,
adult,123,shift75,fnf,categorical,,0.0,paper6,100,False,model seed = shard seed; splits fixed,1,100,100,[20],0.001,0.0001,4,"[30, 30]",60,0.01,0.001,adult/seed123/shift75/fnf_paper6_gamma0_made100,,,,,,,,,,,,,,,,
adult,123,shift75,fnf,categorical,,0.0,paper6,50,False,model seed = shard seed; splits fixed,1,100,100,[20],0.001,0.0001,4,"[30, 30]",60,0.01,0.001,adult/seed123/shift75/fnf_paper6_gamma0_made50,,,,,,,,,,,,,,,,
adult,123,shift75,fnf,categorical,,1.0,paper6,100,False,model seed = shard seed; splits fixed,1,100,100,[20],0.001,0.0001,4,"[30, 30]",60,0.01,0.001,adult/seed123/shift75/fnf_paper6_gamma1_made100,,,,,,,,,,,,,,,,
adult,123,shift75,fnf,categorical,,1.0,paper6,50,False,model seed = shard seed; splits fixed,1,100,100,[20],0.001,0.0001,4,"[30, 30]",60,0.01,0.001,adult/seed123/shift75/fnf_paper6_gamma1_made50,,,,,,,,,,,,,,,,
adult,42,equalized,fnf,categorical_conditional,y,0.5,paper6_age,50,False,model seed = shard seed; splits fixed,,100,100,[20],0.001,0.0001,4,"[30, 30]",60,0.01,0.001,adult/seed42/equalized/cfnf_paper6_age_cond-y_gamma0.5_made50,,,,,,,,,,,,,,,,
adult,42,equalized,fnf,categorical_conditional,y,1.0,paper6_age,50,False,model seed = shard seed; splits fixed,,100,100,[20],0.001,0.0001,4,"[30, 30]",60,0.01,0.001,adult/seed42/equalized/cfnf_paper6_age_cond-y_gamma1_made50,,,,,,,,,,,,,,,,
adult,42,equalized,fnf,categorical_conditional,yhat,0.5,paper6_age,50,False,model seed = shard seed; splits fixed,,100,100,[20],0.001,0.0001,4,"[30, 30]",60,0.01,0.001,adult/seed42/equalized/cfnf_paper6_age_cond-yhat_gamma0.5_made50,,,,,,,,,,,,,,,,
adult,42,equalized,fnf,categorical_conditional,yhat,1.0,paper6_age,50,False,model seed = shard seed; splits fixed,,100,100,[20],0.001,0.0001,4,"[30, 30]",60,0.01,0.001,adult/seed42/equalized/cfnf_paper6_age_cond-yhat_gamma1_made50,,,,,,,,,,,,,,,,
adult,42,equalized,erm,,,,paper6,,False,model seed = shard seed; splits fixed,,100,100,[20],0.001,0.0001,4,"[30, 30]",60,0.01,0.001,adult/seed42/equalized/erm_paper6,,,,,,,,,,,,,,,,
adult,42,equalized,erm,,,,paper6_age,,False,model seed = shard seed; splits fixed,,100,100,[20],0.001,0.0001,4,"[30, 30]",60,0.01,0.001,adult/seed42/equalized/erm_paper6_age,,,,,,,,,,,,,,,,
adult,42,equalized,fnf,categorical,,0.02,paper6_age,100,False,model seed = shard seed; splits fixed,1,100,100,[20],0.001,0.0001,4,"[30, 30]",60,0.01,0.001,adult/seed42/equalized/fnf_paper6_age_gamma0.02_made100,,,,,,,,,,,,,,,,
adult,42,equalized,fnf,categorical,,0.02,paper6_age,50,False,model seed = shard seed; splits fixed,1,100,100,[20],0.001,0.0001,4,"[30, 30]",60,0.01,0.001,adult/seed42/equalized/fnf_paper6_age_gamma0.02_made50,,,,,,,,,,,,,,,,
adult,42,equalized,fnf,categorical,,0.1,paper6_age,100,False,model seed = shard seed; splits fixed,1,100,100,[20],0.001,0.0001,4,"[30, 30]",60,0.01,0.001,adult/seed42/equalized/fnf_paper6_age_gamma0.1_made100,,,,,,,,,,,,,,,,
adult,42,equalized,fnf,categorical,,0.1,paper6_age,50,False,model seed = shard seed; splits fixed,1,100,100,[20],0.001,0.0001,4,"[30, 30]",60,0.01,0.001,adult/seed42/equalized/fnf_paper6_age_gamma0.1_made50,,,,,,,,,,,,,,,,
adult,42,equalized,fnf,categorical,,0.2,paper6_age,100,False,model seed = shard seed; splits fixed,1,100,100,[20],0.001,0.0001,4,"[30, 30]",60,0.01,0.001,adult/seed42/equalized/fnf_paper6_age_gamma0.2_made100,,,,,,,,,,,,,,,,
adult,42,equalized,fnf,categorical,,0.2,paper6_age,50,False,model seed = shard seed; splits fixed,1,100,100,[20],0.001,0.0001,4,"[30, 30]",60,0.01,0.001,adult/seed42/equalized/fnf_paper6_age_gamma0.2_made50,,,,,,,,,,,,,,,,
adult,42,equalized,fnf,categorical,,0.5,paper6_age,100,False,model seed = shard seed; splits fixed,1,100,100,[20],0.001,0.0001,4,"[30, 30]",60,0.01,0.001,adult/seed42/equalized/fnf_paper6_age_gamma0.5_made100,,,,,,,,,,,,,,,,
adult,42,equalized,fnf,categorical,,0.5,paper6_age,50,False,model seed = shard seed; splits fixed,1,100,100,[20],0.001,0.0001,4,"[30, 30]",60,0.01,0.001,adult/seed42/equalized/fnf_paper6_age_gamma0.5_made50,,,,,,,,,,,,,,,,
adult,42,equalized,fnf,categorical,,0.9,paper6_age,100,False,model seed = shard seed; splits fixed,1,100,100,[20],0.001,0.0001,4,"[30, 30]",60,0.01,0.001,adult/seed42/equalized/fnf_paper6_age_gamma0.9_made100,,,,,,,,,,,,,,,,
adult,42,equalized,fnf,categorical,,0.9,paper6_age,50,False,model seed = shard seed; splits fixed,1,100,100,[20],0.001,0.0001,4,"[30, 30]",60,0.01,0.001,adult/seed42/equalized/fnf_paper6_age_gamma0.9_made50,,,,,,,,,,,,,,,,
adult,42,equalized,fnf,categorical,,0.0,paper6_age,100,False,model seed = shard seed; splits fixed,1,100,100,[20],0.001,0.0001,4,"[30, 30]",60,0.01,0.001,adult/seed42/equalized/fnf_paper6_age_gamma0_made100,,,,,,,,,,,,,,,,
adult,42,equalized,fnf,categorical,,0.0,paper6_age,50,False,model seed = shard seed; splits fixed,1,100,100,[20],0.001,0.0001,4,"[30, 30]",60,0.01,0.001,adult/seed42/equalized/fnf_paper6_age_gamma0_made50,,,,,,,,,,,,,,,,
adult,42,equalized,fnf,categorical,,1.0,paper6_age,100,False,model seed = shard seed; splits fixed,1,100,100,[20],0.001,0.0001,4,"[30, 30]",60,0.01,0.001,adult/seed42/equalized/fnf_paper6_age_gamma1_made100,,,,,,,,,,,,,,,,
adult,42,equalized,fnf,categorical,,1.0,paper6_age,50,False,model seed = shard seed; splits fixed,1,100,100,[20],0.001,0.0001,4,"[30, 30]",60,0.01,0.001,adult/seed42/equalized/fnf_paper6_age_gamma1_made50,,,,,,,,,,,,,,,,
adult,42,equalized,fnf,categorical,,0.02,paper6,100,False,model seed = shard seed; splits fixed,1,100,100,[20],0.001,0.0001,4,"[30, 30]",60,0.01,0.001,adult/seed42/equalized/fnf_paper6_gamma0.02_made100,,,,,,,,,,,,,,,,
adult,42,equalized,fnf,categorical,,0.02,paper6,50,False,model seed = shard seed; splits fixed,1,100,100,[20],0.001,0.0001,4,"[30, 30]",60,0.01,0.001,adult/seed42/equalized/fnf_paper6_gamma0.02_made50,,,,,,,,,,,,,,,,
adult,42,equalized,fnf,categorical,,0.1,paper6,100,False,model seed = shard seed; splits fixed,1,100,100,[20],0.001,0.0001,4,"[30, 30]",60,0.01,0.001,adult/seed42/equalized/fnf_paper6_gamma0.1_made100,,,,,,,,,,,,,,,,
adult,42,equalized,fnf,categorical,,0.1,paper6,50,False,model seed = shard seed; splits fixed,1,100,100,[20],0.001,0.0001,4,"[30, 30]",60,0.01,0.001,adult/seed42/equalized/fnf_paper6_gamma0.1_made50,,,,,,,,,,,,,,,,
adult,42,equalized,fnf,categorical,,0.2,paper6,100,False,model seed = shard seed; splits fixed,1,100,100,[20],0.001,0.0001,4,"[30, 30]",60,0.01,0.001,adult/seed42/equalized/fnf_paper6_gamma0.2_made100,,,,,,,,,,,,,,,,
adult,42,equalized,fnf,categorical,,0.2,paper6,50,False,model seed = shard seed; splits fixed,1,100,100,[20],0.001,0.0001,4,"[30, 30]",60,0.01,0.001,adult/seed42/equalized/fnf_paper6_gamma0.2_made50,,,,,,,,,,,,,,,,
adult,42,equalized,fnf,categorical,,0.5,paper6,100,False,model seed = shard seed; splits fixed,1,100,100,[20],0.001,0.0001,4,"[30, 30]",60,0.01,0.001,adult/seed42/equalized/fnf_paper6_gamma0.5_made100,,,,,,,,,,,,,,,,
adult,42,equalized,fnf,categorical,,0.5,paper6,50,False,model seed = shard seed; splits fixed,1,100,100,[20],0.001,0.0001,4,"[30, 30]",60,0.01,0.001,adult/seed42/equalized/fnf_paper6_gamma0.5_made50,,,,,,,,,,,,,,,,
adult,42,equalized,fnf,categorical,,0.9,paper6,100,False,model seed = shard seed; splits fixed,1,100,100,[20],0.001,0.0001,4,"[30, 30]",60,0.01,0.001,adult/seed42/equalized/fnf_paper6_gamma0.9_made100,,,,,,,,,,,,,,,,
adult,42,equalized,fnf,categorical,,0.9,paper6,50,False,model seed = shard seed; splits fixed,1,100,100,[20],0.001,0.0001,4,"[30, 30]",60,0.01,0.001,adult/seed42/equalized/fnf_paper6_gamma0.9_made50,,,,,,,,,,,,,,,,
adult,42,equalized,fnf,categorical,,0.0,paper6,100,False,model seed = shard seed; splits fixed,1,100,100,[20],0.001,0.0001,4,"[30, 30]",60,0.01,0.001,adult/seed42/equalized/fnf_paper6_gamma0_made100,,,,,,,,,,,,,,,,
adult,42,equalized,fnf,categorical,,0.0,paper6,50,False,model seed = shard seed; splits fixed,1,100,100,[20],0.001,0.0001,4,"[30, 30]",60,0.01,0.001,adult/seed42/equalized/fnf_paper6_gamma0_made50,,,,,,,,,,,,,,,,
adult,42,equalized,fnf,categorical,,1.0,paper6,100,False,model seed = shard seed; splits fixed,1,100,100,[20],0.001,0.0001,4,"[30, 30]",60,0.01,0.001,adult/seed42/equalized/fnf_paper6_gamma1_made100,,,,,,,,,,,,,,,,
adult,42,equalized,fnf,categorical,,1.0,paper6,50,False,model seed = shard seed; splits fixed,1,100,100,[20],0.001,0.0001,4,"[30, 30]",60,0.01,0.001,adult/seed42/equalized/fnf_paper6_gamma1_made50,,,,,,,,,,,,,,,,
adult,42,natural,fnf,categorical_conditional,y,0.5,paper6_age,50,False,model seed = shard seed; splits fixed,,100,100,[20],0.001,0.0001,4,"[30, 30]",60,0.01,0.001,adult/seed42/natural/cfnf_paper6_age_cond-y_gamma0.5_made50,,,,,,,,,,,,,,,,
adult,42,natural,fnf,categorical_conditional,y,1.0,paper6_age,50,False,model seed = shard seed; splits fixed,,100,100,[20],0.001,0.0001,4,"[30, 30]",60,0.01,0.001,adult/seed42/natural/cfnf_paper6_age_cond-y_gamma1_made50,,,,,,,,,,,,,,,,
adult,42,natural,fnf,categorical_conditional,yhat,0.5,paper6_age,50,False,model seed = shard seed; splits fixed,,100,100,[20],0.001,0.0001,4,"[30, 30]",60,0.01,0.001,adult/seed42/natural/cfnf_paper6_age_cond-yhat_gamma0.5_made50,,,,,,,,,,,,,,,,
adult,42,natural,fnf,categorical_conditional,yhat,1.0,paper6_age,50,False,model seed = shard seed; splits fixed,,100,100,[20],0.001,0.0001,4,"[30, 30]",60,0.01,0.001,adult/seed42/natural/cfnf_paper6_age_cond-yhat_gamma1_made50,,,,,,,,,,,,,,,,
adult,42,natural,erm,,,,paper6,,False,model seed = shard seed; splits fixed,,100,100,[20],0.001,0.0001,4,"[30, 30]",60,0.01,0.001,adult/seed42/natural/erm_paper6,,,,,,,,,,,,,,,,
adult,42,natural,erm,,,,paper6_age,,False,model seed = shard seed; splits fixed,,100,100,[20],0.001,0.0001,4,"[30, 30]",60,0.01,0.001,adult/seed42/natural/erm_paper6_age,,,,,,,,,,,,,,,,
adult,42,natural,fnf,categorical,,0.02,paper6_age,100,False,model seed = shard seed; splits fixed,1,100,100,[20],0.001,0.0001,4,"[30, 30]",60,0.01,0.001,adult/seed42/natural/fnf_paper6_age_gamma0.02_made100,,,,,,,,,,,,,,,,
adult,42,natural,fnf,categorical,,0.02,paper6_age,50,False,model seed = shard seed; splits fixed,1,100,100,[20],0.001,0.0001,4,"[30, 30]",60,0.01,0.001,adult/seed42/natural/fnf_paper6_age_gamma0.02_made50,,,,,,,,,,,,,,,,
adult,42,natural,fnf,categorical,,0.1,paper6_age,100,False,model seed = shard seed; splits fixed,1,100,100,[20],0.001,0.0001,4,"[30, 30]",60,0.01,0.001,adult/seed42/natural/fnf_paper6_age_gamma0.1_made100,,,,,,,,,,,,,,,,
adult,42,natural,fnf,categorical,,0.1,paper6_age,50,False,model seed = shard seed; splits fixed,1,100,100,[20],0.001,0.0001,4,"[30, 30]",60,0.01,0.001,adult/seed42/natural/fnf_paper6_age_gamma0.1_made50,,,,,,,,,,,,,,,,
adult,42,natural,fnf,categorical,,0.2,paper6_age,100,False,model seed = shard seed; splits fixed,1,100,100,[20],0.001,0.0001,4,"[30, 30]",60,0.01,0.001,adult/seed42/natural/fnf_paper6_age_gamma0.2_made100,,,,,,,,,,,,,,,,
adult,42,natural,fnf,categorical,,0.2,paper6_age,50,False,model seed = shard seed; splits fixed,1,100,100,[20],0.001,0.0001,4,"[30, 30]",60,0.01,0.001,adult/seed42/natural/fnf_paper6_age_gamma0.2_made50,,,,,,,,,,,,,,,,
adult,42,natural,fnf,categorical,,0.5,paper6_age,100,False,model seed = shard seed; splits fixed,1,100,100,[20],0.001,0.0001,4,"[30, 30]",60,0.01,0.001,adult/seed42/natural/fnf_paper6_age_gamma0.5_made100,,,,,,,,,,,,,,,,
adult,42,natural,fnf,categorical,,0.5,paper6_age,50,False,model seed = shard seed; splits fixed,1,100,100,[20],0.001,0.0001,4,"[30, 30]",60,0.01,0.001,adult/seed42/natural/fnf_paper6_age_gamma0.5_made50,,,,,,,,,,,,,,,,
adult,42,natural,fnf,categorical,,0.9,paper6_age,100,False,model seed = shard seed; splits fixed,1,100,100,[20],0.001,0.0001,4,"[30, 30]",60,0.01,0.001,adult/seed42/natural/fnf_paper6_age_gamma0.9_made100,,,,,,,,,,,,,,,,
adult,42,natural,fnf,categorical,,0.9,paper6_age,50,False,model seed = shard seed; splits fixed,1,100,100,[20],0.001,0.0001,4,"[30, 30]",60,0.01,0.001,adult/seed42/natural/fnf_paper6_age_gamma0.9_made50,,,,,,,,,,,,,,,,
adult,42,natural,fnf,categorical,,0.0,paper6_age,100,False,model seed = shard seed; splits fixed,1,100,100,[20],0.001,0.0001,4,"[30, 30]",60,0.01,0.001,adult/seed42/natural/fnf_paper6_age_gamma0_made100,,,,,,,,,,,,,,,,
adult,42,natural,fnf,categorical,,0.0,paper6_age,50,False,model seed = shard seed; splits fixed,1,100,100,[20],0.001,0.0001,4,"[30, 30]",60,0.01,0.001,adult/seed42/natural/fnf_paper6_age_gamma0_made50,,,,,,,,,,,,,,,,
adult,42,natural,fnf,categorical,,1.0,paper6_age,100,False,model seed = shard seed; splits fixed,1,100,100,[20],0.001,0.0001,4,"[30, 30]",60,0.01,0.001,adult/seed42/natural/fnf_paper6_age_gamma1_made100,,,,,,,,,,,,,,,,
adult,42,natural,fnf,categorical,,1.0,paper6_age,50,False,model seed = shard seed; splits fixed,1,100,100,[20],0.001,0.0001,4,"[30, 30]",60,0.01,0.001,adult/seed42/natural/fnf_paper6_age_gamma1_made50,,,,,,,,,,,,,,,,
adult,42,natural,fnf,categorical,,0.02,paper6,100,False,model seed = shard seed; splits fixed,1,100,100,[20],0.001,0.0001,4,"[30, 30]",60,0.01,0.001,adult/seed42/natural/fnf_paper6_gamma0.02_made100,,,,,,,,,,,,,,,,
adult,42,natural,fnf,categorical,,0.02,paper6,50,False,model seed = shard seed; splits fixed,1,100,100,[20],0.001,0.0001,4,"[30, 30]",60,0.01,0.001,adult/seed42/natural/fnf_paper6_gamma0.02_made50,,,,,,,,,,,,,,,,
adult,42,natural,fnf,categorical,,0.1,paper6,100,False,model seed = shard seed; splits fixed,1,100,100,[20],0.001,0.0001,4,"[30, 30]",60,0.01,0.001,adult/seed42/natural/fnf_paper6_gamma0.1_made100,,,,,,,,,,,,,,,,
adult,42,natural,fnf,categorical,,0.1,paper6,50,False,model seed = shard seed; splits fixed,1,100,100,[20],0.001,0.0001,4,"[30, 30]",60,0.01,0.001,adult/seed42/natural/fnf_paper6_gamma0.1_made50,,,,,,,,,,,,,,,,
adult,42,natural,fnf,categorical,,0.2,paper6,100,False,model seed = shard seed; splits fixed,1,100,100,[20],0.001,0.0001,4,"[30, 30]",60,0.01,0.001,adult/seed42/natural/fnf_paper6_gamma0.2_made100,,,,,,,,,,,,,,,,
adult,42,natural,fnf,categorical,,0.2,paper6,50,False,model seed = shard seed; splits fixed,1,100,100,[20],0.001,0.0001,4,"[30, 30]",60,0.01,0.001,adult/seed42/natural/fnf_paper6_gamma0.2_made50,,,,,,,,,,,,,,,,
adult,42,natural,fnf,categorical,,0.5,paper6,100,False,model seed = shard seed; splits fixed,1,100,100,[20],0.001,0.0001,4,"[30, 30]",60,0.01,0.001,adult/seed42/natural/fnf_paper6_gamma0.5_made100,,,,,,,,,,,,,,,,
adult,42,natural,fnf,categorical,,0.5,paper6,50,False,model seed = shard seed; splits fixed,1,100,100,[20],0.001,0.0001,4,"[30, 30]",60,0.01,0.001,adult/seed42/natural/fnf_paper6_gamma0.5_made50,,,,,,,,,,,,,,,,
adult,42,natural,fnf,categorical,,0.9,paper6,100,False,model seed = shard seed; splits fixed,1,100,100,[20],0.001,0.0001,4,"[30, 30]",60,0.01,0.001,adult/seed42/natural/fnf_paper6_gamma0.9_made100,,,,,,,,,,,,,,,,
adult,42,natural,fnf,categorical,,0.9,paper6,50,False,model seed = shard seed; splits fixed,1,100,100,[20],0.001,0.0001,4,"[30, 30]",60,0.01,0.001,adult/seed42/natural/fnf_paper6_gamma0.9_made50,,,,,,,,,,,,,,,,
adult,42,natural,fnf,categorical,,0.0,paper6,100,False,model seed = shard seed; splits fixed,1,100,100,[20],0.001,0.0001,4,"[30, 30]",60,0.01,0.001,adult/seed42/natural/fnf_paper6_gamma0_made100,,,,,,,,,,,,,,,,
adult,42,natural,fnf,categorical,,0.0,paper6,50,False,model seed = shard seed; splits fixed,1,100,100,[20],0.001,0.0001,4,"[30, 30]",60,0.01,0.001,adult/seed42/natural/fnf_paper6_gamma0_made50,,,,,,,,,,,,,,,,
adult,42,natural,fnf,categorical,,1.0,paper6,100,False,model seed = shard seed; splits fixed,1,100,100,[20],0.001,0.0001,4,"[30, 30]",60,0.01,0.001,adult/seed42/natural/fnf_paper6_gamma1_made100,,,,,,,,,,,,,,,,
adult,42,natural,fnf,categorical,,1.0,paper6,50,False,model seed = shard seed; splits fixed,1,100,100,[20],0.001,0.0001,4,"[30, 30]",60,0.01,0.001,adult/seed42/natural/fnf_paper6_gamma1_made50,,,,,,,,,,,,,,,,
adult,42,shift50,fnf,categorical_conditional,y,0.5,paper6_age,50,False,model seed = shard seed; splits fixed,,100,100,[20],0.001,0.0001,4,"[30, 30]",60,0.01,0.001,adult/seed42/shift50/cfnf_paper6_age_cond-y_gamma0.5_made50,,,,,,,,,,,,,,,,
adult,42,shift50,fnf,categorical_conditional,y,1.0,paper6_age,50,False,model seed = shard seed; splits fixed,,100,100,[20],0.001,0.0001,4,"[30, 30]",60,0.01,0.001,adult/seed42/shift50/cfnf_paper6_age_cond-y_gamma1_made50,,,,,,,,,,,,,,,,
adult,42,shift50,fnf,categorical_conditional,yhat,0.5,paper6_age,50,False,model seed = shard seed; splits fixed,,100,100,[20],0.001,0.0001,4,"[30, 30]",60,0.01,0.001,adult/seed42/shift50/cfnf_paper6_age_cond-yhat_gamma0.5_made50,,,,,,,,,,,,,,,,
adult,42,shift50,fnf,categorical_conditional,yhat,1.0,paper6_age,50,False,model seed = shard seed; splits fixed,,100,100,[20],0.001,0.0001,4,"[30, 30]",60,0.01,0.001,adult/seed42/shift50/cfnf_paper6_age_cond-yhat_gamma1_made50,,,,,,,,,,,,,,,,
adult,42,shift50,erm,,,,paper6,,False,model seed = shard seed; splits fixed,,100,100,[20],0.001,0.0001,4,"[30, 30]",60,0.01,0.001,adult/seed42/shift50/erm_paper6,,,,,,,,,,,,,,,,
adult,42,shift50,erm,,,,paper6_age,,False,model seed = shard seed; splits fixed,,100,100,[20],0.001,0.0001,4,"[30, 30]",60,0.01,0.001,adult/seed42/shift50/erm_paper6_age,,,,,,,,,,,,,,,,
adult,42,shift50,fnf,categorical,,0.02,paper6_age,100,False,model seed = shard seed; splits fixed,1,100,100,[20],0.001,0.0001,4,"[30, 30]",60,0.01,0.001,adult/seed42/shift50/fnf_paper6_age_gamma0.02_made100,,,,,,,,,,,,,,,,
adult,42,shift50,fnf,categorical,,0.02,paper6_age,50,False,model seed = shard seed; splits fixed,1,100,100,[20],0.001,0.0001,4,"[30, 30]",60,0.01,0.001,adult/seed42/shift50/fnf_paper6_age_gamma0.02_made50,,,,,,,,,,,,,,,,
adult,42,shift50,fnf,categorical,,0.1,paper6_age,100,False,model seed = shard seed; splits fixed,1,100,100,[20],0.001,0.0001,4,"[30, 30]",60,0.01,0.001,adult/seed42/shift50/fnf_paper6_age_gamma0.1_made100,,,,,,,,,,,,,,,,
adult,42,shift50,fnf,categorical,,0.1,paper6_age,50,False,model seed = shard seed; splits fixed,1,100,100,[20],0.001,0.0001,4,"[30, 30]",60,0.01,0.001,adult/seed42/shift50/fnf_paper6_age_gamma0.1_made50,,,,,,,,,,,,,,,,
adult,42,shift50,fnf,categorical,,0.2,paper6_age,100,False,model seed = shard seed; splits fixed,1,100,100,[20],0.001,0.0001,4,"[30, 30]",60,0.01,0.001,adult/seed42/shift50/fnf_paper6_age_gamma0.2_made100,,,,,,,,,,,,,,,,
adult,42,shift50,fnf,categorical,,0.2,paper6_age,50,False,model seed = shard seed; splits fixed,1,100,100,[20],0.001,0.0001,4,"[30, 30]",60,0.01,0.001,adult/seed42/shift50/fnf_paper6_age_gamma0.2_made50,,,,,,,,,,,,,,,,
adult,42,shift50,fnf,categorical,,0.5,paper6_age,100,False,model seed = shard seed; splits fixed,1,100,100,[20],0.001,0.0001,4,"[30, 30]",60,0.01,0.001,adult/seed42/shift50/fnf_paper6_age_gamma0.5_made100,,,,,,,,,,,,,,,,
adult,42,shift50,fnf,categorical,,0.5,paper6_age,50,False,model seed = shard seed; splits fixed,1,100,100,[20],0.001,0.0001,4,"[30, 30]",60,0.01,0.001,adult/seed42/shift50/fnf_paper6_age_gamma0.5_made50,,,,,,,,,,,,,,,,
adult,42,shift50,fnf,categorical,,0.9,paper6_age,100,False,model seed = shard seed; splits fixed,1,100,100,[20],0.001,0.0001,4,"[30, 30]",60,0.01,0.001,adult/seed42/shift50/fnf_paper6_age_gamma0.9_made100,,,,,,,,,,,,,,,,
adult,42,shift50,fnf,categorical,,0.9,paper6_age,50,False,model seed = shard seed; splits fixed,1,100,100,[20],0.001,0.0001,4,"[30, 30]",60,0.01,0.001,adult/seed42/shift50/fnf_paper6_age_gamma0.9_made50,,,,,,,,,,,,,,,,
adult,42,shift50,fnf,categorical,,0.0,paper6_age,100,False,model seed = shard seed; splits fixed,1,100,100,[20],0.001,0.0001,4,"[30, 30]",60,0.01,0.001,adult/seed42/shift50/fnf_paper6_age_gamma0_made100,,,,,,,,,,,,,,,,
adult,42,shift50,fnf,categorical,,0.0,paper6_age,50,False,model seed = shard seed; splits fixed,1,100,100,[20],0.001,0.0001,4,"[30, 30]",60,0.01,0.001,adult/seed42/shift50/fnf_paper6_age_gamma0_made50,,,,,,,,,,,,,,,,
adult,42,shift50,fnf,categorical,,1.0,paper6_age,100,False,model seed = shard seed; splits fixed,1,100,100,[20],0.001,0.0001,4,"[30, 30]",60,0.01,0.001,adult/seed42/shift50/fnf_paper6_age_gamma1_made100,,,,,,,,,,,,,,,,
adult,42,shift50,fnf,categorical,,1.0,paper6_age,50,False,model seed = shard seed; splits fixed,1,100,100,[20],0.001,0.0001,4,"[30, 30]",60,0.01,0.001,adult/seed42/shift50/fnf_paper6_age_gamma1_made50,,,,,,,,,,,,,,,,
adult,42,shift50,fnf,categorical,,0.02,paper6,100,False,model seed = shard seed; splits fixed,1,100,100,[20],0.001,0.0001,4,"[30, 30]",60,0.01,0.001,adult/seed42/shift50/fnf_paper6_gamma0.02_made100,,,,,,,,,,,,,,,,
adult,42,shift50,fnf,categorical,,0.02,paper6,50,False,model seed = shard seed; splits fixed,1,100,100,[20],0.001,0.0001,4,"[30, 30]",60,0.01,0.001,adult/seed42/shift50/fnf_paper6_gamma0.02_made50,,,,,,,,,,,,,,,,
adult,42,shift50,fnf,categorical,,0.1,paper6,100,False,model seed = shard seed; splits fixed,1,100,100,[20],0.001,0.0001,4,"[30, 30]",60,0.01,0.001,adult/seed42/shift50/fnf_paper6_gamma0.1_made100,,,,,,,,,,,,,,,,
adult,42,shift50,fnf,categorical,,0.1,paper6,50,False,model seed = shard seed; splits fixed,1,100,100,[20],0.001,0.0001,4,"[30, 30]",60,0.01,0.001,adult/seed42/shift50/fnf_paper6_gamma0.1_made50,,,,,,,,,,,,,,,,
adult,42,shift50,fnf,categorical,,0.2,paper6,100,False,model seed = shard seed; splits fixed,1,100,100,[20],0.001,0.0001,4,"[30, 30]",60,0.01,0.001,adult/seed42/shift50/fnf_paper6_gamma0.2_made100,,,,,,,,,,,,,,,,
adult,42,shift50,fnf,categorical,,0.2,paper6,50,False,model seed = shard seed; splits fixed,1,100,100,[20],0.001,0.0001,4,"[30, 30]",60,0.01,0.001,adult/seed42/shift50/fnf_paper6_gamma0.2_made50,,,,,,,,,,,,,,,,
adult,42,shift50,fnf,categorical,,0.5,paper6,100,False,model seed = shard seed; splits fixed,1,100,100,[20],0.001,0.0001,4,"[30, 30]",60,0.01,0.001,adult/seed42/shift50/fnf_paper6_gamma0.5_made100,,,,,,,,,,,,,,,,
adult,42,shift50,fnf,categorical,,0.5,paper6,50,False,model seed = shard seed; splits fixed,1,100,100,[20],0.001,0.0001,4,"[30, 30]",60,0.01,0.001,adult/seed42/shift50/fnf_paper6_gamma0.5_made50,,,,,,,,,,,,,,,,
adult,42,shift50,fnf,categorical,,0.9,paper6,100,False,model seed = shard seed; splits fixed,1,100,100,[20],0.001,0.0001,4,"[30, 30]",60,0.01,0.001,adult/seed42/shift50/fnf_paper6_gamma0.9_made100,,,,,,,,,,,,,,,,
adult,42,shift50,fnf,categorical,,0.9,paper6,50,False,model seed = shard seed; splits fixed,1,100,100,[20],0.001,0.0001,4,"[30, 30]",60,0.01,0.001,adult/seed42/shift50/fnf_paper6_gamma0.9_made50,,,,,,,,,,,,,,,,
adult,42,shift50,fnf,categorical,,0.0,paper6,100,False,model seed = shard seed; splits fixed,1,100,100,[20],0.001,0.0001,4,"[30, 30]",60,0.01,0.001,adult/seed42/shift50/fnf_paper6_gamma0_made100,,,,,,,,,,,,,,,,
adult,42,shift50,fnf,categorical,,0.0,paper6,50,False,model seed = shard seed; splits fixed,1,100,100,[20],0.001,0.0001,4,"[30, 30]",60,0.01,0.001,adult/seed42/shift50/fnf_paper6_gamma0_made50,,,,,,,,,,,,,,,,
adult,42,shift50,fnf,categorical,,1.0,paper6,100,False,model seed = shard seed; splits fixed,1,100,100,[20],0.001,0.0001,4,"[30, 30]",60,0.01,0.001,adult/seed42/shift50/fnf_paper6_gamma1_made100,,,,,,,,,,,,,,,,
adult,42,shift50,fnf,categorical,,1.0,paper6,50,False,model seed = shard seed; splits fixed,1,100,100,[20],0.001,0.0001,4,"[30, 30]",60,0.01,0.001,adult/seed42/shift50/fnf_paper6_gamma1_made50,,,,,,,,,,,,,,,,
adult,42,shift75,fnf,categorical_conditional,y,0.5,paper6_age,50,False,model seed = shard seed; splits fixed,,100,100,[20],0.001,0.0001,4,"[30, 30]",60,0.01,0.001,adult/seed42/shift75/cfnf_paper6_age_cond-y_gamma0.5_made50,,,,,,,,,,,,,,,,
adult,42,shift75,fnf,categorical_conditional,y,1.0,paper6_age,50,False,model seed = shard seed; splits fixed,,100,100,[20],0.001,0.0001,4,"[30, 30]",60,0.01,0.001,adult/seed42/shift75/cfnf_paper6_age_cond-y_gamma1_made50,,,,,,,,,,,,,,,,
adult,42,shift75,fnf,categorical_conditional,yhat,0.5,paper6_age,50,False,model seed = shard seed; splits fixed,,100,100,[20],0.001,0.0001,4,"[30, 30]",60,0.01,0.001,adult/seed42/shift75/cfnf_paper6_age_cond-yhat_gamma0.5_made50,,,,,,,,,,,,,,,,
adult,42,shift75,fnf,categorical_conditional,yhat,1.0,paper6_age,50,False,model seed = shard seed; splits fixed,,100,100,[20],0.001,0.0001,4,"[30, 30]",60,0.01,0.001,adult/seed42/shift75/cfnf_paper6_age_cond-yhat_gamma1_made50,,,,,,,,,,,,,,,,
adult,42,shift75,erm,,,,paper6,,False,model seed = shard seed; splits fixed,,100,100,[20],0.001,0.0001,4,"[30, 30]",60,0.01,0.001,adult/seed42/shift75/erm_paper6,,,,,,,,,,,,,,,,
adult,42,shift75,erm,,,,paper6_age,,False,model seed = shard seed; splits fixed,,100,100,[20],0.001,0.0001,4,"[30, 30]",60,0.01,0.001,adult/seed42/shift75/erm_paper6_age,,,,,,,,,,,,,,,,
adult,42,shift75,fnf,categorical,,0.02,paper6_age,100,False,model seed = shard seed; splits fixed,1,100,100,[20],0.001,0.0001,4,"[30, 30]",60,0.01,0.001,adult/seed42/shift75/fnf_paper6_age_gamma0.02_made100,,,,,,,,,,,,,,,,
adult,42,shift75,fnf,categorical,,0.02,paper6_age,50,False,model seed = shard seed; splits fixed,1,100,100,[20],0.001,0.0001,4,"[30, 30]",60,0.01,0.001,adult/seed42/shift75/fnf_paper6_age_gamma0.02_made50,,,,,,,,,,,,,,,,
adult,42,shift75,fnf,categorical,,0.1,paper6_age,100,False,model seed = shard seed; splits fixed,1,100,100,[20],0.001,0.0001,4,"[30, 30]",60,0.01,0.001,adult/seed42/shift75/fnf_paper6_age_gamma0.1_made100,,,,,,,,,,,,,,,,
adult,42,shift75,fnf,categorical,,0.1,paper6_age,50,False,model seed = shard seed; splits fixed,1,100,100,[20],0.001,0.0001,4,"[30, 30]",60,0.01,0.001,adult/seed42/shift75/fnf_paper6_age_gamma0.1_made50,,,,,,,,,,,,,,,,
adult,42,shift75,fnf,categorical,,0.2,paper6_age,100,False,model seed = shard seed; splits fixed,1,100,100,[20],0.001,0.0001,4,"[30, 30]",60,0.01,0.001,adult/seed42/shift75/fnf_paper6_age_gamma0.2_made100,,,,,,,,,,,,,,,,
adult,42,shift75,fnf,categorical,,0.2,paper6_age,50,False,model seed = shard seed; splits fixed,1,100,100,[20],0.001,0.0001,4,"[30, 30]",60,0.01,0.001,adult/seed42/shift75/fnf_paper6_age_gamma0.2_made50,,,,,,,,,,,,,,,,
adult,42,shift75,fnf,categorical,,0.5,paper6_age,100,False,model seed = shard seed; splits fixed,1,100,100,[20],0.001,0.0001,4,"[30, 30]",60,0.01,0.001,adult/seed42/shift75/fnf_paper6_age_gamma0.5_made100,,,,,,,,,,,,,,,,
adult,42,shift75,fnf,categorical,,0.5,paper6_age,50,False,model seed = shard seed; splits fixed,1,100,100,[20],0.001,0.0001,4,"[30, 30]",60,0.01,0.001,adult/seed42/shift75/fnf_paper6_age_gamma0.5_made50,,,,,,,,,,,,,,,,
adult,42,shift75,fnf,categorical,,0.9,paper6_age,100,False,model seed = shard seed; splits fixed,1,100,100,[20],0.001,0.0001,4,"[30, 30]",60,0.01,0.001,adult/seed42/shift75/fnf_paper6_age_gamma0.9_made100,,,,,,,,,,,,,,,,
adult,42,shift75,fnf,categorical,,0.9,paper6_age,50,False,model seed = shard seed; splits fixed,1,100,100,[20],0.001,0.0001,4,"[30, 30]",60,0.01,0.001,adult/seed42/shift75/fnf_paper6_age_gamma0.9_made50,,,,,,,,,,,,,,,,
adult,42,shift75,fnf,categorical,,0.0,paper6_age,100,False,model seed = shard seed; splits fixed,1,100,100,[20],0.001,0.0001,4,"[30, 30]",60,0.01,0.001,adult/seed42/shift75/fnf_paper6_age_gamma0_made100,,,,,,,,,,,,,,,,
adult,42,shift75,fnf,categorical,,0.0,paper6_age,50,False,model seed = shard seed; splits fixed,1,100,100,[20],0.001,0.0001,4,"[30, 30]",60,0.01,0.001,adult/seed42/shift75/fnf_paper6_age_gamma0_made50,,,,,,,,,,,,,,,,
adult,42,shift75,fnf,categorical,,1.0,paper6_age,100,False,model seed = shard seed; splits fixed,1,100,100,[20],0.001,0.0001,4,"[30, 30]",60,0.01,0.001,adult/seed42/shift75/fnf_paper6_age_gamma1_made100,,,,,,,,,,,,,,,,
adult,42,shift75,fnf,categorical,,1.0,paper6_age,50,False,model seed = shard seed; splits fixed,1,100,100,[20],0.001,0.0001,4,"[30, 30]",60,0.01,0.001,adult/seed42/shift75/fnf_paper6_age_gamma1_made50,,,,,,,,,,,,,,,,
adult,42,shift75,fnf,categorical,,0.02,paper6,100,False,model seed = shard seed; splits fixed,1,100,100,[20],0.001,0.0001,4,"[30, 30]",60,0.01,0.001,adult/seed42/shift75/fnf_paper6_gamma0.02_made100,,,,,,,,,,,,,,,,
adult,42,shift75,fnf,categorical,,0.02,paper6,50,False,model seed = shard seed; splits fixed,1,100,100,[20],0.001,0.0001,4,"[30, 30]",60,0.01,0.001,adult/seed42/shift75/fnf_paper6_gamma0.02_made50,,,,,,,,,,,,,,,,
adult,42,shift75,fnf,categorical,,0.1,paper6,100,False,model seed = shard seed; splits fixed,1,100,100,[20],0.001,0.0001,4,"[30, 30]",60,0.01,0.001,adult/seed42/shift75/fnf_paper6_gamma0.1_made100,,,,,,,,,,,,,,,,
adult,42,shift75,fnf,categorical,,0.1,paper6,50,False,model seed = shard seed; splits fixed,1,100,100,[20],0.001,0.0001,4,"[30, 30]",60,0.01,0.001,adult/seed42/shift75/fnf_paper6_gamma0.1_made50,,,,,,,,,,,,,,,,
adult,42,shift75,fnf,categorical,,0.2,paper6,100,False,model seed = shard seed; splits fixed,1,100,100,[20],0.001,0.0001,4,"[30, 30]",60,0.01,0.001,adult/seed42/shift75/fnf_paper6_gamma0.2_made100,,,,,,,,,,,,,,,,
adult,42,shift75,fnf,categorical,,0.2,paper6,50,False,model seed = shard seed; splits fixed,1,100,100,[20],0.001,0.0001,4,"[30, 30]",60,0.01,0.001,adult/seed42/shift75/fnf_paper6_gamma0.2_made50,,,,,,,,,,,,,,,,
adult,42,shift75,fnf,categorical,,0.5,paper6,100,False,model seed = shard seed; splits fixed,1,100,100,[20],0.001,0.0001,4,"[30, 30]",60,0.01,0.001,adult/seed42/shift75/fnf_paper6_gamma0.5_made100,,,,,,,,,,,,,,,,
adult,42,shift75,fnf,categorical,,0.5,paper6,50,False,model seed = shard seed; splits fixed,1,100,100,[20],0.001,0.0001,4,"[30, 30]",60,0.01,0.001,adult/seed42/shift75/fnf_paper6_gamma0.5_made50,,,,,,,,,,,,,,,,
adult,42,shift75,fnf,categorical,,0.9,paper6,100,False,model seed = shard seed; splits fixed,1,100,100,[20],0.001,0.0001,4,"[30, 30]",60,0.01,0.001,adult/seed42/shift75/fnf_paper6_gamma0.9_made100,,,,,,,,,,,,,,,,
adult,42,shift75,fnf,categorical,,0.9,paper6,50,False,model seed = shard seed; splits fixed,1,100,100,[20],0.001,0.0001,4,"[30, 30]",60,0.01,0.001,adult/seed42/shift75/fnf_paper6_gamma0.9_made50,,,,,,,,,,,,,,,,
adult,42,shift75,fnf,categorical,,0.0,paper6,100,False,model seed = shard seed; splits fixed,1,100,100,[20],0.001,0.0001,4,"[30, 30]",60,0.01,0.001,adult/seed42/shift75/fnf_paper6_gamma0_made100,,,,,,,,,,,,,,,,
adult,42,shift75,fnf,categorical,,0.0,paper6,50,False,model seed = shard seed; splits fixed,1,100,100,[20],0.001,0.0001,4,"[30, 30]",60,0.01,0.001,adult/seed42/shift75/fnf_paper6_gamma0_made50,,,,,,,,,,,,,,,,
adult,42,shift75,fnf,categorical,,1.0,paper6,100,False,model seed = shard seed; splits fixed,1,100,100,[20],0.001,0.0001,4,"[30, 30]",60,0.01,0.001,adult/seed42/shift75/fnf_paper6_gamma1_made100,,,,,,,,,,,,,,,,
adult,42,shift75,fnf,categorical,,1.0,paper6,50,False,model seed = shard seed; splits fixed,1,100,100,[20],0.001,0.0001,4,"[30, 30]",60,0.01,0.001,adult/seed42/shift75/fnf_paper6_gamma1_made50,,,,,,,,,,,,,,,,
adult,456,equalized,fnf,categorical_conditional,y,0.5,paper6_age,50,False,model seed = shard seed; splits fixed,,100,100,[20],0.001,0.0001,4,"[30, 30]",60,0.01,0.001,adult/seed456/equalized/cfnf_paper6_age_cond-y_gamma0.5_made50,,,,,,,,,,,,,,,,
adult,456,equalized,fnf,categorical_conditional,y,1.0,paper6_age,50,False,model seed = shard seed; splits fixed,,100,100,[20],0.001,0.0001,4,"[30, 30]",60,0.01,0.001,adult/seed456/equalized/cfnf_paper6_age_cond-y_gamma1_made50,,,,,,,,,,,,,,,,
adult,456,equalized,fnf,categorical_conditional,yhat,0.5,paper6_age,50,False,model seed = shard seed; splits fixed,,100,100,[20],0.001,0.0001,4,"[30, 30]",60,0.01,0.001,adult/seed456/equalized/cfnf_paper6_age_cond-yhat_gamma0.5_made50,,,,,,,,,,,,,,,,
adult,456,equalized,fnf,categorical_conditional,yhat,1.0,paper6_age,50,False,model seed = shard seed; splits fixed,,100,100,[20],0.001,0.0001,4,"[30, 30]",60,0.01,0.001,adult/seed456/equalized/cfnf_paper6_age_cond-yhat_gamma1_made50,,,,,,,,,,,,,,,,
adult,456,equalized,erm,,,,paper6,,False,model seed = shard seed; splits fixed,,100,100,[20],0.001,0.0001,4,"[30, 30]",60,0.01,0.001,adult/seed456/equalized/erm_paper6,,,,,,,,,,,,,,,,
adult,456,equalized,erm,,,,paper6_age,,False,model seed = shard seed; splits fixed,,100,100,[20],0.001,0.0001,4,"[30, 30]",60,0.01,0.001,adult/seed456/equalized/erm_paper6_age,,,,,,,,,,,,,,,,
adult,456,equalized,fnf,categorical,,0.02,paper6_age,100,False,model seed = shard seed; splits fixed,1,100,100,[20],0.001,0.0001,4,"[30, 30]",60,0.01,0.001,adult/seed456/equalized/fnf_paper6_age_gamma0.02_made100,,,,,,,,,,,,,,,,
adult,456,equalized,fnf,categorical,,0.02,paper6_age,50,False,model seed = shard seed; splits fixed,1,100,100,[20],0.001,0.0001,4,"[30, 30]",60,0.01,0.001,adult/seed456/equalized/fnf_paper6_age_gamma0.02_made50,,,,,,,,,,,,,,,,
adult,456,equalized,fnf,categorical,,0.1,paper6_age,100,False,model seed = shard seed; splits fixed,1,100,100,[20],0.001,0.0001,4,"[30, 30]",60,0.01,0.001,adult/seed456/equalized/fnf_paper6_age_gamma0.1_made100,,,,,,,,,,,,,,,,
adult,456,equalized,fnf,categorical,,0.1,paper6_age,50,False,model seed = shard seed; splits fixed,1,100,100,[20],0.001,0.0001,4,"[30, 30]",60,0.01,0.001,adult/seed456/equalized/fnf_paper6_age_gamma0.1_made50,,,,,,,,,,,,,,,,
adult,456,equalized,fnf,categorical,,0.2,paper6_age,100,False,model seed = shard seed; splits fixed,1,100,100,[20],0.001,0.0001,4,"[30, 30]",60,0.01,0.001,adult/seed456/equalized/fnf_paper6_age_gamma0.2_made100,,,,,,,,,,,,,,,,
adult,456,equalized,fnf,categorical,,0.2,paper6_age,50,False,model seed = shard seed; splits fixed,1,100,100,[20],0.001,0.0001,4,"[30, 30]",60,0.01,0.001,adult/seed456/equalized/fnf_paper6_age_gamma0.2_made50,,,,,,,,,,,,,,,,
adult,456,equalized,fnf,categorical,,0.5,paper6_age,100,False,model seed = shard seed; splits fixed,1,100,100,[20],0.001,0.0001,4,"[30, 30]",60,0.01,0.001,adult/seed456/equalized/fnf_paper6_age_gamma0.5_made100,,,,,,,,,,,,,,,,
adult,456,equalized,fnf,categorical,,0.5,paper6_age,50,False,model seed = shard seed; splits fixed,1,100,100,[20],0.001,0.0001,4,"[30, 30]",60,0.01,0.001,adult/seed456/equalized/fnf_paper6_age_gamma0.5_made50,,,,,,,,,,,,,,,,
adult,456,equalized,fnf,categorical,,0.9,paper6_age,100,False,model seed = shard seed; splits fixed,1,100,100,[20],0.001,0.0001,4,"[30, 30]",60,0.01,0.001,adult/seed456/equalized/fnf_paper6_age_gamma0.9_made100,,,,,,,,,,,,,,,,
adult,456,equalized,fnf,categorical,,0.9,paper6_age,50,False,model seed = shard seed; splits fixed,1,100,100,[20],0.001,0.0001,4,"[30, 30]",60,0.01,0.001,adult/seed456/equalized/fnf_paper6_age_gamma0.9_made50,,,,,,,,,,,,,,,,
adult,456,equalized,fnf,categorical,,0.0,paper6_age,100,False,model seed = shard seed; splits fixed,1,100,100,[20],0.001,0.0001,4,"[30, 30]",60,0.01,0.001,adult/seed456/equalized/fnf_paper6_age_gamma0_made100,,,,,,,,,,,,,,,,
adult,456,equalized,fnf,categorical,,0.0,paper6_age,50,False,model seed = shard seed; splits fixed,1,100,100,[20],0.001,0.0001,4,"[30, 30]",60,0.01,0.001,adult/seed456/equalized/fnf_paper6_age_gamma0_made50,,,,,,,,,,,,,,,,
adult,456,equalized,fnf,categorical,,1.0,paper6_age,100,False,model seed = shard seed; splits fixed,1,100,100,[20],0.001,0.0001,4,"[30, 30]",60,0.01,0.001,adult/seed456/equalized/fnf_paper6_age_gamma1_made100,,,,,,,,,,,,,,,,
adult,456,equalized,fnf,categorical,,1.0,paper6_age,50,False,model seed = shard seed; splits fixed,1,100,100,[20],0.001,0.0001,4,"[30, 30]",60,0.01,0.001,adult/seed456/equalized/fnf_paper6_age_gamma1_made50,,,,,,,,,,,,,,,,
adult,456,equalized,fnf,categorical,,0.02,paper6,100,False,model seed = shard seed; splits fixed,1,100,100,[20],0.001,0.0001,4,"[30, 30]",60,0.01,0.001,adult/seed456/equalized/fnf_paper6_gamma0.02_made100,,,,,,,,,,,,,,,,
adult,456,equalized,fnf,categorical,,0.02,paper6,50,False,model seed = shard seed; splits fixed,1,100,100,[20],0.001,0.0001,4,"[30, 30]",60,0.01,0.001,adult/seed456/equalized/fnf_paper6_gamma0.02_made50,,,,,,,,,,,,,,,,
adult,456,equalized,fnf,categorical,,0.1,paper6,100,False,model seed = shard seed; splits fixed,1,100,100,[20],0.001,0.0001,4,"[30, 30]",60,0.01,0.001,adult/seed456/equalized/fnf_paper6_gamma0.1_made100,,,,,,,,,,,,,,,,
adult,456,equalized,fnf,categorical,,0.1,paper6,50,False,model seed = shard seed; splits fixed,1,100,100,[20],0.001,0.0001,4,"[30, 30]",60,0.01,0.001,adult/seed456/equalized/fnf_paper6_gamma0.1_made50,,,,,,,,,,,,,,,,
adult,456,equalized,fnf,categorical,,0.2,paper6,100,False,model seed = shard seed; splits fixed,1,100,100,[20],0.001,0.0001,4,"[30, 30]",60,0.01,0.001,adult/seed456/equalized/fnf_paper6_gamma0.2_made100,,,,,,,,,,,,,,,,
adult,456,equalized,fnf,categorical,,0.2,paper6,50,False,model seed = shard seed; splits fixed,1,100,100,[20],0.001,0.0001,4,"[30, 30]",60,0.01,0.001,adult/seed456/equalized/fnf_paper6_gamma0.2_made50,,,,,,,,,,,,,,,,
adult,456,equalized,fnf,categorical,,0.5,paper6,100,False,model seed = shard seed; splits fixed,1,100,100,[20],0.001,0.0001,4,"[30, 30]",60,0.01,0.001,adult/seed456/equalized/fnf_paper6_gamma0.5_made100,,,,,,,,,,,,,,,,
adult,456,equalized,fnf,categorical,,0.5,paper6,50,False,model seed = shard seed; splits fixed,1,100,100,[20],0.001,0.0001,4,"[30, 30]",60,0.01,0.001,adult/seed456/equalized/fnf_paper6_gamma0.5_made50,,,,,,,,,,,,,,,,
adult,456,equalized,fnf,categorical,,0.9,paper6,100,False,model seed = shard seed; splits fixed,1,100,100,[20],0.001,0.0001,4,"[30, 30]",60,0.01,0.001,adult/seed456/equalized/fnf_paper6_gamma0.9_made100,,,,,,,,,,,,,,,,
adult,456,equalized,fnf,categorical,,0.9,paper6,50,False,model seed = shard seed; splits fixed,1,100,100,[20],0.001,0.0001,4,"[30, 30]",60,0.01,0.001,adult/seed456/equalized/fnf_paper6_gamma0.9_made50,,,,,,,,,,,,,,,,
adult,456,equalized,fnf,categorical,,0.0,paper6,100,False,model seed = shard seed; splits fixed,1,100,100,[20],0.001,0.0001,4,"[30, 30]",60,0.01,0.001,adult/seed456/equalized/fnf_paper6_gamma0_made100,,,,,,,,,,,,,,,,
adult,456,equalized,fnf,categorical,,0.0,paper6,50,False,model seed = shard seed; splits fixed,1,100,100,[20],0.001,0.0001,4,"[30, 30]",60,0.01,0.001,adult/seed456/equalized/fnf_paper6_gamma0_made50,,,,,,,,,,,,,,,,
adult,456,equalized,fnf,categorical,,1.0,paper6,100,False,model seed = shard seed; splits fixed,1,100,100,[20],0.001,0.0001,4,"[30, 30]",60,0.01,0.001,adult/seed456/equalized/fnf_paper6_gamma1_made100,,,,,,,,,,,,,,,,
adult,456,equalized,fnf,categorical,,1.0,paper6,50,False,model seed = shard seed; splits fixed,1,100,100,[20],0.001,0.0001,4,"[30, 30]",60,0.01,0.001,adult/seed456/equalized/fnf_paper6_gamma1_made50,,,,,,,,,,,,,,,,
adult,456,natural,fnf,categorical_conditional,y,0.5,paper6_age,50,False,model seed = shard seed; splits fixed,,100,100,[20],0.001,0.0001,4,"[30, 30]",60,0.01,0.001,adult/seed456/natural/cfnf_paper6_age_cond-y_gamma0.5_made50,,,,,,,,,,,,,,,,
adult,456,natural,fnf,categorical_conditional,y,1.0,paper6_age,50,False,model seed = shard seed; splits fixed,,100,100,[20],0.001,0.0001,4,"[30, 30]",60,0.01,0.001,adult/seed456/natural/cfnf_paper6_age_cond-y_gamma1_made50,,,,,,,,,,,,,,,,
adult,456,natural,fnf,categorical_conditional,yhat,0.5,paper6_age,50,False,model seed = shard seed; splits fixed,,100,100,[20],0.001,0.0001,4,"[30, 30]",60,0.01,0.001,adult/seed456/natural/cfnf_paper6_age_cond-yhat_gamma0.5_made50,,,,,,,,,,,,,,,,
adult,456,natural,fnf,categorical_conditional,yhat,1.0,paper6_age,50,False,model seed = shard seed; splits fixed,,100,100,[20],0.001,0.0001,4,"[30, 30]",60,0.01,0.001,adult/seed456/natural/cfnf_paper6_age_cond-yhat_gamma1_made50,,,,,,,,,,,,,,,,
adult,456,natural,erm,,,,paper6,,False,model seed = shard seed; splits fixed,,100,100,[20],0.001,0.0001,4,"[30, 30]",60,0.01,0.001,adult/seed456/natural/erm_paper6,,,,,,,,,,,,,,,,
adult,456,natural,erm,,,,paper6_age,,False,model seed = shard seed; splits fixed,,100,100,[20],0.001,0.0001,4,"[30, 30]",60,0.01,0.001,adult/seed456/natural/erm_paper6_age,,,,,,,,,,,,,,,,
adult,456,natural,fnf,categorical,,0.02,paper6_age,100,False,model seed = shard seed; splits fixed,1,100,100,[20],0.001,0.0001,4,"[30, 30]",60,0.01,0.001,adult/seed456/natural/fnf_paper6_age_gamma0.02_made100,,,,,,,,,,,,,,,,
adult,456,natural,fnf,categorical,,0.02,paper6_age,50,False,model seed = shard seed; splits fixed,1,100,100,[20],0.001,0.0001,4,"[30, 30]",60,0.01,0.001,adult/seed456/natural/fnf_paper6_age_gamma0.02_made50,,,,,,,,,,,,,,,,
adult,456,natural,fnf,categorical,,0.1,paper6_age,100,False,model seed = shard seed; splits fixed,1,100,100,[20],0.001,0.0001,4,"[30, 30]",60,0.01,0.001,adult/seed456/natural/fnf_paper6_age_gamma0.1_made100,,,,,,,,,,,,,,,,
adult,456,natural,fnf,categorical,,0.1,paper6_age,50,False,model seed = shard seed; splits fixed,1,100,100,[20],0.001,0.0001,4,"[30, 30]",60,0.01,0.001,adult/seed456/natural/fnf_paper6_age_gamma0.1_made50,,,,,,,,,,,,,,,,
adult,456,natural,fnf,categorical,,0.2,paper6_age,100,False,model seed = shard seed; splits fixed,1,100,100,[20],0.001,0.0001,4,"[30, 30]",60,0.01,0.001,adult/seed456/natural/fnf_paper6_age_gamma0.2_made100,,,,,,,,,,,,,,,,
adult,456,natural,fnf,categorical,,0.2,paper6_age,50,False,model seed = shard seed; splits fixed,1,100,100,[20],0.001,0.0001,4,"[30, 30]",60,0.01,0.001,adult/seed456/natural/fnf_paper6_age_gamma0.2_made50,,,,,,,,,,,,,,,,
adult,456,natural,fnf,categorical,,0.5,paper6_age,100,False,model seed = shard seed; splits fixed,1,100,100,[20],0.001,0.0001,4,"[30, 30]",60,0.01,0.001,adult/seed456/natural/fnf_paper6_age_gamma0.5_made100,,,,,,,,,,,,,,,,
adult,456,natural,fnf,categorical,,0.5,paper6_age,50,False,model seed = shard seed; splits fixed,1,100,100,[20],0.001,0.0001,4,"[30, 30]",60,0.01,0.001,adult/seed456/natural/fnf_paper6_age_gamma0.5_made50,,,,,,,,,,,,,,,,
adult,456,natural,fnf,categorical,,0.9,paper6_age,100,False,model seed = shard seed; splits fixed,1,100,100,[20],0.001,0.0001,4,"[30, 30]",60,0.01,0.001,adult/seed456/natural/fnf_paper6_age_gamma0.9_made100,,,,,,,,,,,,,,,,
adult,456,natural,fnf,categorical,,0.9,paper6_age,50,False,model seed = shard seed; splits fixed,1,100,100,[20],0.001,0.0001,4,"[30, 30]",60,0.01,0.001,adult/seed456/natural/fnf_paper6_age_gamma0.9_made50,,,,,,,,,,,,,,,,
adult,456,natural,fnf,categorical,,0.0,paper6_age,100,False,model seed = shard seed; splits fixed,1,100,100,[20],0.001,0.0001,4,"[30, 30]",60,0.01,0.001,adult/seed456/natural/fnf_paper6_age_gamma0_made100,,,,,,,,,,,,,,,,
adult,456,natural,fnf,categorical,,0.0,paper6_age,50,False,model seed = shard seed; splits fixed,1,100,100,[20],0.001,0.0001,4,"[30, 30]",60,0.01,0.001,adult/seed456/natural/fnf_paper6_age_gamma0_made50,,,,,,,,,,,,,,,,
adult,456,natural,fnf,categorical,,1.0,paper6_age,100,False,model seed = shard seed; splits fixed,1,100,100,[20],0.001,0.0001,4,"[30, 30]",60,0.01,0.001,adult/seed456/natural/fnf_paper6_age_gamma1_made100,,,,,,,,,,,,,,,,
adult,456,natural,fnf,categorical,,1.0,paper6_age,50,False,model seed = shard seed; splits fixed,1,100,100,[20],0.001,0.0001,4,"[30, 30]",60,0.01,0.001,adult/seed456/natural/fnf_paper6_age_gamma1_made50,,,,,,,,,,,,,,,,
adult,456,natural,fnf,categorical,,0.02,paper6,100,False,model seed = shard seed; splits fixed,1,100,100,[20],0.001,0.0001,4,"[30, 30]",60,0.01,0.001,adult/seed456/natural/fnf_paper6_gamma0.02_made100,,,,,,,,,,,,,,,,
adult,456,natural,fnf,categorical,,0.02,paper6,50,False,model seed = shard seed; splits fixed,1,100,100,[20],0.001,0.0001,4,"[30, 30]",60,0.01,0.001,adult/seed456/natural/fnf_paper6_gamma0.02_made50,,,,,,,,,,,,,,,,
adult,456,natural,fnf,categorical,,0.1,paper6,100,False,model seed = shard seed; splits fixed,1,100,100,[20],0.001,0.0001,4,"[30, 30]",60,0.01,0.001,adult/seed456/natural/fnf_paper6_gamma0.1_made100,,,,,,,,,,,,,,,,
adult,456,natural,fnf,categorical,,0.1,paper6,50,False,model seed = shard seed; splits fixed,1,100,100,[20],0.001,0.0001,4,"[30, 30]",60,0.01,0.001,adult/seed456/natural/fnf_paper6_gamma0.1_made50,,,,,,,,,,,,,,,,
adult,456,natural,fnf,categorical,,0.2,paper6,100,False,model seed = shard seed; splits fixed,1,100,100,[20],0.001,0.0001,4,"[30, 30]",60,0.01,0.001,adult/seed456/natural/fnf_paper6_gamma0.2_made100,,,,,,,,,,,,,,,,
adult,456,natural,fnf,categorical,,0.2,paper6,50,False,model seed = shard seed; splits fixed,1,100,100,[20],0.001,0.0001,4,"[30, 30]",60,0.01,0.001,adult/seed456/natural/fnf_paper6_gamma0.2_made50,,,,,,,,,,,,,,,,
adult,456,natural,fnf,categorical,,0.5,paper6,100,False,model seed = shard seed; splits fixed,1,100,100,[20],0.001,0.0001,4,"[30, 30]",60,0.01,0.001,adult/seed456/natural/fnf_paper6_gamma0.5_made100,,,,,,,,,,,,,,,,
adult,456,natural,fnf,categorical,,0.5,paper6,50,False,model seed = shard seed; splits fixed,1,100,100,[20],0.001,0.0001,4,"[30, 30]",60,0.01,0.001,adult/seed456/natural/fnf_paper6_gamma0.5_made50,,,,,,,,,,,,,,,,
adult,456,natural,fnf,categorical,,0.9,paper6,100,False,model seed = shard seed; splits fixed,1,100,100,[20],0.001,0.0001,4,"[30, 30]",60,0.01,0.001,adult/seed456/natural/fnf_paper6_gamma0.9_made100,,,,,,,,,,,,,,,,
adult,456,natural,fnf,categorical,,0.9,paper6,50,False,model seed = shard seed; splits fixed,1,100,100,[20],0.001,0.0001,4,"[30, 30]",60,0.01,0.001,adult/seed456/natural/fnf_paper6_gamma0.9_made50,,,,,,,,,,,,,,,,
adult,456,natural,fnf,categorical,,0.0,paper6,100,False,model seed = shard seed; splits fixed,1,100,100,[20],0.001,0.0001,4,"[30, 30]",60,0.01,0.001,adult/seed456/natural/fnf_paper6_gamma0_made100,,,,,,,,,,,,,,,,
adult,456,natural,fnf,categorical,,0.0,paper6,50,False,model seed = shard seed; splits fixed,1,100,100,[20],0.001,0.0001,4,"[30, 30]",60,0.01,0.001,adult/seed456/natural/fnf_paper6_gamma0_made50,,,,,,,,,,,,,,,,
adult,456,natural,fnf,categorical,,1.0,paper6,100,False,model seed = shard seed; splits fixed,1,100,100,[20],0.001,0.0001,4,"[30, 30]",60,0.01,0.001,adult/seed456/natural/fnf_paper6_gamma1_made100,,,,,,,,,,,,,,,,
adult,456,natural,fnf,categorical,,1.0,paper6,50,False,model seed = shard seed; splits fixed,1,100,100,[20],0.001,0.0001,4,"[30, 30]",60,0.01,0.001,adult/seed456/natural/fnf_paper6_gamma1_made50,,,,,,,,,,,,,,,,
adult,456,shift50,fnf,categorical_conditional,y,0.5,paper6_age,50,False,model seed = shard seed; splits fixed,,100,100,[20],0.001,0.0001,4,"[30, 30]",60,0.01,0.001,adult/seed456/shift50/cfnf_paper6_age_cond-y_gamma0.5_made50,,,,,,,,,,,,,,,,
adult,456,shift50,fnf,categorical_conditional,y,1.0,paper6_age,50,False,model seed = shard seed; splits fixed,,100,100,[20],0.001,0.0001,4,"[30, 30]",60,0.01,0.001,adult/seed456/shift50/cfnf_paper6_age_cond-y_gamma1_made50,,,,,,,,,,,,,,,,
adult,456,shift50,fnf,categorical_conditional,yhat,0.5,paper6_age,50,False,model seed = shard seed; splits fixed,,100,100,[20],0.001,0.0001,4,"[30, 30]",60,0.01,0.001,adult/seed456/shift50/cfnf_paper6_age_cond-yhat_gamma0.5_made50,,,,,,,,,,,,,,,,
adult,456,shift50,fnf,categorical_conditional,yhat,1.0,paper6_age,50,False,model seed = shard seed; splits fixed,,100,100,[20],0.001,0.0001,4,"[30, 30]",60,0.01,0.001,adult/seed456/shift50/cfnf_paper6_age_cond-yhat_gamma1_made50,,,,,,,,,,,,,,,,
adult,456,shift50,erm,,,,paper6,,False,model seed = shard seed; splits fixed,,100,100,[20],0.001,0.0001,4,"[30, 30]",60,0.01,0.001,adult/seed456/shift50/erm_paper6,,,,,,,,,,,,,,,,
adult,456,shift50,erm,,,,paper6_age,,False,model seed = shard seed; splits fixed,,100,100,[20],0.001,0.0001,4,"[30, 30]",60,0.01,0.001,adult/seed456/shift50/erm_paper6_age,,,,,,,,,,,,,,,,
adult,456,shift50,fnf,categorical,,0.02,paper6_age,100,False,model seed = shard seed; splits fixed,1,100,100,[20],0.001,0.0001,4,"[30, 30]",60,0.01,0.001,adult/seed456/shift50/fnf_paper6_age_gamma0.02_made100,,,,,,,,,,,,,,,,
adult,456,shift50,fnf,categorical,,0.02,paper6_age,50,False,model seed = shard seed; splits fixed,1,100,100,[20],0.001,0.0001,4,"[30, 30]",60,0.01,0.001,adult/seed456/shift50/fnf_paper6_age_gamma0.02_made50,,,,,,,,,,,,,,,,
adult,456,shift50,fnf,categorical,,0.1,paper6_age,100,False,model seed = shard seed; splits fixed,1,100,100,[20],0.001,0.0001,4,"[30, 30]",60,0.01,0.001,adult/seed456/shift50/fnf_paper6_age_gamma0.1_made100,,,,,,,,,,,,,,,,
adult,456,shift50,fnf,categorical,,0.1,paper6_age,50,False,model seed = shard seed; splits fixed,1,100,100,[20],0.001,0.0001,4,"[30, 30]",60,0.01,0.001,adult/seed456/shift50/fnf_paper6_age_gamma0.1_made50,,,,,,,,,,,,,,,,
adult,456,shift50,fnf,categorical,,0.2,paper6_age,100,False,model seed = shard seed; splits fixed,1,100,100,[20],0.001,0.0001,4,"[30, 30]",60,0.01,0.001,adult/seed456/shift50/fnf_paper6_age_gamma0.2_made100,,,,,,,,,,,,,,,,
adult,456,shift50,fnf,categorical,,0.2,paper6_age,50,False,model seed = shard seed; splits fixed,1,100,100,[20],0.001,0.0001,4,"[30, 30]",60,0.01,0.001,adult/seed456/shift50/fnf_paper6_age_gamma0.2_made50,,,,,,,,,,,,,,,,
adult,456,shift50,fnf,categorical,,0.5,paper6_age,100,False,model seed = shard seed; splits fixed,1,100,100,[20],0.001,0.0001,4,"[30, 30]",60,0.01,0.001,adult/seed456/shift50/fnf_paper6_age_gamma0.5_made100,,,,,,,,,,,,,,,,
adult,456,shift50,fnf,categorical,,0.5,paper6_age,50,False,model seed = shard seed; splits fixed,1,100,100,[20],0.001,0.0001,4,"[30, 30]",60,0.01,0.001,adult/seed456/shift50/fnf_paper6_age_gamma0.5_made50,,,,,,,,,,,,,,,,
adult,456,shift50,fnf,categorical,,0.9,paper6_age,100,False,model seed = shard seed; splits fixed,1,100,100,[20],0.001,0.0001,4,"[30, 30]",60,0.01,0.001,adult/seed456/shift50/fnf_paper6_age_gamma0.9_made100,,,,,,,,,,,,,,,,
adult,456,shift50,fnf,categorical,,0.9,paper6_age,50,False,model seed = shard seed; splits fixed,1,100,100,[20],0.001,0.0001,4,"[30, 30]",60,0.01,0.001,adult/seed456/shift50/fnf_paper6_age_gamma0.9_made50,,,,,,,,,,,,,,,,
adult,456,shift50,fnf,categorical,,0.0,paper6_age,100,False,model seed = shard seed; splits fixed,1,100,100,[20],0.001,0.0001,4,"[30, 30]",60,0.01,0.001,adult/seed456/shift50/fnf_paper6_age_gamma0_made100,,,,,,,,,,,,,,,,
adult,456,shift50,fnf,categorical,,0.0,paper6_age,50,False,model seed = shard seed; splits fixed,1,100,100,[20],0.001,0.0001,4,"[30, 30]",60,0.01,0.001,adult/seed456/shift50/fnf_paper6_age_gamma0_made50,,,,,,,,,,,,,,,,
adult,456,shift50,fnf,categorical,,1.0,paper6_age,100,False,model seed = shard seed; splits fixed,1,100,100,[20],0.001,0.0001,4,"[30, 30]",60,0.01,0.001,adult/seed456/shift50/fnf_paper6_age_gamma1_made100,,,,,,,,,,,,,,,,
adult,456,shift50,fnf,categorical,,1.0,paper6_age,50,False,model seed = shard seed; splits fixed,1,100,100,[20],0.001,0.0001,4,"[30, 30]",60,0.01,0.001,adult/seed456/shift50/fnf_paper6_age_gamma1_made50,,,,,,,,,,,,,,,,
adult,456,shift50,fnf,categorical,,0.02,paper6,100,False,model seed = shard seed; splits fixed,1,100,100,[20],0.001,0.0001,4,"[30, 30]",60,0.01,0.001,adult/seed456/shift50/fnf_paper6_gamma0.02_made100,,,,,,,,,,,,,,,,
adult,456,shift50,fnf,categorical,,0.02,paper6,50,False,model seed = shard seed; splits fixed,1,100,100,[20],0.001,0.0001,4,"[30, 30]",60,0.01,0.001,adult/seed456/shift50/fnf_paper6_gamma0.02_made50,,,,,,,,,,,,,,,,
adult,456,shift50,fnf,categorical,,0.1,paper6,100,False,model seed = shard seed; splits fixed,1,100,100,[20],0.001,0.0001,4,"[30, 30]",60,0.01,0.001,adult/seed456/shift50/fnf_paper6_gamma0.1_made100,,,,,,,,,,,,,,,,
adult,456,shift50,fnf,categorical,,0.1,paper6,50,False,model seed = shard seed; splits fixed,1,100,100,[20],0.001,0.0001,4,"[30, 30]",60,0.01,0.001,adult/seed456/shift50/fnf_paper6_gamma0.1_made50,,,,,,,,,,,,,,,,
adult,456,shift50,fnf,categorical,,0.2,paper6,100,False,model seed = shard seed; splits fixed,1,100,100,[20],0.001,0.0001,4,"[30, 30]",60,0.01,0.001,adult/seed456/shift50/fnf_paper6_gamma0.2_made100,,,,,,,,,,,,,,,,
adult,456,shift50,fnf,categorical,,0.2,paper6,50,False,model seed = shard seed; splits fixed,1,100,100,[20],0.001,0.0001,4,"[30, 30]",60,0.01,0.001,adult/seed456/shift50/fnf_paper6_gamma0.2_made50,,,,,,,,,,,,,,,,
adult,456,shift50,fnf,categorical,,0.5,paper6,100,False,model seed = shard seed; splits fixed,1,100,100,[20],0.001,0.0001,4,"[30, 30]",60,0.01,0.001,adult/seed456/shift50/fnf_paper6_gamma0.5_made100,,,,,,,,,,,,,,,,
adult,456,shift50,fnf,categorical,,0.5,paper6,50,False,model seed = shard seed; splits fixed,1,100,100,[20],0.001,0.0001,4,"[30, 30]",60,0.01,0.001,adult/seed456/shift50/fnf_paper6_gamma0.5_made50,,,,,,,,,,,,,,,,
adult,456,shift50,fnf,categorical,,0.9,paper6,100,False,model seed = shard seed; splits fixed,1,100,100,[20],0.001,0.0001,4,"[30, 30]",60,0.01,0.001,adult/seed456/shift50/fnf_paper6_gamma0.9_made100,,,,,,,,,,,,,,,,
adult,456,shift50,fnf,categorical,,0.9,paper6,50,False,model seed = shard seed; splits fixed,1,100,100,[20],0.001,0.0001,4,"[30, 30]",60,0.01,0.001,adult/seed456/shift50/fnf_paper6_gamma0.9_made50,,,,,,,,,,,,,,,,
adult,456,shift50,fnf,categorical,,0.0,paper6,100,False,model seed = shard seed; splits fixed,1,100,100,[20],0.001,0.0001,4,"[30, 30]",60,0.01,0.001,adult/seed456/shift50/fnf_paper6_gamma0_made100,,,,,,,,,,,,,,,,
adult,456,shift50,fnf,categorical,,0.0,paper6,50,False,model seed = shard seed; splits fixed,1,100,100,[20],0.001,0.0001,4,"[30, 30]",60,0.01,0.001,adult/seed456/shift50/fnf_paper6_gamma0_made50,,,,,,,,,,,,,,,,
adult,456,shift50,fnf,categorical,,1.0,paper6,100,False,model seed = shard seed; splits fixed,1,100,100,[20],0.001,0.0001,4,"[30, 30]",60,0.01,0.001,adult/seed456/shift50/fnf_paper6_gamma1_made100,,,,,,,,,,,,,,,,
adult,456,shift50,fnf,categorical,,1.0,paper6,50,False,model seed = shard seed; splits fixed,1,100,100,[20],0.001,0.0001,4,"[30, 30]",60,0.01,0.001,adult/seed456/shift50/fnf_paper6_gamma1_made50,,,,,,,,,,,,,,,,
adult,456,shift75,fnf,categorical_conditional,y,0.5,paper6_age,50,False,model seed = shard seed; splits fixed,,100,100,[20],0.001,0.0001,4,"[30, 30]",60,0.01,0.001,adult/seed456/shift75/cfnf_paper6_age_cond-y_gamma0.5_made50,,,,,,,,,,,,,,,,
adult,456,shift75,fnf,categorical_conditional,y,1.0,paper6_age,50,False,model seed = shard seed; splits fixed,,100,100,[20],0.001,0.0001,4,"[30, 30]",60,0.01,0.001,adult/seed456/shift75/cfnf_paper6_age_cond-y_gamma1_made50,,,,,,,,,,,,,,,,
adult,456,shift75,fnf,categorical_conditional,yhat,0.5,paper6_age,50,False,model seed = shard seed; splits fixed,,100,100,[20],0.001,0.0001,4,"[30, 30]",60,0.01,0.001,adult/seed456/shift75/cfnf_paper6_age_cond-yhat_gamma0.5_made50,,,,,,,,,,,,,,,,
adult,456,shift75,fnf,categorical_conditional,yhat,1.0,paper6_age,50,False,model seed = shard seed; splits fixed,,100,100,[20],0.001,0.0001,4,"[30, 30]",60,0.01,0.001,adult/seed456/shift75/cfnf_paper6_age_cond-yhat_gamma1_made50,,,,,,,,,,,,,,,,
adult,456,shift75,erm,,,,paper6,,False,model seed = shard seed; splits fixed,,100,100,[20],0.001,0.0001,4,"[30, 30]",60,0.01,0.001,adult/seed456/shift75/erm_paper6,,,,,,,,,,,,,,,,
adult,456,shift75,erm,,,,paper6_age,,False,model seed = shard seed; splits fixed,,100,100,[20],0.001,0.0001,4,"[30, 30]",60,0.01,0.001,adult/seed456/shift75/erm_paper6_age,,,,,,,,,,,,,,,,
adult,456,shift75,fnf,categorical,,0.02,paper6_age,100,False,model seed = shard seed; splits fixed,1,100,100,[20],0.001,0.0001,4,"[30, 30]",60,0.01,0.001,adult/seed456/shift75/fnf_paper6_age_gamma0.02_made100,,,,,,,,,,,,,,,,
adult,456,shift75,fnf,categorical,,0.02,paper6_age,50,False,model seed = shard seed; splits fixed,1,100,100,[20],0.001,0.0001,4,"[30, 30]",60,0.01,0.001,adult/seed456/shift75/fnf_paper6_age_gamma0.02_made50,,,,,,,,,,,,,,,,
adult,456,shift75,fnf,categorical,,0.1,paper6_age,100,False,model seed = shard seed; splits fixed,1,100,100,[20],0.001,0.0001,4,"[30, 30]",60,0.01,0.001,adult/seed456/shift75/fnf_paper6_age_gamma0.1_made100,,,,,,,,,,,,,,,,
adult,456,shift75,fnf,categorical,,0.1,paper6_age,50,False,model seed = shard seed; splits fixed,1,100,100,[20],0.001,0.0001,4,"[30, 30]",60,0.01,0.001,adult/seed456/shift75/fnf_paper6_age_gamma0.1_made50,,,,,,,,,,,,,,,,
adult,456,shift75,fnf,categorical,,0.2,paper6_age,100,False,model seed = shard seed; splits fixed,1,100,100,[20],0.001,0.0001,4,"[30, 30]",60,0.01,0.001,adult/seed456/shift75/fnf_paper6_age_gamma0.2_made100,,,,,,,,,,,,,,,,
adult,456,shift75,fnf,categorical,,0.2,paper6_age,50,False,model seed = shard seed; splits fixed,1,100,100,[20],0.001,0.0001,4,"[30, 30]",60,0.01,0.001,adult/seed456/shift75/fnf_paper6_age_gamma0.2_made50,,,,,,,,,,,,,,,,
adult,456,shift75,fnf,categorical,,0.5,paper6_age,100,False,model seed = shard seed; splits fixed,1,100,100,[20],0.001,0.0001,4,"[30, 30]",60,0.01,0.001,adult/seed456/shift75/fnf_paper6_age_gamma0.5_made100,,,,,,,,,,,,,,,,
adult,456,shift75,fnf,categorical,,0.5,paper6_age,50,False,model seed = shard seed; splits fixed,1,100,100,[20],0.001,0.0001,4,"[30, 30]",60,0.01,0.001,adult/seed456/shift75/fnf_paper6_age_gamma0.5_made50,,,,,,,,,,,,,,,,
adult,456,shift75,fnf,categorical,,0.9,paper6_age,100,False,model seed = shard seed; splits fixed,1,100,100,[20],0.001,0.0001,4,"[30, 30]",60,0.01,0.001,adult/seed456/shift75/fnf_paper6_age_gamma0.9_made100,,,,,,,,,,,,,,,,
adult,456,shift75,fnf,categorical,,0.9,paper6_age,50,False,model seed = shard seed; splits fixed,1,100,100,[20],0.001,0.0001,4,"[30, 30]",60,0.01,0.001,adult/seed456/shift75/fnf_paper6_age_gamma0.9_made50,,,,,,,,,,,,,,,,
adult,456,shift75,fnf,categorical,,0.0,paper6_age,100,False,model seed = shard seed; splits fixed,1,100,100,[20],0.001,0.0001,4,"[30, 30]",60,0.01,0.001,adult/seed456/shift75/fnf_paper6_age_gamma0_made100,,,,,,,,,,,,,,,,
adult,456,shift75,fnf,categorical,,0.0,paper6_age,50,False,model seed = shard seed; splits fixed,1,100,100,[20],0.001,0.0001,4,"[30, 30]",60,0.01,0.001,adult/seed456/shift75/fnf_paper6_age_gamma0_made50,,,,,,,,,,,,,,,,
adult,456,shift75,fnf,categorical,,1.0,paper6_age,100,False,model seed = shard seed; splits fixed,1,100,100,[20],0.001,0.0001,4,"[30, 30]",60,0.01,0.001,adult/seed456/shift75/fnf_paper6_age_gamma1_made100,,,,,,,,,,,,,,,,
adult,456,shift75,fnf,categorical,,1.0,paper6_age,50,False,model seed = shard seed; splits fixed,1,100,100,[20],0.001,0.0001,4,"[30, 30]",60,0.01,0.001,adult/seed456/shift75/fnf_paper6_age_gamma1_made50,,,,,,,,,,,,,,,,
adult,456,shift75,fnf,categorical,,0.02,paper6,100,False,model seed = shard seed; splits fixed,1,100,100,[20],0.001,0.0001,4,"[30, 30]",60,0.01,0.001,adult/seed456/shift75/fnf_paper6_gamma0.02_made100,,,,,,,,,,,,,,,,
adult,456,shift75,fnf,categorical,,0.02,paper6,50,False,model seed = shard seed; splits fixed,1,100,100,[20],0.001,0.0001,4,"[30, 30]",60,0.01,0.001,adult/seed456/shift75/fnf_paper6_gamma0.02_made50,,,,,,,,,,,,,,,,
adult,456,shift75,fnf,categorical,,0.1,paper6,100,False,model seed = shard seed; splits fixed,1,100,100,[20],0.001,0.0001,4,"[30, 30]",60,0.01,0.001,adult/seed456/shift75/fnf_paper6_gamma0.1_made100,,,,,,,,,,,,,,,,
adult,456,shift75,fnf,categorical,,0.1,paper6,50,False,model seed = shard seed; splits fixed,1,100,100,[20],0.001,0.0001,4,"[30, 30]",60,0.01,0.001,adult/seed456/shift75/fnf_paper6_gamma0.1_made50,,,,,,,,,,,,,,,,
adult,456,shift75,fnf,categorical,,0.2,paper6,100,False,model seed = shard seed; splits fixed,1,100,100,[20],0.001,0.0001,4,"[30, 30]",60,0.01,0.001,adult/seed456/shift75/fnf_paper6_gamma0.2_made100,,,,,,,,,,,,,,,,
adult,456,shift75,fnf,categorical,,0.2,paper6,50,False,model seed = shard seed; splits fixed,1,100,100,[20],0.001,0.0001,4,"[30, 30]",60,0.01,0.001,adult/seed456/shift75/fnf_paper6_gamma0.2_made50,,,,,,,,,,,,,,,,
adult,456,shift75,fnf,categorical,,0.5,paper6,100,False,model seed = shard seed; splits fixed,1,100,100,[20],0.001,0.0001,4,"[30, 30]",60,0.01,0.001,adult/seed456/shift75/fnf_paper6_gamma0.5_made100,,,,,,,,,,,,,,,,
adult,456,shift75,fnf,categorical,,0.5,paper6,50,False,model seed = shard seed; splits fixed,1,100,100,[20],0.001,0.0001,4,"[30, 30]",60,0.01,0.001,adult/seed456/shift75/fnf_paper6_gamma0.5_made50,,,,,,,,,,,,,,,,
adult,456,shift75,fnf,categorical,,0.9,paper6,100,False,model seed = shard seed; splits fixed,1,100,100,[20],0.001,0.0001,4,"[30, 30]",60,0.01,0.001,adult/seed456/shift75/fnf_paper6_gamma0.9_made100,,,,,,,,,,,,,,,,
adult,456,shift75,fnf,categorical,,0.9,paper6,50,False,model seed = shard seed; splits fixed,1,100,100,[20],0.001,0.0001,4,"[30, 30]",60,0.01,0.001,adult/seed456/shift75/fnf_paper6_gamma0.9_made50,,,,,,,,,,,,,,,,
adult,456,shift75,fnf,categorical,,0.0,paper6,100,False,model seed = shard seed; splits fixed,1,100,100,[20],0.001,0.0001,4,"[30, 30]",60,0.01,0.001,adult/seed456/shift75/fnf_paper6_gamma0_made100,,,,,,,,,,,,,,,,
adult,456,shift75,fnf,categorical,,0.0,paper6,50,False,model seed = shard seed; splits fixed,1,100,100,[20],0.001,0.0001,4,"[30, 30]",60,0.01,0.001,adult/seed456/shift75/fnf_paper6_gamma0_made50,,,,,,,,,,,,,,,,
adult,456,shift75,fnf,categorical,,1.0,paper6,100,False,model seed = shard seed; splits fixed,1,100,100,[20],0.001,0.0001,4,"[30, 30]",60,0.01,0.001,adult/seed456/shift75/fnf_paper6_gamma1_made100,,,,,,,,,,,,,,,,
adult,456,shift75,fnf,categorical,,1.0,paper6,50,False,model seed = shard seed; splits fixed,1,100,100,[20],0.001,0.0001,4,"[30, 30]",60,0.01,0.001,adult/seed456/shift75/fnf_paper6_gamma1_made50,,,,,,,,,,,,,,,,
compas,123,equalized,fnf,categorical_conditional,y,0.5,paper7,50,False,model seed = shard seed; splits fixed,,100,100,[20],0.001,0.0001,4,"[30, 30]",60,0.01,0.001,compas/seed123/equalized/cfnf_paper7_cond-y_gamma0.5_made50,,,,,,,,,,,,,,,,
compas,123,equalized,fnf,categorical_conditional,y,1.0,paper7,50,False,model seed = shard seed; splits fixed,,100,100,[20],0.001,0.0001,4,"[30, 30]",60,0.01,0.001,compas/seed123/equalized/cfnf_paper7_cond-y_gamma1_made50,,,,,,,,,,,,,,,,
compas,123,equalized,fnf,categorical_conditional,yhat,0.5,paper7,50,False,model seed = shard seed; splits fixed,,100,100,[20],0.001,0.0001,4,"[30, 30]",60,0.01,0.001,compas/seed123/equalized/cfnf_paper7_cond-yhat_gamma0.5_made50,,,,,,,,,,,,,,,,
compas,123,equalized,fnf,categorical_conditional,yhat,1.0,paper7,50,False,model seed = shard seed; splits fixed,,100,100,[20],0.001,0.0001,4,"[30, 30]",60,0.01,0.001,compas/seed123/equalized/cfnf_paper7_cond-yhat_gamma1_made50,,,,,,,,,,,,,,,,
compas,123,equalized,erm,,,,paper7,,False,model seed = shard seed; splits fixed,,100,100,[20],0.001,0.0001,4,"[30, 30]",60,0.01,0.001,compas/seed123/equalized/erm_paper7,,,,,,,,,,,,,,,,
compas,123,equalized,erm,,,,paper7_nosex,,False,model seed = shard seed; splits fixed,,100,100,[20],0.001,0.0001,4,"[30, 30]",60,0.01,0.001,compas/seed123/equalized/erm_paper7_nosex,,,,,,,,,,,,,,,,
compas,123,equalized,fnf,categorical,,0.02,paper7,100,False,model seed = shard seed; splits fixed,1,100,100,[20],0.001,0.0001,4,"[30, 30]",60,0.01,0.001,compas/seed123/equalized/fnf_paper7_gamma0.02_made100,,,,,,,,,,,,,,,,
compas,123,equalized,fnf,categorical,,0.02,paper7,50,False,model seed = shard seed; splits fixed,1,100,100,[20],0.001,0.0001,4,"[30, 30]",60,0.01,0.001,compas/seed123/equalized/fnf_paper7_gamma0.02_made50,,,,,,,,,,,,,,,,
compas,123,equalized,fnf,categorical,,0.1,paper7,100,False,model seed = shard seed; splits fixed,1,100,100,[20],0.001,0.0001,4,"[30, 30]",60,0.01,0.001,compas/seed123/equalized/fnf_paper7_gamma0.1_made100,,,,,,,,,,,,,,,,
compas,123,equalized,fnf,categorical,,0.1,paper7,50,False,model seed = shard seed; splits fixed,1,100,100,[20],0.001,0.0001,4,"[30, 30]",60,0.01,0.001,compas/seed123/equalized/fnf_paper7_gamma0.1_made50,,,,,,,,,,,,,,,,
compas,123,equalized,fnf,categorical,,0.2,paper7,100,False,model seed = shard seed; splits fixed,1,100,100,[20],0.001,0.0001,4,"[30, 30]",60,0.01,0.001,compas/seed123/equalized/fnf_paper7_gamma0.2_made100,,,,,,,,,,,,,,,,
compas,123,equalized,fnf,categorical,,0.2,paper7,50,False,model seed = shard seed; splits fixed,1,100,100,[20],0.001,0.0001,4,"[30, 30]",60,0.01,0.001,compas/seed123/equalized/fnf_paper7_gamma0.2_made50,,,,,,,,,,,,,,,,
compas,123,equalized,fnf,categorical,,0.5,paper7,100,False,model seed = shard seed; splits fixed,1,100,100,[20],0.001,0.0001,4,"[30, 30]",60,0.01,0.001,compas/seed123/equalized/fnf_paper7_gamma0.5_made100,,,,,,,,,,,,,,,,
compas,123,equalized,fnf,categorical,,0.5,paper7,50,False,model seed = shard seed; splits fixed,1,100,100,[20],0.001,0.0001,4,"[30, 30]",60,0.01,0.001,compas/seed123/equalized/fnf_paper7_gamma0.5_made50,,,,,,,,,,,,,,,,
compas,123,equalized,fnf,categorical,,0.9,paper7,100,False,model seed = shard seed; splits fixed,1,100,100,[20],0.001,0.0001,4,"[30, 30]",60,0.01,0.001,compas/seed123/equalized/fnf_paper7_gamma0.9_made100,,,,,,,,,,,,,,,,
compas,123,equalized,fnf,categorical,,0.9,paper7,50,False,model seed = shard seed; splits fixed,1,100,100,[20],0.001,0.0001,4,"[30, 30]",60,0.01,0.001,compas/seed123/equalized/fnf_paper7_gamma0.9_made50,,,,,,,,,,,,,,,,
compas,123,equalized,fnf,categorical,,0.0,paper7,100,False,model seed = shard seed; splits fixed,1,100,100,[20],0.001,0.0001,4,"[30, 30]",60,0.01,0.001,compas/seed123/equalized/fnf_paper7_gamma0_made100,,,,,,,,,,,,,,,,
compas,123,equalized,fnf,categorical,,0.0,paper7,50,False,model seed = shard seed; splits fixed,1,100,100,[20],0.001,0.0001,4,"[30, 30]",60,0.01,0.001,compas/seed123/equalized/fnf_paper7_gamma0_made50,,,,,,,,,,,,,,,,
compas,123,equalized,fnf,categorical,,1.0,paper7,100,False,model seed = shard seed; splits fixed,1,100,100,[20],0.001,0.0001,4,"[30, 30]",60,0.01,0.001,compas/seed123/equalized/fnf_paper7_gamma1_made100,,,,,,,,,,,,,,,,
compas,123,equalized,fnf,categorical,,1.0,paper7,50,False,model seed = shard seed; splits fixed,1,100,100,[20],0.001,0.0001,4,"[30, 30]",60,0.01,0.001,compas/seed123/equalized/fnf_paper7_gamma1_made50,,,,,,,,,,,,,,,,
compas,123,equalized,fnf,categorical,,0.02,paper7_nosex,100,False,model seed = shard seed; splits fixed,1,100,100,[20],0.001,0.0001,4,"[30, 30]",60,0.01,0.001,compas/seed123/equalized/fnf_paper7_nosex_gamma0.02_made100,,,,,,,,,,,,,,,,
compas,123,equalized,fnf,categorical,,0.02,paper7_nosex,50,False,model seed = shard seed; splits fixed,1,100,100,[20],0.001,0.0001,4,"[30, 30]",60,0.01,0.001,compas/seed123/equalized/fnf_paper7_nosex_gamma0.02_made50,,,,,,,,,,,,,,,,
compas,123,equalized,fnf,categorical,,0.1,paper7_nosex,100,False,model seed = shard seed; splits fixed,1,100,100,[20],0.001,0.0001,4,"[30, 30]",60,0.01,0.001,compas/seed123/equalized/fnf_paper7_nosex_gamma0.1_made100,,,,,,,,,,,,,,,,
compas,123,equalized,fnf,categorical,,0.1,paper7_nosex,50,False,model seed = shard seed; splits fixed,1,100,100,[20],0.001,0.0001,4,"[30, 30]",60,0.01,0.001,compas/seed123/equalized/fnf_paper7_nosex_gamma0.1_made50,,,,,,,,,,,,,,,,
compas,123,equalized,fnf,categorical,,0.2,paper7_nosex,100,False,model seed = shard seed; splits fixed,1,100,100,[20],0.001,0.0001,4,"[30, 30]",60,0.01,0.001,compas/seed123/equalized/fnf_paper7_nosex_gamma0.2_made100,,,,,,,,,,,,,,,,
compas,123,equalized,fnf,categorical,,0.2,paper7_nosex,50,False,model seed = shard seed; splits fixed,1,100,100,[20],0.001,0.0001,4,"[30, 30]",60,0.01,0.001,compas/seed123/equalized/fnf_paper7_nosex_gamma0.2_made50,,,,,,,,,,,,,,,,
compas,123,equalized,fnf,categorical,,0.5,paper7_nosex,100,False,model seed = shard seed; splits fixed,1,100,100,[20],0.001,0.0001,4,"[30, 30]",60,0.01,0.001,compas/seed123/equalized/fnf_paper7_nosex_gamma0.5_made100,,,,,,,,,,,,,,,,
compas,123,equalized,fnf,categorical,,0.5,paper7_nosex,50,False,model seed = shard seed; splits fixed,1,100,100,[20],0.001,0.0001,4,"[30, 30]",60,0.01,0.001,compas/seed123/equalized/fnf_paper7_nosex_gamma0.5_made50,,,,,,,,,,,,,,,,
compas,123,equalized,fnf,categorical,,0.9,paper7_nosex,100,False,model seed = shard seed; splits fixed,1,100,100,[20],0.001,0.0001,4,"[30, 30]",60,0.01,0.001,compas/seed123/equalized/fnf_paper7_nosex_gamma0.9_made100,,,,,,,,,,,,,,,,
compas,123,equalized,fnf,categorical,,0.9,paper7_nosex,50,False,model seed = shard seed; splits fixed,1,100,100,[20],0.001,0.0001,4,"[30, 30]",60,0.01,0.001,compas/seed123/equalized/fnf_paper7_nosex_gamma0.9_made50,,,,,,,,,,,,,,,,
compas,123,equalized,fnf,categorical,,0.0,paper7_nosex,100,False,model seed = shard seed; splits fixed,1,100,100,[20],0.001,0.0001,4,"[30, 30]",60,0.01,0.001,compas/seed123/equalized/fnf_paper7_nosex_gamma0_made100,,,,,,,,,,,,,,,,
compas,123,equalized,fnf,categorical,,0.0,paper7_nosex,50,False,model seed = shard seed; splits fixed,1,100,100,[20],0.001,0.0001,4,"[30, 30]",60,0.01,0.001,compas/seed123/equalized/fnf_paper7_nosex_gamma0_made50,,,,,,,,,,,,,,,,
compas,123,equalized,fnf,categorical,,1.0,paper7_nosex,100,False,model seed = shard seed; splits fixed,1,100,100,[20],0.001,0.0001,4,"[30, 30]",60,0.01,0.001,compas/seed123/equalized/fnf_paper7_nosex_gamma1_made100,,,,,,,,,,,,,,,,
compas,123,equalized,fnf,categorical,,1.0,paper7_nosex,50,False,model seed = shard seed; splits fixed,1,100,100,[20],0.001,0.0001,4,"[30, 30]",60,0.01,0.001,compas/seed123/equalized/fnf_paper7_nosex_gamma1_made50,,,,,,,,,,,,,,,,
compas,123,natural,fnf,categorical_conditional,y,0.5,paper7,50,False,model seed = shard seed; splits fixed,,100,100,[20],0.001,0.0001,4,"[30, 30]",60,0.01,0.001,compas/seed123/natural/cfnf_paper7_cond-y_gamma0.5_made50,,,,,,,,,,,,,,,,
compas,123,natural,fnf,categorical_conditional,y,1.0,paper7,50,False,model seed = shard seed; splits fixed,,100,100,[20],0.001,0.0001,4,"[30, 30]",60,0.01,0.001,compas/seed123/natural/cfnf_paper7_cond-y_gamma1_made50,,,,,,,,,,,,,,,,
compas,123,natural,fnf,categorical_conditional,yhat,0.5,paper7,50,False,model seed = shard seed; splits fixed,,100,100,[20],0.001,0.0001,4,"[30, 30]",60,0.01,0.001,compas/seed123/natural/cfnf_paper7_cond-yhat_gamma0.5_made50,,,,,,,,,,,,,,,,
compas,123,natural,fnf,categorical_conditional,yhat,1.0,paper7,50,False,model seed = shard seed; splits fixed,,100,100,[20],0.001,0.0001,4,"[30, 30]",60,0.01,0.001,compas/seed123/natural/cfnf_paper7_cond-yhat_gamma1_made50,,,,,,,,,,,,,,,,
compas,123,natural,erm,,,,paper7,,False,model seed = shard seed; splits fixed,,100,100,[20],0.001,0.0001,4,"[30, 30]",60,0.01,0.001,compas/seed123/natural/erm_paper7,,,,,,,,,,,,,,,,
compas,123,natural,erm,,,,paper7_nosex,,False,model seed = shard seed; splits fixed,,100,100,[20],0.001,0.0001,4,"[30, 30]",60,0.01,0.001,compas/seed123/natural/erm_paper7_nosex,,,,,,,,,,,,,,,,
compas,123,natural,fnf,categorical,,0.02,paper7,100,False,model seed = shard seed; splits fixed,1,100,100,[20],0.001,0.0001,4,"[30, 30]",60,0.01,0.001,compas/seed123/natural/fnf_paper7_gamma0.02_made100,,,,,,,,,,,,,,,,
compas,123,natural,fnf,categorical,,0.02,paper7,50,False,model seed = shard seed; splits fixed,1,100,100,[20],0.001,0.0001,4,"[30, 30]",60,0.01,0.001,compas/seed123/natural/fnf_paper7_gamma0.02_made50,,,,,,,,,,,,,,,,
compas,123,natural,fnf,categorical,,0.1,paper7,100,False,model seed = shard seed; splits fixed,1,100,100,[20],0.001,0.0001,4,"[30, 30]",60,0.01,0.001,compas/seed123/natural/fnf_paper7_gamma0.1_made100,,,,,,,,,,,,,,,,
compas,123,natural,fnf,categorical,,0.1,paper7,50,False,model seed = shard seed; splits fixed,1,100,100,[20],0.001,0.0001,4,"[30, 30]",60,0.01,0.001,compas/seed123/natural/fnf_paper7_gamma0.1_made50,,,,,,,,,,,,,,,,
compas,123,natural,fnf,categorical,,0.2,paper7,100,False,model seed = shard seed; splits fixed,1,100,100,[20],0.001,0.0001,4,"[30, 30]",60,0.01,0.001,compas/seed123/natural/fnf_paper7_gamma0.2_made100,,,,,,,,,,,,,,,,
compas,123,natural,fnf,categorical,,0.2,paper7,50,False,model seed = shard seed; splits fixed,1,100,100,[20],0.001,0.0001,4,"[30, 30]",60,0.01,0.001,compas/seed123/natural/fnf_paper7_gamma0.2_made50,,,,,,,,,,,,,,,,
compas,123,natural,fnf,categorical,,0.5,paper7,100,False,model seed = shard seed; splits fixed,1,100,100,[20],0.001,0.0001,4,"[30, 30]",60,0.01,0.001,compas/seed123/natural/fnf_paper7_gamma0.5_made100,,,,,,,,,,,,,,,,
compas,123,natural,fnf,categorical,,0.5,paper7,50,False,model seed = shard seed; splits fixed,1,100,100,[20],0.001,0.0001,4,"[30, 30]",60,0.01,0.001,compas/seed123/natural/fnf_paper7_gamma0.5_made50,,,,,,,,,,,,,,,,
compas,123,natural,fnf,categorical,,0.9,paper7,100,False,model seed = shard seed; splits fixed,1,100,100,[20],0.001,0.0001,4,"[30, 30]",60,0.01,0.001,compas/seed123/natural/fnf_paper7_gamma0.9_made100,,,,,,,,,,,,,,,,
compas,123,natural,fnf,categorical,,0.9,paper7,50,False,model seed = shard seed; splits fixed,1,100,100,[20],0.001,0.0001,4,"[30, 30]",60,0.01,0.001,compas/seed123/natural/fnf_paper7_gamma0.9_made50,,,,,,,,,,,,,,,,
compas,123,natural,fnf,categorical,,0.0,paper7,100,False,model seed = shard seed; splits fixed,1,100,100,[20],0.001,0.0001,4,"[30, 30]",60,0.01,0.001,compas/seed123/natural/fnf_paper7_gamma0_made100,,,,,,,,,,,,,,,,
compas,123,natural,fnf,categorical,,0.0,paper7,50,False,model seed = shard seed; splits fixed,1,100,100,[20],0.001,0.0001,4,"[30, 30]",60,0.01,0.001,compas/seed123/natural/fnf_paper7_gamma0_made50,,,,,,,,,,,,,,,,
compas,123,natural,fnf,categorical,,1.0,paper7,100,False,model seed = shard seed; splits fixed,1,100,100,[20],0.001,0.0001,4,"[30, 30]",60,0.01,0.001,compas/seed123/natural/fnf_paper7_gamma1_made100,,,,,,,,,,,,,,,,
compas,123,natural,fnf,categorical,,1.0,paper7,50,False,model seed = shard seed; splits fixed,1,100,100,[20],0.001,0.0001,4,"[30, 30]",60,0.01,0.001,compas/seed123/natural/fnf_paper7_gamma1_made50,,,,,,,,,,,,,,,,
compas,123,natural,fnf,categorical,,0.02,paper7_nosex,100,False,model seed = shard seed; splits fixed,1,100,100,[20],0.001,0.0001,4,"[30, 30]",60,0.01,0.001,compas/seed123/natural/fnf_paper7_nosex_gamma0.02_made100,,,,,,,,,,,,,,,,
compas,123,natural,fnf,categorical,,0.02,paper7_nosex,50,False,model seed = shard seed; splits fixed,1,100,100,[20],0.001,0.0001,4,"[30, 30]",60,0.01,0.001,compas/seed123/natural/fnf_paper7_nosex_gamma0.02_made50,,,,,,,,,,,,,,,,
compas,123,natural,fnf,categorical,,0.1,paper7_nosex,100,False,model seed = shard seed; splits fixed,1,100,100,[20],0.001,0.0001,4,"[30, 30]",60,0.01,0.001,compas/seed123/natural/fnf_paper7_nosex_gamma0.1_made100,,,,,,,,,,,,,,,,
compas,123,natural,fnf,categorical,,0.1,paper7_nosex,50,False,model seed = shard seed; splits fixed,1,100,100,[20],0.001,0.0001,4,"[30, 30]",60,0.01,0.001,compas/seed123/natural/fnf_paper7_nosex_gamma0.1_made50,,,,,,,,,,,,,,,,
compas,123,natural,fnf,categorical,,0.2,paper7_nosex,100,False,model seed = shard seed; splits fixed,1,100,100,[20],0.001,0.0001,4,"[30, 30]",60,0.01,0.001,compas/seed123/natural/fnf_paper7_nosex_gamma0.2_made100,,,,,,,,,,,,,,,,
compas,123,natural,fnf,categorical,,0.2,paper7_nosex,50,False,model seed = shard seed; splits fixed,1,100,100,[20],0.001,0.0001,4,"[30, 30]",60,0.01,0.001,compas/seed123/natural/fnf_paper7_nosex_gamma0.2_made50,,,,,,,,,,,,,,,,
compas,123,natural,fnf,categorical,,0.5,paper7_nosex,100,False,model seed = shard seed; splits fixed,1,100,100,[20],0.001,0.0001,4,"[30, 30]",60,0.01,0.001,compas/seed123/natural/fnf_paper7_nosex_gamma0.5_made100,,,,,,,,,,,,,,,,
compas,123,natural,fnf,categorical,,0.5,paper7_nosex,50,False,model seed = shard seed; splits fixed,1,100,100,[20],0.001,0.0001,4,"[30, 30]",60,0.01,0.001,compas/seed123/natural/fnf_paper7_nosex_gamma0.5_made50,,,,,,,,,,,,,,,,
compas,123,natural,fnf,categorical,,0.9,paper7_nosex,100,False,model seed = shard seed; splits fixed,1,100,100,[20],0.001,0.0001,4,"[30, 30]",60,0.01,0.001,compas/seed123/natural/fnf_paper7_nosex_gamma0.9_made100,,,,,,,,,,,,,,,,
compas,123,natural,fnf,categorical,,0.9,paper7_nosex,50,False,model seed = shard seed; splits fixed,1,100,100,[20],0.001,0.0001,4,"[30, 30]",60,0.01,0.001,compas/seed123/natural/fnf_paper7_nosex_gamma0.9_made50,,,,,,,,,,,,,,,,
compas,123,natural,fnf,categorical,,0.0,paper7_nosex,100,False,model seed = shard seed; splits fixed,1,100,100,[20],0.001,0.0001,4,"[30, 30]",60,0.01,0.001,compas/seed123/natural/fnf_paper7_nosex_gamma0_made100,,,,,,,,,,,,,,,,
compas,123,natural,fnf,categorical,,0.0,paper7_nosex,50,False,model seed = shard seed; splits fixed,1,100,100,[20],0.001,0.0001,4,"[30, 30]",60,0.01,0.001,compas/seed123/natural/fnf_paper7_nosex_gamma0_made50,,,,,,,,,,,,,,,,
compas,123,natural,fnf,categorical,,1.0,paper7_nosex,100,False,model seed = shard seed; splits fixed,1,100,100,[20],0.001,0.0001,4,"[30, 30]",60,0.01,0.001,compas/seed123/natural/fnf_paper7_nosex_gamma1_made100,,,,,,,,,,,,,,,,
compas,123,natural,fnf,categorical,,1.0,paper7_nosex,50,False,model seed = shard seed; splits fixed,1,100,100,[20],0.001,0.0001,4,"[30, 30]",60,0.01,0.001,compas/seed123/natural/fnf_paper7_nosex_gamma1_made50,,,,,,,,,,,,,,,,
compas,123,shift50,fnf,categorical_conditional,y,0.5,paper7,50,False,model seed = shard seed; splits fixed,,100,100,[20],0.001,0.0001,4,"[30, 30]",60,0.01,0.001,compas/seed123/shift50/cfnf_paper7_cond-y_gamma0.5_made50,,,,,,,,,,,,,,,,
compas,123,shift50,fnf,categorical_conditional,y,1.0,paper7,50,False,model seed = shard seed; splits fixed,,100,100,[20],0.001,0.0001,4,"[30, 30]",60,0.01,0.001,compas/seed123/shift50/cfnf_paper7_cond-y_gamma1_made50,,,,,,,,,,,,,,,,
compas,123,shift50,fnf,categorical_conditional,yhat,0.5,paper7,50,False,model seed = shard seed; splits fixed,,100,100,[20],0.001,0.0001,4,"[30, 30]",60,0.01,0.001,compas/seed123/shift50/cfnf_paper7_cond-yhat_gamma0.5_made50,,,,,,,,,,,,,,,,
compas,123,shift50,fnf,categorical_conditional,yhat,1.0,paper7,50,False,model seed = shard seed; splits fixed,,100,100,[20],0.001,0.0001,4,"[30, 30]",60,0.01,0.001,compas/seed123/shift50/cfnf_paper7_cond-yhat_gamma1_made50,,,,,,,,,,,,,,,,
compas,123,shift50,erm,,,,paper7,,False,model seed = shard seed; splits fixed,,100,100,[20],0.001,0.0001,4,"[30, 30]",60,0.01,0.001,compas/seed123/shift50/erm_paper7,,,,,,,,,,,,,,,,
compas,123,shift50,erm,,,,paper7_nosex,,False,model seed = shard seed; splits fixed,,100,100,[20],0.001,0.0001,4,"[30, 30]",60,0.01,0.001,compas/seed123/shift50/erm_paper7_nosex,,,,,,,,,,,,,,,,
compas,123,shift50,fnf,categorical,,0.02,paper7,100,False,model seed = shard seed; splits fixed,1,100,100,[20],0.001,0.0001,4,"[30, 30]",60,0.01,0.001,compas/seed123/shift50/fnf_paper7_gamma0.02_made100,,,,,,,,,,,,,,,,
compas,123,shift50,fnf,categorical,,0.02,paper7,50,False,model seed = shard seed; splits fixed,1,100,100,[20],0.001,0.0001,4,"[30, 30]",60,0.01,0.001,compas/seed123/shift50/fnf_paper7_gamma0.02_made50,,,,,,,,,,,,,,,,
compas,123,shift50,fnf,categorical,,0.1,paper7,100,False,model seed = shard seed; splits fixed,1,100,100,[20],0.001,0.0001,4,"[30, 30]",60,0.01,0.001,compas/seed123/shift50/fnf_paper7_gamma0.1_made100,,,,,,,,,,,,,,,,
compas,123,shift50,fnf,categorical,,0.1,paper7,50,False,model seed = shard seed; splits fixed,1,100,100,[20],0.001,0.0001,4,"[30, 30]",60,0.01,0.001,compas/seed123/shift50/fnf_paper7_gamma0.1_made50,,,,,,,,,,,,,,,,
compas,123,shift50,fnf,categorical,,0.2,paper7,100,False,model seed = shard seed; splits fixed,1,100,100,[20],0.001,0.0001,4,"[30, 30]",60,0.01,0.001,compas/seed123/shift50/fnf_paper7_gamma0.2_made100,,,,,,,,,,,,,,,,
compas,123,shift50,fnf,categorical,,0.2,paper7,50,False,model seed = shard seed; splits fixed,1,100,100,[20],0.001,0.0001,4,"[30, 30]",60,0.01,0.001,compas/seed123/shift50/fnf_paper7_gamma0.2_made50,,,,,,,,,,,,,,,,
compas,123,shift50,fnf,categorical,,0.5,paper7,100,False,model seed = shard seed; splits fixed,1,100,100,[20],0.001,0.0001,4,"[30, 30]",60,0.01,0.001,compas/seed123/shift50/fnf_paper7_gamma0.5_made100,,,,,,,,,,,,,,,,
compas,123,shift50,fnf,categorical,,0.5,paper7,50,False,model seed = shard seed; splits fixed,1,100,100,[20],0.001,0.0001,4,"[30, 30]",60,0.01,0.001,compas/seed123/shift50/fnf_paper7_gamma0.5_made50,,,,,,,,,,,,,,,,
compas,123,shift50,fnf,categorical,,0.9,paper7,100,False,model seed = shard seed; splits fixed,1,100,100,[20],0.001,0.0001,4,"[30, 30]",60,0.01,0.001,compas/seed123/shift50/fnf_paper7_gamma0.9_made100,,,,,,,,,,,,,,,,
compas,123,shift50,fnf,categorical,,0.9,paper7,50,False,model seed = shard seed; splits fixed,1,100,100,[20],0.001,0.0001,4,"[30, 30]",60,0.01,0.001,compas/seed123/shift50/fnf_paper7_gamma0.9_made50,,,,,,,,,,,,,,,,
compas,123,shift50,fnf,categorical,,0.0,paper7,100,False,model seed = shard seed; splits fixed,1,100,100,[20],0.001,0.0001,4,"[30, 30]",60,0.01,0.001,compas/seed123/shift50/fnf_paper7_gamma0_made100,,,,,,,,,,,,,,,,
compas,123,shift50,fnf,categorical,,0.0,paper7,50,False,model seed = shard seed; splits fixed,1,100,100,[20],0.001,0.0001,4,"[30, 30]",60,0.01,0.001,compas/seed123/shift50/fnf_paper7_gamma0_made50,,,,,,,,,,,,,,,,
compas,123,shift50,fnf,categorical,,1.0,paper7,100,False,model seed = shard seed; splits fixed,1,100,100,[20],0.001,0.0001,4,"[30, 30]",60,0.01,0.001,compas/seed123/shift50/fnf_paper7_gamma1_made100,,,,,,,,,,,,,,,,
compas,123,shift50,fnf,categorical,,1.0,paper7,50,False,model seed = shard seed; splits fixed,1,100,100,[20],0.001,0.0001,4,"[30, 30]",60,0.01,0.001,compas/seed123/shift50/fnf_paper7_gamma1_made50,,,,,,,,,,,,,,,,
compas,123,shift50,fnf,categorical,,0.02,paper7_nosex,100,False,model seed = shard seed; splits fixed,1,100,100,[20],0.001,0.0001,4,"[30, 30]",60,0.01,0.001,compas/seed123/shift50/fnf_paper7_nosex_gamma0.02_made100,,,,,,,,,,,,,,,,
compas,123,shift50,fnf,categorical,,0.02,paper7_nosex,50,False,model seed = shard seed; splits fixed,1,100,100,[20],0.001,0.0001,4,"[30, 30]",60,0.01,0.001,compas/seed123/shift50/fnf_paper7_nosex_gamma0.02_made50,,,,,,,,,,,,,,,,
compas,123,shift50,fnf,categorical,,0.1,paper7_nosex,100,False,model seed = shard seed; splits fixed,1,100,100,[20],0.001,0.0001,4,"[30, 30]",60,0.01,0.001,compas/seed123/shift50/fnf_paper7_nosex_gamma0.1_made100,,,,,,,,,,,,,,,,
compas,123,shift50,fnf,categorical,,0.1,paper7_nosex,50,False,model seed = shard seed; splits fixed,1,100,100,[20],0.001,0.0001,4,"[30, 30]",60,0.01,0.001,compas/seed123/shift50/fnf_paper7_nosex_gamma0.1_made50,,,,,,,,,,,,,,,,
compas,123,shift50,fnf,categorical,,0.2,paper7_nosex,100,False,model seed = shard seed; splits fixed,1,100,100,[20],0.001,0.0001,4,"[30, 30]",60,0.01,0.001,compas/seed123/shift50/fnf_paper7_nosex_gamma0.2_made100,,,,,,,,,,,,,,,,
compas,123,shift50,fnf,categorical,,0.2,paper7_nosex,50,False,model seed = shard seed; splits fixed,1,100,100,[20],0.001,0.0001,4,"[30, 30]",60,0.01,0.001,compas/seed123/shift50/fnf_paper7_nosex_gamma0.2_made50,,,,,,,,,,,,,,,,
compas,123,shift50,fnf,categorical,,0.5,paper7_nosex,100,False,model seed = shard seed; splits fixed,1,100,100,[20],0.001,0.0001,4,"[30, 30]",60,0.01,0.001,compas/seed123/shift50/fnf_paper7_nosex_gamma0.5_made100,,,,,,,,,,,,,,,,
compas,123,shift50,fnf,categorical,,0.5,paper7_nosex,50,False,model seed = shard seed; splits fixed,1,100,100,[20],0.001,0.0001,4,"[30, 30]",60,0.01,0.001,compas/seed123/shift50/fnf_paper7_nosex_gamma0.5_made50,,,,,,,,,,,,,,,,
compas,123,shift50,fnf,categorical,,0.9,paper7_nosex,100,False,model seed = shard seed; splits fixed,1,100,100,[20],0.001,0.0001,4,"[30, 30]",60,0.01,0.001,compas/seed123/shift50/fnf_paper7_nosex_gamma0.9_made100,,,,,,,,,,,,,,,,
compas,123,shift50,fnf,categorical,,0.9,paper7_nosex,50,False,model seed = shard seed; splits fixed,1,100,100,[20],0.001,0.0001,4,"[30, 30]",60,0.01,0.001,compas/seed123/shift50/fnf_paper7_nosex_gamma0.9_made50,,,,,,,,,,,,,,,,
compas,123,shift50,fnf,categorical,,0.0,paper7_nosex,100,False,model seed = shard seed; splits fixed,1,100,100,[20],0.001,0.0001,4,"[30, 30]",60,0.01,0.001,compas/seed123/shift50/fnf_paper7_nosex_gamma0_made100,,,,,,,,,,,,,,,,
compas,123,shift50,fnf,categorical,,0.0,paper7_nosex,50,False,model seed = shard seed; splits fixed,1,100,100,[20],0.001,0.0001,4,"[30, 30]",60,0.01,0.001,compas/seed123/shift50/fnf_paper7_nosex_gamma0_made50,,,,,,,,,,,,,,,,
compas,123,shift50,fnf,categorical,,1.0,paper7_nosex,100,False,model seed = shard seed; splits fixed,1,100,100,[20],0.001,0.0001,4,"[30, 30]",60,0.01,0.001,compas/seed123/shift50/fnf_paper7_nosex_gamma1_made100,,,,,,,,,,,,,,,,
compas,123,shift50,fnf,categorical,,1.0,paper7_nosex,50,False,model seed = shard seed; splits fixed,1,100,100,[20],0.001,0.0001,4,"[30, 30]",60,0.01,0.001,compas/seed123/shift50/fnf_paper7_nosex_gamma1_made50,,,,,,,,,,,,,,,,
compas,123,shift75,fnf,categorical_conditional,y,0.5,paper7,50,False,model seed = shard seed; splits fixed,,100,100,[20],0.001,0.0001,4,"[30, 30]",60,0.01,0.001,compas/seed123/shift75/cfnf_paper7_cond-y_gamma0.5_made50,,,,,,,,,,,,,,,,
compas,123,shift75,fnf,categorical_conditional,y,1.0,paper7,50,False,model seed = shard seed; splits fixed,,100,100,[20],0.001,0.0001,4,"[30, 30]",60,0.01,0.001,compas/seed123/shift75/cfnf_paper7_cond-y_gamma1_made50,,,,,,,,,,,,,,,,
compas,123,shift75,fnf,categorical_conditional,yhat,0.5,paper7,50,False,model seed = shard seed; splits fixed,,100,100,[20],0.001,0.0001,4,"[30, 30]",60,0.01,0.001,compas/seed123/shift75/cfnf_paper7_cond-yhat_gamma0.5_made50,,,,,,,,,,,,,,,,
compas,123,shift75,fnf,categorical_conditional,yhat,1.0,paper7,50,False,model seed = shard seed; splits fixed,,100,100,[20],0.001,0.0001,4,"[30, 30]",60,0.01,0.001,compas/seed123/shift75/cfnf_paper7_cond-yhat_gamma1_made50,,,,,,,,,,,,,,,,
compas,123,shift75,erm,,,,paper7,,False,model seed = shard seed; splits fixed,,100,100,[20],0.001,0.0001,4,"[30, 30]",60,0.01,0.001,compas/seed123/shift75/erm_paper7,,,,,,,,,,,,,,,,
compas,123,shift75,erm,,,,paper7_nosex,,False,model seed = shard seed; splits fixed,,100,100,[20],0.001,0.0001,4,"[30, 30]",60,0.01,0.001,compas/seed123/shift75/erm_paper7_nosex,,,,,,,,,,,,,,,,
compas,123,shift75,fnf,categorical,,0.02,paper7,100,False,model seed = shard seed; splits fixed,1,100,100,[20],0.001,0.0001,4,"[30, 30]",60,0.01,0.001,compas/seed123/shift75/fnf_paper7_gamma0.02_made100,,,,,,,,,,,,,,,,
compas,123,shift75,fnf,categorical,,0.02,paper7,50,False,model seed = shard seed; splits fixed,1,100,100,[20],0.001,0.0001,4,"[30, 30]",60,0.01,0.001,compas/seed123/shift75/fnf_paper7_gamma0.02_made50,,,,,,,,,,,,,,,,
compas,123,shift75,fnf,categorical,,0.1,paper7,100,False,model seed = shard seed; splits fixed,1,100,100,[20],0.001,0.0001,4,"[30, 30]",60,0.01,0.001,compas/seed123/shift75/fnf_paper7_gamma0.1_made100,,,,,,,,,,,,,,,,
compas,123,shift75,fnf,categorical,,0.1,paper7,50,False,model seed = shard seed; splits fixed,1,100,100,[20],0.001,0.0001,4,"[30, 30]",60,0.01,0.001,compas/seed123/shift75/fnf_paper7_gamma0.1_made50,,,,,,,,,,,,,,,,
compas,123,shift75,fnf,categorical,,0.2,paper7,100,False,model seed = shard seed; splits fixed,1,100,100,[20],0.001,0.0001,4,"[30, 30]",60,0.01,0.001,compas/seed123/shift75/fnf_paper7_gamma0.2_made100,,,,,,,,,,,,,,,,
compas,123,shift75,fnf,categorical,,0.2,paper7,50,False,model seed = shard seed; splits fixed,1,100,100,[20],0.001,0.0001,4,"[30, 30]",60,0.01,0.001,compas/seed123/shift75/fnf_paper7_gamma0.2_made50,,,,,,,,,,,,,,,,
compas,123,shift75,fnf,categorical,,0.5,paper7,100,False,model seed = shard seed; splits fixed,1,100,100,[20],0.001,0.0001,4,"[30, 30]",60,0.01,0.001,compas/seed123/shift75/fnf_paper7_gamma0.5_made100,,,,,,,,,,,,,,,,
compas,123,shift75,fnf,categorical,,0.5,paper7,50,False,model seed = shard seed; splits fixed,1,100,100,[20],0.001,0.0001,4,"[30, 30]",60,0.01,0.001,compas/seed123/shift75/fnf_paper7_gamma0.5_made50,,,,,,,,,,,,,,,,
compas,123,shift75,fnf,categorical,,0.9,paper7,100,False,model seed = shard seed; splits fixed,1,100,100,[20],0.001,0.0001,4,"[30, 30]",60,0.01,0.001,compas/seed123/shift75/fnf_paper7_gamma0.9_made100,,,,,,,,,,,,,,,,
compas,123,shift75,fnf,categorical,,0.9,paper7,50,False,model seed = shard seed; splits fixed,1,100,100,[20],0.001,0.0001,4,"[30, 30]",60,0.01,0.001,compas/seed123/shift75/fnf_paper7_gamma0.9_made50,,,,,,,,,,,,,,,,
compas,123,shift75,fnf,categorical,,0.0,paper7,100,False,model seed = shard seed; splits fixed,1,100,100,[20],0.001,0.0001,4,"[30, 30]",60,0.01,0.001,compas/seed123/shift75/fnf_paper7_gamma0_made100,,,,,,,,,,,,,,,,
compas,123,shift75,fnf,categorical,,0.0,paper7,50,False,model seed = shard seed; splits fixed,1,100,100,[20],0.001,0.0001,4,"[30, 30]",60,0.01,0.001,compas/seed123/shift75/fnf_paper7_gamma0_made50,,,,,,,,,,,,,,,,
compas,123,shift75,fnf,categorical,,1.0,paper7,100,False,model seed = shard seed; splits fixed,1,100,100,[20],0.001,0.0001,4,"[30, 30]",60,0.01,0.001,compas/seed123/shift75/fnf_paper7_gamma1_made100,,,,,,,,,,,,,,,,
compas,123,shift75,fnf,categorical,,1.0,paper7,50,False,model seed = shard seed; splits fixed,1,100,100,[20],0.001,0.0001,4,"[30, 30]",60,0.01,0.001,compas/seed123/shift75/fnf_paper7_gamma1_made50,,,,,,,,,,,,,,,,
compas,123,shift75,fnf,categorical,,0.02,paper7_nosex,100,False,model seed = shard seed; splits fixed,1,100,100,[20],0.001,0.0001,4,"[30, 30]",60,0.01,0.001,compas/seed123/shift75/fnf_paper7_nosex_gamma0.02_made100,,,,,,,,,,,,,,,,
compas,123,shift75,fnf,categorical,,0.02,paper7_nosex,50,False,model seed = shard seed; splits fixed,1,100,100,[20],0.001,0.0001,4,"[30, 30]",60,0.01,0.001,compas/seed123/shift75/fnf_paper7_nosex_gamma0.02_made50,,,,,,,,,,,,,,,,
compas,123,shift75,fnf,categorical,,0.1,paper7_nosex,100,False,model seed = shard seed; splits fixed,1,100,100,[20],0.001,0.0001,4,"[30, 30]",60,0.01,0.001,compas/seed123/shift75/fnf_paper7_nosex_gamma0.1_made100,,,,,,,,,,,,,,,,
compas,123,shift75,fnf,categorical,,0.1,paper7_nosex,50,False,model seed = shard seed; splits fixed,1,100,100,[20],0.001,0.0001,4,"[30, 30]",60,0.01,0.001,compas/seed123/shift75/fnf_paper7_nosex_gamma0.1_made50,,,,,,,,,,,,,,,,
compas,123,shift75,fnf,categorical,,0.2,paper7_nosex,100,False,model seed = shard seed; splits fixed,1,100,100,[20],0.001,0.0001,4,"[30, 30]",60,0.01,0.001,compas/seed123/shift75/fnf_paper7_nosex_gamma0.2_made100,,,,,,,,,,,,,,,,
compas,123,shift75,fnf,categorical,,0.2,paper7_nosex,50,False,model seed = shard seed; splits fixed,1,100,100,[20],0.001,0.0001,4,"[30, 30]",60,0.01,0.001,compas/seed123/shift75/fnf_paper7_nosex_gamma0.2_made50,,,,,,,,,,,,,,,,
compas,123,shift75,fnf,categorical,,0.5,paper7_nosex,100,False,model seed = shard seed; splits fixed,1,100,100,[20],0.001,0.0001,4,"[30, 30]",60,0.01,0.001,compas/seed123/shift75/fnf_paper7_nosex_gamma0.5_made100,,,,,,,,,,,,,,,,
compas,123,shift75,fnf,categorical,,0.5,paper7_nosex,50,False,model seed = shard seed; splits fixed,1,100,100,[20],0.001,0.0001,4,"[30, 30]",60,0.01,0.001,compas/seed123/shift75/fnf_paper7_nosex_gamma0.5_made50,,,,,,,,,,,,,,,,
compas,123,shift75,fnf,categorical,,0.9,paper7_nosex,100,False,model seed = shard seed; splits fixed,1,100,100,[20],0.001,0.0001,4,"[30, 30]",60,0.01,0.001,compas/seed123/shift75/fnf_paper7_nosex_gamma0.9_made100,,,,,,,,,,,,,,,,
compas,123,shift75,fnf,categorical,,0.9,paper7_nosex,50,False,model seed = shard seed; splits fixed,1,100,100,[20],0.001,0.0001,4,"[30, 30]",60,0.01,0.001,compas/seed123/shift75/fnf_paper7_nosex_gamma0.9_made50,,,,,,,,,,,,,,,,
compas,123,shift75,fnf,categorical,,0.0,paper7_nosex,100,False,model seed = shard seed; splits fixed,1,100,100,[20],0.001,0.0001,4,"[30, 30]",60,0.01,0.001,compas/seed123/shift75/fnf_paper7_nosex_gamma0_made100,,,,,,,,,,,,,,,,
compas,123,shift75,fnf,categorical,,0.0,paper7_nosex,50,False,model seed = shard seed; splits fixed,1,100,100,[20],0.001,0.0001,4,"[30, 30]",60,0.01,0.001,compas/seed123/shift75/fnf_paper7_nosex_gamma0_made50,,,,,,,,,,,,,,,,
compas,123,shift75,fnf,categorical,,1.0,paper7_nosex,100,False,model seed = shard seed; splits fixed,1,100,100,[20],0.001,0.0001,4,"[30, 30]",60,0.01,0.001,compas/seed123/shift75/fnf_paper7_nosex_gamma1_made100,,,,,,,,,,,,,,,,
compas,123,shift75,fnf,categorical,,1.0,paper7_nosex,50,False,model seed = shard seed; splits fixed,1,100,100,[20],0.001,0.0001,4,"[30, 30]",60,0.01,0.001,compas/seed123/shift75/fnf_paper7_nosex_gamma1_made50,,,,,,,,,,,,,,,,
compas,42,equalized,fnf,categorical_conditional,y,0.5,paper7,50,False,model seed = shard seed; splits fixed,,100,100,[20],0.001,0.0001,4,"[30, 30]",60,0.01,0.001,compas/seed42/equalized/cfnf_paper7_cond-y_gamma0.5_made50,,,,,,,,,,,,,,,,
compas,42,equalized,fnf,categorical_conditional,y,1.0,paper7,50,False,model seed = shard seed; splits fixed,,100,100,[20],0.001,0.0001,4,"[30, 30]",60,0.01,0.001,compas/seed42/equalized/cfnf_paper7_cond-y_gamma1_made50,,,,,,,,,,,,,,,,
compas,42,equalized,fnf,categorical_conditional,yhat,0.5,paper7,50,False,model seed = shard seed; splits fixed,,100,100,[20],0.001,0.0001,4,"[30, 30]",60,0.01,0.001,compas/seed42/equalized/cfnf_paper7_cond-yhat_gamma0.5_made50,,,,,,,,,,,,,,,,
compas,42,equalized,fnf,categorical_conditional,yhat,1.0,paper7,50,False,model seed = shard seed; splits fixed,,100,100,[20],0.001,0.0001,4,"[30, 30]",60,0.01,0.001,compas/seed42/equalized/cfnf_paper7_cond-yhat_gamma1_made50,,,,,,,,,,,,,,,,
compas,42,equalized,erm,,,,paper7,,False,model seed = shard seed; splits fixed,,100,100,[20],0.001,0.0001,4,"[30, 30]",60,0.01,0.001,compas/seed42/equalized/erm_paper7,,,,,,,,,,,,,,,,
compas,42,equalized,erm,,,,paper7_nosex,,False,model seed = shard seed; splits fixed,,100,100,[20],0.001,0.0001,4,"[30, 30]",60,0.01,0.001,compas/seed42/equalized/erm_paper7_nosex,,,,,,,,,,,,,,,,
compas,42,equalized,fnf,categorical,,0.02,paper7,100,False,model seed = shard seed; splits fixed,1,100,100,[20],0.001,0.0001,4,"[30, 30]",60,0.01,0.001,compas/seed42/equalized/fnf_paper7_gamma0.02_made100,,,,,,,,,,,,,,,,
compas,42,equalized,fnf,categorical,,0.02,paper7,50,False,model seed = shard seed; splits fixed,1,100,100,[20],0.001,0.0001,4,"[30, 30]",60,0.01,0.001,compas/seed42/equalized/fnf_paper7_gamma0.02_made50,,,,,,,,,,,,,,,,
compas,42,equalized,fnf,categorical,,0.1,paper7,100,False,model seed = shard seed; splits fixed,1,100,100,[20],0.001,0.0001,4,"[30, 30]",60,0.01,0.001,compas/seed42/equalized/fnf_paper7_gamma0.1_made100,,,,,,,,,,,,,,,,
compas,42,equalized,fnf,categorical,,0.1,paper7,50,False,model seed = shard seed; splits fixed,1,100,100,[20],0.001,0.0001,4,"[30, 30]",60,0.01,0.001,compas/seed42/equalized/fnf_paper7_gamma0.1_made50,,,,,,,,,,,,,,,,
compas,42,equalized,fnf,categorical,,0.2,paper7,100,False,model seed = shard seed; splits fixed,1,100,100,[20],0.001,0.0001,4,"[30, 30]",60,0.01,0.001,compas/seed42/equalized/fnf_paper7_gamma0.2_made100,,,,,,,,,,,,,,,,
compas,42,equalized,fnf,categorical,,0.2,paper7,50,False,model seed = shard seed; splits fixed,1,100,100,[20],0.001,0.0001,4,"[30, 30]",60,0.01,0.001,compas/seed42/equalized/fnf_paper7_gamma0.2_made50,,,,,,,,,,,,,,,,
compas,42,equalized,fnf,categorical,,0.5,paper7,100,False,model seed = shard seed; splits fixed,1,100,100,[20],0.001,0.0001,4,"[30, 30]",60,0.01,0.001,compas/seed42/equalized/fnf_paper7_gamma0.5_made100,,,,,,,,,,,,,,,,
compas,42,equalized,fnf,categorical,,0.5,paper7,50,False,model seed = shard seed; splits fixed,1,100,100,[20],0.001,0.0001,4,"[30, 30]",60,0.01,0.001,compas/seed42/equalized/fnf_paper7_gamma0.5_made50,,,,,,,,,,,,,,,,
compas,42,equalized,fnf,categorical,,0.9,paper7,100,False,model seed = shard seed; splits fixed,1,100,100,[20],0.001,0.0001,4,"[30, 30]",60,0.01,0.001,compas/seed42/equalized/fnf_paper7_gamma0.9_made100,,,,,,,,,,,,,,,,
compas,42,equalized,fnf,categorical,,0.9,paper7,50,False,model seed = shard seed; splits fixed,1,100,100,[20],0.001,0.0001,4,"[30, 30]",60,0.01,0.001,compas/seed42/equalized/fnf_paper7_gamma0.9_made50,,,,,,,,,,,,,,,,
compas,42,equalized,fnf,categorical,,0.0,paper7,100,False,model seed = shard seed; splits fixed,1,100,100,[20],0.001,0.0001,4,"[30, 30]",60,0.01,0.001,compas/seed42/equalized/fnf_paper7_gamma0_made100,,,,,,,,,,,,,,,,
compas,42,equalized,fnf,categorical,,0.0,paper7,50,False,model seed = shard seed; splits fixed,1,100,100,[20],0.001,0.0001,4,"[30, 30]",60,0.01,0.001,compas/seed42/equalized/fnf_paper7_gamma0_made50,,,,,,,,,,,,,,,,
compas,42,equalized,fnf,categorical,,1.0,paper7,100,False,model seed = shard seed; splits fixed,1,100,100,[20],0.001,0.0001,4,"[30, 30]",60,0.01,0.001,compas/seed42/equalized/fnf_paper7_gamma1_made100,,,,,,,,,,,,,,,,
compas,42,equalized,fnf,categorical,,1.0,paper7,50,False,model seed = shard seed; splits fixed,1,100,100,[20],0.001,0.0001,4,"[30, 30]",60,0.01,0.001,compas/seed42/equalized/fnf_paper7_gamma1_made50,,,,,,,,,,,,,,,,
compas,42,equalized,fnf,categorical,,0.02,paper7_nosex,100,False,model seed = shard seed; splits fixed,1,100,100,[20],0.001,0.0001,4,"[30, 30]",60,0.01,0.001,compas/seed42/equalized/fnf_paper7_nosex_gamma0.02_made100,,,,,,,,,,,,,,,,
compas,42,equalized,fnf,categorical,,0.02,paper7_nosex,50,False,model seed = shard seed; splits fixed,1,100,100,[20],0.001,0.0001,4,"[30, 30]",60,0.01,0.001,compas/seed42/equalized/fnf_paper7_nosex_gamma0.02_made50,,,,,,,,,,,,,,,,
compas,42,equalized,fnf,categorical,,0.1,paper7_nosex,100,False,model seed = shard seed; splits fixed,1,100,100,[20],0.001,0.0001,4,"[30, 30]",60,0.01,0.001,compas/seed42/equalized/fnf_paper7_nosex_gamma0.1_made100,,,,,,,,,,,,,,,,
compas,42,equalized,fnf,categorical,,0.1,paper7_nosex,50,False,model seed = shard seed; splits fixed,1,100,100,[20],0.001,0.0001,4,"[30, 30]",60,0.01,0.001,compas/seed42/equalized/fnf_paper7_nosex_gamma0.1_made50,,,,,,,,,,,,,,,,
compas,42,equalized,fnf,categorical,,0.2,paper7_nosex,100,False,model seed = shard seed; splits fixed,1,100,100,[20],0.001,0.0001,4,"[30, 30]",60,0.01,0.001,compas/seed42/equalized/fnf_paper7_nosex_gamma0.2_made100,,,,,,,,,,,,,,,,
compas,42,equalized,fnf,categorical,,0.2,paper7_nosex,50,False,model seed = shard seed; splits fixed,1,100,100,[20],0.001,0.0001,4,"[30, 30]",60,0.01,0.001,compas/seed42/equalized/fnf_paper7_nosex_gamma0.2_made50,,,,,,,,,,,,,,,,
compas,42,equalized,fnf,categorical,,0.5,paper7_nosex,100,False,model seed = shard seed; splits fixed,1,100,100,[20],0.001,0.0001,4,"[30, 30]",60,0.01,0.001,compas/seed42/equalized/fnf_paper7_nosex_gamma0.5_made100,,,,,,,,,,,,,,,,
compas,42,equalized,fnf,categorical,,0.5,paper7_nosex,50,False,model seed = shard seed; splits fixed,1,100,100,[20],0.001,0.0001,4,"[30, 30]",60,0.01,0.001,compas/seed42/equalized/fnf_paper7_nosex_gamma0.5_made50,,,,,,,,,,,,,,,,
compas,42,equalized,fnf,categorical,,0.9,paper7_nosex,100,False,model seed = shard seed; splits fixed,1,100,100,[20],0.001,0.0001,4,"[30, 30]",60,0.01,0.001,compas/seed42/equalized/fnf_paper7_nosex_gamma0.9_made100,,,,,,,,,,,,,,,,
compas,42,equalized,fnf,categorical,,0.9,paper7_nosex,50,False,model seed = shard seed; splits fixed,1,100,100,[20],0.001,0.0001,4,"[30, 30]",60,0.01,0.001,compas/seed42/equalized/fnf_paper7_nosex_gamma0.9_made50,,,,,,,,,,,,,,,,
compas,42,equalized,fnf,categorical,,0.0,paper7_nosex,100,False,model seed = shard seed; splits fixed,1,100,100,[20],0.001,0.0001,4,"[30, 30]",60,0.01,0.001,compas/seed42/equalized/fnf_paper7_nosex_gamma0_made100,,,,,,,,,,,,,,,,
compas,42,equalized,fnf,categorical,,0.0,paper7_nosex,50,False,model seed = shard seed; splits fixed,1,100,100,[20],0.001,0.0001,4,"[30, 30]",60,0.01,0.001,compas/seed42/equalized/fnf_paper7_nosex_gamma0_made50,,,,,,,,,,,,,,,,
compas,42,equalized,fnf,categorical,,1.0,paper7_nosex,100,False,model seed = shard seed; splits fixed,1,100,100,[20],0.001,0.0001,4,"[30, 30]",60,0.01,0.001,compas/seed42/equalized/fnf_paper7_nosex_gamma1_made100,,,,,,,,,,,,,,,,
compas,42,equalized,fnf,categorical,,1.0,paper7_nosex,50,False,model seed = shard seed; splits fixed,1,100,100,[20],0.001,0.0001,4,"[30, 30]",60,0.01,0.001,compas/seed42/equalized/fnf_paper7_nosex_gamma1_made50,,,,,,,,,,,,,,,,
compas,42,natural,fnf,categorical_conditional,y,0.5,paper7,50,False,model seed = shard seed; splits fixed,,100,100,[20],0.001,0.0001,4,"[30, 30]",60,0.01,0.001,compas/seed42/natural/cfnf_paper7_cond-y_gamma0.5_made50,,,,,,,,,,,,,,,,
compas,42,natural,fnf,categorical_conditional,y,1.0,paper7,50,False,model seed = shard seed; splits fixed,,100,100,[20],0.001,0.0001,4,"[30, 30]",60,0.01,0.001,compas/seed42/natural/cfnf_paper7_cond-y_gamma1_made50,,,,,,,,,,,,,,,,
compas,42,natural,fnf,categorical_conditional,yhat,0.5,paper7,50,False,model seed = shard seed; splits fixed,,100,100,[20],0.001,0.0001,4,"[30, 30]",60,0.01,0.001,compas/seed42/natural/cfnf_paper7_cond-yhat_gamma0.5_made50,,,,,,,,,,,,,,,,
compas,42,natural,fnf,categorical_conditional,yhat,1.0,paper7,50,False,model seed = shard seed; splits fixed,,100,100,[20],0.001,0.0001,4,"[30, 30]",60,0.01,0.001,compas/seed42/natural/cfnf_paper7_cond-yhat_gamma1_made50,,,,,,,,,,,,,,,,
compas,42,natural,erm,,,,paper7,,False,model seed = shard seed; splits fixed,,100,100,[20],0.001,0.0001,4,"[30, 30]",60,0.01,0.001,compas/seed42/natural/erm_paper7,,,,,,,,,,,,,,,,
compas,42,natural,erm,,,,paper7_nosex,,False,model seed = shard seed; splits fixed,,100,100,[20],0.001,0.0001,4,"[30, 30]",60,0.01,0.001,compas/seed42/natural/erm_paper7_nosex,,,,,,,,,,,,,,,,
compas,42,natural,fnf,categorical,,0.02,paper7,100,False,model seed = shard seed; splits fixed,1,100,100,[20],0.001,0.0001,4,"[30, 30]",60,0.01,0.001,compas/seed42/natural/fnf_paper7_gamma0.02_made100,,,,,,,,,,,,,,,,
compas,42,natural,fnf,categorical,,0.02,paper7,50,False,model seed = shard seed; splits fixed,1,100,100,[20],0.001,0.0001,4,"[30, 30]",60,0.01,0.001,compas/seed42/natural/fnf_paper7_gamma0.02_made50,,,,,,,,,,,,,,,,
compas,42,natural,fnf,categorical,,0.1,paper7,100,False,model seed = shard seed; splits fixed,1,100,100,[20],0.001,0.0001,4,"[30, 30]",60,0.01,0.001,compas/seed42/natural/fnf_paper7_gamma0.1_made100,,,,,,,,,,,,,,,,
compas,42,natural,fnf,categorical,,0.1,paper7,50,False,model seed = shard seed; splits fixed,1,100,100,[20],0.001,0.0001,4,"[30, 30]",60,0.01,0.001,compas/seed42/natural/fnf_paper7_gamma0.1_made50,,,,,,,,,,,,,,,,
compas,42,natural,fnf,categorical,,0.2,paper7,100,False,model seed = shard seed; splits fixed,1,100,100,[20],0.001,0.0001,4,"[30, 30]",60,0.01,0.001,compas/seed42/natural/fnf_paper7_gamma0.2_made100,,,,,,,,,,,,,,,,
compas,42,natural,fnf,categorical,,0.2,paper7,50,False,model seed = shard seed; splits fixed,1,100,100,[20],0.001,0.0001,4,"[30, 30]",60,0.01,0.001,compas/seed42/natural/fnf_paper7_gamma0.2_made50,,,,,,,,,,,,,,,,
compas,42,natural,fnf,categorical,,0.5,paper7,100,False,model seed = shard seed; splits fixed,1,100,100,[20],0.001,0.0001,4,"[30, 30]",60,0.01,0.001,compas/seed42/natural/fnf_paper7_gamma0.5_made100,,,,,,,,,,,,,,,,
compas,42,natural,fnf,categorical,,0.5,paper7,50,False,model seed = shard seed; splits fixed,1,100,100,[20],0.001,0.0001,4,"[30, 30]",60,0.01,0.001,compas/seed42/natural/fnf_paper7_gamma0.5_made50,,,,,,,,,,,,,,,,
compas,42,natural,fnf,categorical,,0.9,paper7,100,False,model seed = shard seed; splits fixed,1,100,100,[20],0.001,0.0001,4,"[30, 30]",60,0.01,0.001,compas/seed42/natural/fnf_paper7_gamma0.9_made100,,,,,,,,,,,,,,,,
compas,42,natural,fnf,categorical,,0.9,paper7,50,False,model seed = shard seed; splits fixed,1,100,100,[20],0.001,0.0001,4,"[30, 30]",60,0.01,0.001,compas/seed42/natural/fnf_paper7_gamma0.9_made50,,,,,,,,,,,,,,,,
compas,42,natural,fnf,categorical,,0.0,paper7,100,False,model seed = shard seed; splits fixed,1,100,100,[20],0.001,0.0001,4,"[30, 30]",60,0.01,0.001,compas/seed42/natural/fnf_paper7_gamma0_made100,,,,,,,,,,,,,,,,
compas,42,natural,fnf,categorical,,0.0,paper7,50,False,model seed = shard seed; splits fixed,1,100,100,[20],0.001,0.0001,4,"[30, 30]",60,0.01,0.001,compas/seed42/natural/fnf_paper7_gamma0_made50,,,,,,,,,,,,,,,,
compas,42,natural,fnf,categorical,,1.0,paper7,100,False,model seed = shard seed; splits fixed,1,100,100,[20],0.001,0.0001,4,"[30, 30]",60,0.01,0.001,compas/seed42/natural/fnf_paper7_gamma1_made100,,,,,,,,,,,,,,,,
compas,42,natural,fnf,categorical,,1.0,paper7,50,False,model seed = shard seed; splits fixed,1,100,100,[20],0.001,0.0001,4,"[30, 30]",60,0.01,0.001,compas/seed42/natural/fnf_paper7_gamma1_made50,,,,,,,,,,,,,,,,
compas,42,natural,fnf,categorical,,0.02,paper7_nosex,100,False,model seed = shard seed; splits fixed,1,100,100,[20],0.001,0.0001,4,"[30, 30]",60,0.01,0.001,compas/seed42/natural/fnf_paper7_nosex_gamma0.02_made100,,,,,,,,,,,,,,,,
compas,42,natural,fnf,categorical,,0.02,paper7_nosex,50,False,model seed = shard seed; splits fixed,1,100,100,[20],0.001,0.0001,4,"[30, 30]",60,0.01,0.001,compas/seed42/natural/fnf_paper7_nosex_gamma0.02_made50,,,,,,,,,,,,,,,,
compas,42,natural,fnf,categorical,,0.1,paper7_nosex,100,False,model seed = shard seed; splits fixed,1,100,100,[20],0.001,0.0001,4,"[30, 30]",60,0.01,0.001,compas/seed42/natural/fnf_paper7_nosex_gamma0.1_made100,,,,,,,,,,,,,,,,
compas,42,natural,fnf,categorical,,0.1,paper7_nosex,50,False,model seed = shard seed; splits fixed,1,100,100,[20],0.001,0.0001,4,"[30, 30]",60,0.01,0.001,compas/seed42/natural/fnf_paper7_nosex_gamma0.1_made50,,,,,,,,,,,,,,,,
compas,42,natural,fnf,categorical,,0.2,paper7_nosex,100,False,model seed = shard seed; splits fixed,1,100,100,[20],0.001,0.0001,4,"[30, 30]",60,0.01,0.001,compas/seed42/natural/fnf_paper7_nosex_gamma0.2_made100,,,,,,,,,,,,,,,,
compas,42,natural,fnf,categorical,,0.2,paper7_nosex,50,False,model seed = shard seed; splits fixed,1,100,100,[20],0.001,0.0001,4,"[30, 30]",60,0.01,0.001,compas/seed42/natural/fnf_paper7_nosex_gamma0.2_made50,,,,,,,,,,,,,,,,
compas,42,natural,fnf,categorical,,0.5,paper7_nosex,100,False,model seed = shard seed; splits fixed,1,100,100,[20],0.001,0.0001,4,"[30, 30]",60,0.01,0.001,compas/seed42/natural/fnf_paper7_nosex_gamma0.5_made100,,,,,,,,,,,,,,,,
compas,42,natural,fnf,categorical,,0.5,paper7_nosex,50,False,model seed = shard seed; splits fixed,1,100,100,[20],0.001,0.0001,4,"[30, 30]",60,0.01,0.001,compas/seed42/natural/fnf_paper7_nosex_gamma0.5_made50,,,,,,,,,,,,,,,,
compas,42,natural,fnf,categorical,,0.9,paper7_nosex,100,False,model seed = shard seed; splits fixed,1,100,100,[20],0.001,0.0001,4,"[30, 30]",60,0.01,0.001,compas/seed42/natural/fnf_paper7_nosex_gamma0.9_made100,,,,,,,,,,,,,,,,
compas,42,natural,fnf,categorical,,0.9,paper7_nosex,50,False,model seed = shard seed; splits fixed,1,100,100,[20],0.001,0.0001,4,"[30, 30]",60,0.01,0.001,compas/seed42/natural/fnf_paper7_nosex_gamma0.9_made50,,,,,,,,,,,,,,,,
compas,42,natural,fnf,categorical,,0.0,paper7_nosex,100,False,model seed = shard seed; splits fixed,1,100,100,[20],0.001,0.0001,4,"[30, 30]",60,0.01,0.001,compas/seed42/natural/fnf_paper7_nosex_gamma0_made100,,,,,,,,,,,,,,,,
compas,42,natural,fnf,categorical,,0.0,paper7_nosex,50,False,model seed = shard seed; splits fixed,1,100,100,[20],0.001,0.0001,4,"[30, 30]",60,0.01,0.001,compas/seed42/natural/fnf_paper7_nosex_gamma0_made50,,,,,,,,,,,,,,,,
compas,42,natural,fnf,categorical,,1.0,paper7_nosex,100,False,model seed = shard seed; splits fixed,1,100,100,[20],0.001,0.0001,4,"[30, 30]",60,0.01,0.001,compas/seed42/natural/fnf_paper7_nosex_gamma1_made100,,,,,,,,,,,,,,,,
compas,42,natural,fnf,categorical,,1.0,paper7_nosex,50,False,model seed = shard seed; splits fixed,1,100,100,[20],0.001,0.0001,4,"[30, 30]",60,0.01,0.001,compas/seed42/natural/fnf_paper7_nosex_gamma1_made50,,,,,,,,,,,,,,,,
compas,42,shift50,fnf,categorical_conditional,y,0.5,paper7,50,False,model seed = shard seed; splits fixed,,100,100,[20],0.001,0.0001,4,"[30, 30]",60,0.01,0.001,compas/seed42/shift50/cfnf_paper7_cond-y_gamma0.5_made50,,,,,,,,,,,,,,,,
compas,42,shift50,fnf,categorical_conditional,y,1.0,paper7,50,False,model seed = shard seed; splits fixed,,100,100,[20],0.001,0.0001,4,"[30, 30]",60,0.01,0.001,compas/seed42/shift50/cfnf_paper7_cond-y_gamma1_made50,,,,,,,,,,,,,,,,
compas,42,shift50,fnf,categorical_conditional,yhat,0.5,paper7,50,False,model seed = shard seed; splits fixed,,100,100,[20],0.001,0.0001,4,"[30, 30]",60,0.01,0.001,compas/seed42/shift50/cfnf_paper7_cond-yhat_gamma0.5_made50,,,,,,,,,,,,,,,,
compas,42,shift50,fnf,categorical_conditional,yhat,1.0,paper7,50,False,model seed = shard seed; splits fixed,,100,100,[20],0.001,0.0001,4,"[30, 30]",60,0.01,0.001,compas/seed42/shift50/cfnf_paper7_cond-yhat_gamma1_made50,,,,,,,,,,,,,,,,
compas,42,shift50,erm,,,,paper7,,False,model seed = shard seed; splits fixed,,100,100,[20],0.001,0.0001,4,"[30, 30]",60,0.01,0.001,compas/seed42/shift50/erm_paper7,,,,,,,,,,,,,,,,
compas,42,shift50,erm,,,,paper7_nosex,,False,model seed = shard seed; splits fixed,,100,100,[20],0.001,0.0001,4,"[30, 30]",60,0.01,0.001,compas/seed42/shift50/erm_paper7_nosex,,,,,,,,,,,,,,,,
compas,42,shift50,fnf,categorical,,0.02,paper7,100,False,model seed = shard seed; splits fixed,1,100,100,[20],0.001,0.0001,4,"[30, 30]",60,0.01,0.001,compas/seed42/shift50/fnf_paper7_gamma0.02_made100,,,,,,,,,,,,,,,,
compas,42,shift50,fnf,categorical,,0.02,paper7,50,False,model seed = shard seed; splits fixed,1,100,100,[20],0.001,0.0001,4,"[30, 30]",60,0.01,0.001,compas/seed42/shift50/fnf_paper7_gamma0.02_made50,,,,,,,,,,,,,,,,
compas,42,shift50,fnf,categorical,,0.1,paper7,100,False,model seed = shard seed; splits fixed,1,100,100,[20],0.001,0.0001,4,"[30, 30]",60,0.01,0.001,compas/seed42/shift50/fnf_paper7_gamma0.1_made100,,,,,,,,,,,,,,,,
compas,42,shift50,fnf,categorical,,0.1,paper7,50,False,model seed = shard seed; splits fixed,1,100,100,[20],0.001,0.0001,4,"[30, 30]",60,0.01,0.001,compas/seed42/shift50/fnf_paper7_gamma0.1_made50,,,,,,,,,,,,,,,,
compas,42,shift50,fnf,categorical,,0.2,paper7,100,False,model seed = shard seed; splits fixed,1,100,100,[20],0.001,0.0001,4,"[30, 30]",60,0.01,0.001,compas/seed42/shift50/fnf_paper7_gamma0.2_made100,,,,,,,,,,,,,,,,
compas,42,shift50,fnf,categorical,,0.2,paper7,50,False,model seed = shard seed; splits fixed,1,100,100,[20],0.001,0.0001,4,"[30, 30]",60,0.01,0.001,compas/seed42/shift50/fnf_paper7_gamma0.2_made50,,,,,,,,,,,,,,,,
compas,42,shift50,fnf,categorical,,0.5,paper7,100,False,model seed = shard seed; splits fixed,1,100,100,[20],0.001,0.0001,4,"[30, 30]",60,0.01,0.001,compas/seed42/shift50/fnf_paper7_gamma0.5_made100,,,,,,,,,,,,,,,,
compas,42,shift50,fnf,categorical,,0.5,paper7,50,False,model seed = shard seed; splits fixed,1,100,100,[20],0.001,0.0001,4,"[30, 30]",60,0.01,0.001,compas/seed42/shift50/fnf_paper7_gamma0.5_made50,,,,,,,,,,,,,,,,
compas,42,shift50,fnf,categorical,,0.9,paper7,100,False,model seed = shard seed; splits fixed,1,100,100,[20],0.001,0.0001,4,"[30, 30]",60,0.01,0.001,compas/seed42/shift50/fnf_paper7_gamma0.9_made100,,,,,,,,,,,,,,,,
compas,42,shift50,fnf,categorical,,0.9,paper7,50,False,model seed = shard seed; splits fixed,1,100,100,[20],0.001,0.0001,4,"[30, 30]",60,0.01,0.001,compas/seed42/shift50/fnf_paper7_gamma0.9_made50,,,,,,,,,,,,,,,,
compas,42,shift50,fnf,categorical,,0.0,paper7,100,False,model seed = shard seed; splits fixed,1,100,100,[20],0.001,0.0001,4,"[30, 30]",60,0.01,0.001,compas/seed42/shift50/fnf_paper7_gamma0_made100,,,,,,,,,,,,,,,,
compas,42,shift50,fnf,categorical,,0.0,paper7,50,False,model seed = shard seed; splits fixed,1,100,100,[20],0.001,0.0001,4,"[30, 30]",60,0.01,0.001,compas/seed42/shift50/fnf_paper7_gamma0_made50,,,,,,,,,,,,,,,,
compas,42,shift50,fnf,categorical,,1.0,paper7,100,False,model seed = shard seed; splits fixed,1,100,100,[20],0.001,0.0001,4,"[30, 30]",60,0.01,0.001,compas/seed42/shift50/fnf_paper7_gamma1_made100,,,,,,,,,,,,,,,,
compas,42,shift50,fnf,categorical,,1.0,paper7,50,False,model seed = shard seed; splits fixed,1,100,100,[20],0.001,0.0001,4,"[30, 30]",60,0.01,0.001,compas/seed42/shift50/fnf_paper7_gamma1_made50,,,,,,,,,,,,,,,,
compas,42,shift50,fnf,categorical,,0.02,paper7_nosex,100,False,model seed = shard seed; splits fixed,1,100,100,[20],0.001,0.0001,4,"[30, 30]",60,0.01,0.001,compas/seed42/shift50/fnf_paper7_nosex_gamma0.02_made100,,,,,,,,,,,,,,,,
compas,42,shift50,fnf,categorical,,0.02,paper7_nosex,50,False,model seed = shard seed; splits fixed,1,100,100,[20],0.001,0.0001,4,"[30, 30]",60,0.01,0.001,compas/seed42/shift50/fnf_paper7_nosex_gamma0.02_made50,,,,,,,,,,,,,,,,
compas,42,shift50,fnf,categorical,,0.1,paper7_nosex,100,False,model seed = shard seed; splits fixed,1,100,100,[20],0.001,0.0001,4,"[30, 30]",60,0.01,0.001,compas/seed42/shift50/fnf_paper7_nosex_gamma0.1_made100,,,,,,,,,,,,,,,,
compas,42,shift50,fnf,categorical,,0.1,paper7_nosex,50,False,model seed = shard seed; splits fixed,1,100,100,[20],0.001,0.0001,4,"[30, 30]",60,0.01,0.001,compas/seed42/shift50/fnf_paper7_nosex_gamma0.1_made50,,,,,,,,,,,,,,,,
compas,42,shift50,fnf,categorical,,0.2,paper7_nosex,100,False,model seed = shard seed; splits fixed,1,100,100,[20],0.001,0.0001,4,"[30, 30]",60,0.01,0.001,compas/seed42/shift50/fnf_paper7_nosex_gamma0.2_made100,,,,,,,,,,,,,,,,
compas,42,shift50,fnf,categorical,,0.2,paper7_nosex,50,False,model seed = shard seed; splits fixed,1,100,100,[20],0.001,0.0001,4,"[30, 30]",60,0.01,0.001,compas/seed42/shift50/fnf_paper7_nosex_gamma0.2_made50,,,,,,,,,,,,,,,,
compas,42,shift50,fnf,categorical,,0.5,paper7_nosex,100,False,model seed = shard seed; splits fixed,1,100,100,[20],0.001,0.0001,4,"[30, 30]",60,0.01,0.001,compas/seed42/shift50/fnf_paper7_nosex_gamma0.5_made100,,,,,,,,,,,,,,,,
compas,42,shift50,fnf,categorical,,0.5,paper7_nosex,50,False,model seed = shard seed; splits fixed,1,100,100,[20],0.001,0.0001,4,"[30, 30]",60,0.01,0.001,compas/seed42/shift50/fnf_paper7_nosex_gamma0.5_made50,,,,,,,,,,,,,,,,
compas,42,shift50,fnf,categorical,,0.9,paper7_nosex,100,False,model seed = shard seed; splits fixed,1,100,100,[20],0.001,0.0001,4,"[30, 30]",60,0.01,0.001,compas/seed42/shift50/fnf_paper7_nosex_gamma0.9_made100,,,,,,,,,,,,,,,,
compas,42,shift50,fnf,categorical,,0.9,paper7_nosex,50,False,model seed = shard seed; splits fixed,1,100,100,[20],0.001,0.0001,4,"[30, 30]",60,0.01,0.001,compas/seed42/shift50/fnf_paper7_nosex_gamma0.9_made50,,,,,,,,,,,,,,,,
compas,42,shift50,fnf,categorical,,0.0,paper7_nosex,100,False,model seed = shard seed; splits fixed,1,100,100,[20],0.001,0.0001,4,"[30, 30]",60,0.01,0.001,compas/seed42/shift50/fnf_paper7_nosex_gamma0_made100,,,,,,,,,,,,,,,,
compas,42,shift50,fnf,categorical,,0.0,paper7_nosex,50,False,model seed = shard seed; splits fixed,1,100,100,[20],0.001,0.0001,4,"[30, 30]",60,0.01,0.001,compas/seed42/shift50/fnf_paper7_nosex_gamma0_made50,,,,,,,,,,,,,,,,
compas,42,shift50,fnf,categorical,,1.0,paper7_nosex,100,False,model seed = shard seed; splits fixed,1,100,100,[20],0.001,0.0001,4,"[30, 30]",60,0.01,0.001,compas/seed42/shift50/fnf_paper7_nosex_gamma1_made100,,,,,,,,,,,,,,,,
compas,42,shift50,fnf,categorical,,1.0,paper7_nosex,50,False,model seed = shard seed; splits fixed,1,100,100,[20],0.001,0.0001,4,"[30, 30]",60,0.01,0.001,compas/seed42/shift50/fnf_paper7_nosex_gamma1_made50,,,,,,,,,,,,,,,,
compas,42,shift75,fnf,categorical_conditional,y,0.5,paper7,50,False,model seed = shard seed; splits fixed,,100,100,[20],0.001,0.0001,4,"[30, 30]",60,0.01,0.001,compas/seed42/shift75/cfnf_paper7_cond-y_gamma0.5_made50,,,,,,,,,,,,,,,,
compas,42,shift75,fnf,categorical_conditional,y,1.0,paper7,50,False,model seed = shard seed; splits fixed,,100,100,[20],0.001,0.0001,4,"[30, 30]",60,0.01,0.001,compas/seed42/shift75/cfnf_paper7_cond-y_gamma1_made50,,,,,,,,,,,,,,,,
compas,42,shift75,fnf,categorical_conditional,yhat,0.5,paper7,50,False,model seed = shard seed; splits fixed,,100,100,[20],0.001,0.0001,4,"[30, 30]",60,0.01,0.001,compas/seed42/shift75/cfnf_paper7_cond-yhat_gamma0.5_made50,,,,,,,,,,,,,,,,
compas,42,shift75,fnf,categorical_conditional,yhat,1.0,paper7,50,False,model seed = shard seed; splits fixed,,100,100,[20],0.001,0.0001,4,"[30, 30]",60,0.01,0.001,compas/seed42/shift75/cfnf_paper7_cond-yhat_gamma1_made50,,,,,,,,,,,,,,,,
compas,42,shift75,erm,,,,paper7,,False,model seed = shard seed; splits fixed,,100,100,[20],0.001,0.0001,4,"[30, 30]",60,0.01,0.001,compas/seed42/shift75/erm_paper7,,,,,,,,,,,,,,,,
compas,42,shift75,erm,,,,paper7_nosex,,False,model seed = shard seed; splits fixed,,100,100,[20],0.001,0.0001,4,"[30, 30]",60,0.01,0.001,compas/seed42/shift75/erm_paper7_nosex,,,,,,,,,,,,,,,,
compas,42,shift75,fnf,categorical,,0.02,paper7,100,False,model seed = shard seed; splits fixed,1,100,100,[20],0.001,0.0001,4,"[30, 30]",60,0.01,0.001,compas/seed42/shift75/fnf_paper7_gamma0.02_made100,,,,,,,,,,,,,,,,
compas,42,shift75,fnf,categorical,,0.02,paper7,50,False,model seed = shard seed; splits fixed,1,100,100,[20],0.001,0.0001,4,"[30, 30]",60,0.01,0.001,compas/seed42/shift75/fnf_paper7_gamma0.02_made50,,,,,,,,,,,,,,,,
compas,42,shift75,fnf,categorical,,0.1,paper7,100,False,model seed = shard seed; splits fixed,1,100,100,[20],0.001,0.0001,4,"[30, 30]",60,0.01,0.001,compas/seed42/shift75/fnf_paper7_gamma0.1_made100,,,,,,,,,,,,,,,,
compas,42,shift75,fnf,categorical,,0.1,paper7,50,False,model seed = shard seed; splits fixed,1,100,100,[20],0.001,0.0001,4,"[30, 30]",60,0.01,0.001,compas/seed42/shift75/fnf_paper7_gamma0.1_made50,,,,,,,,,,,,,,,,
compas,42,shift75,fnf,categorical,,0.2,paper7,100,False,model seed = shard seed; splits fixed,1,100,100,[20],0.001,0.0001,4,"[30, 30]",60,0.01,0.001,compas/seed42/shift75/fnf_paper7_gamma0.2_made100,,,,,,,,,,,,,,,,
compas,42,shift75,fnf,categorical,,0.2,paper7,50,False,model seed = shard seed; splits fixed,1,100,100,[20],0.001,0.0001,4,"[30, 30]",60,0.01,0.001,compas/seed42/shift75/fnf_paper7_gamma0.2_made50,,,,,,,,,,,,,,,,
compas,42,shift75,fnf,categorical,,0.5,paper7,100,False,model seed = shard seed; splits fixed,1,100,100,[20],0.001,0.0001,4,"[30, 30]",60,0.01,0.001,compas/seed42/shift75/fnf_paper7_gamma0.5_made100,,,,,,,,,,,,,,,,
compas,42,shift75,fnf,categorical,,0.5,paper7,50,False,model seed = shard seed; splits fixed,1,100,100,[20],0.001,0.0001,4,"[30, 30]",60,0.01,0.001,compas/seed42/shift75/fnf_paper7_gamma0.5_made50,,,,,,,,,,,,,,,,
compas,42,shift75,fnf,categorical,,0.9,paper7,100,False,model seed = shard seed; splits fixed,1,100,100,[20],0.001,0.0001,4,"[30, 30]",60,0.01,0.001,compas/seed42/shift75/fnf_paper7_gamma0.9_made100,,,,,,,,,,,,,,,,
compas,42,shift75,fnf,categorical,,0.9,paper7,50,False,model seed = shard seed; splits fixed,1,100,100,[20],0.001,0.0001,4,"[30, 30]",60,0.01,0.001,compas/seed42/shift75/fnf_paper7_gamma0.9_made50,,,,,,,,,,,,,,,,
compas,42,shift75,fnf,categorical,,0.0,paper7,100,False,model seed = shard seed; splits fixed,1,100,100,[20],0.001,0.0001,4,"[30, 30]",60,0.01,0.001,compas/seed42/shift75/fnf_paper7_gamma0_made100,,,,,,,,,,,,,,,,
compas,42,shift75,fnf,categorical,,0.0,paper7,50,False,model seed = shard seed; splits fixed,1,100,100,[20],0.001,0.0001,4,"[30, 30]",60,0.01,0.001,compas/seed42/shift75/fnf_paper7_gamma0_made50,,,,,,,,,,,,,,,,
compas,42,shift75,fnf,categorical,,1.0,paper7,100,False,model seed = shard seed; splits fixed,1,100,100,[20],0.001,0.0001,4,"[30, 30]",60,0.01,0.001,compas/seed42/shift75/fnf_paper7_gamma1_made100,,,,,,,,,,,,,,,,
compas,42,shift75,fnf,categorical,,1.0,paper7,50,False,model seed = shard seed; splits fixed,1,100,100,[20],0.001,0.0001,4,"[30, 30]",60,0.01,0.001,compas/seed42/shift75/fnf_paper7_gamma1_made50,,,,,,,,,,,,,,,,
compas,42,shift75,fnf,categorical,,0.02,paper7_nosex,100,False,model seed = shard seed; splits fixed,1,100,100,[20],0.001,0.0001,4,"[30, 30]",60,0.01,0.001,compas/seed42/shift75/fnf_paper7_nosex_gamma0.02_made100,,,,,,,,,,,,,,,,
compas,42,shift75,fnf,categorical,,0.02,paper7_nosex,50,False,model seed = shard seed; splits fixed,1,100,100,[20],0.001,0.0001,4,"[30, 30]",60,0.01,0.001,compas/seed42/shift75/fnf_paper7_nosex_gamma0.02_made50,,,,,,,,,,,,,,,,
compas,42,shift75,fnf,categorical,,0.1,paper7_nosex,100,False,model seed = shard seed; splits fixed,1,100,100,[20],0.001,0.0001,4,"[30, 30]",60,0.01,0.001,compas/seed42/shift75/fnf_paper7_nosex_gamma0.1_made100,,,,,,,,,,,,,,,,
compas,42,shift75,fnf,categorical,,0.1,paper7_nosex,50,False,model seed = shard seed; splits fixed,1,100,100,[20],0.001,0.0001,4,"[30, 30]",60,0.01,0.001,compas/seed42/shift75/fnf_paper7_nosex_gamma0.1_made50,,,,,,,,,,,,,,,,
compas,42,shift75,fnf,categorical,,0.2,paper7_nosex,100,False,model seed = shard seed; splits fixed,1,100,100,[20],0.001,0.0001,4,"[30, 30]",60,0.01,0.001,compas/seed42/shift75/fnf_paper7_nosex_gamma0.2_made100,,,,,,,,,,,,,,,,
compas,42,shift75,fnf,categorical,,0.2,paper7_nosex,50,False,model seed = shard seed; splits fixed,1,100,100,[20],0.001,0.0001,4,"[30, 30]",60,0.01,0.001,compas/seed42/shift75/fnf_paper7_nosex_gamma0.2_made50,,,,,,,,,,,,,,,,
compas,42,shift75,fnf,categorical,,0.5,paper7_nosex,100,False,model seed = shard seed; splits fixed,1,100,100,[20],0.001,0.0001,4,"[30, 30]",60,0.01,0.001,compas/seed42/shift75/fnf_paper7_nosex_gamma0.5_made100,,,,,,,,,,,,,,,,
compas,42,shift75,fnf,categorical,,0.5,paper7_nosex,50,False,model seed = shard seed; splits fixed,1,100,100,[20],0.001,0.0001,4,"[30, 30]",60,0.01,0.001,compas/seed42/shift75/fnf_paper7_nosex_gamma0.5_made50,,,,,,,,,,,,,,,,
compas,42,shift75,fnf,categorical,,0.9,paper7_nosex,100,False,model seed = shard seed; splits fixed,1,100,100,[20],0.001,0.0001,4,"[30, 30]",60,0.01,0.001,compas/seed42/shift75/fnf_paper7_nosex_gamma0.9_made100,,,,,,,,,,,,,,,,
compas,42,shift75,fnf,categorical,,0.9,paper7_nosex,50,False,model seed = shard seed; splits fixed,1,100,100,[20],0.001,0.0001,4,"[30, 30]",60,0.01,0.001,compas/seed42/shift75/fnf_paper7_nosex_gamma0.9_made50,,,,,,,,,,,,,,,,
compas,42,shift75,fnf,categorical,,0.0,paper7_nosex,100,False,model seed = shard seed; splits fixed,1,100,100,[20],0.001,0.0001,4,"[30, 30]",60,0.01,0.001,compas/seed42/shift75/fnf_paper7_nosex_gamma0_made100,,,,,,,,,,,,,,,,
compas,42,shift75,fnf,categorical,,0.0,paper7_nosex,50,False,model seed = shard seed; splits fixed,1,100,100,[20],0.001,0.0001,4,"[30, 30]",60,0.01,0.001,compas/seed42/shift75/fnf_paper7_nosex_gamma0_made50,,,,,,,,,,,,,,,,
compas,42,shift75,fnf,categorical,,1.0,paper7_nosex,100,False,model seed = shard seed; splits fixed,1,100,100,[20],0.001,0.0001,4,"[30, 30]",60,0.01,0.001,compas/seed42/shift75/fnf_paper7_nosex_gamma1_made100,,,,,,,,,,,,,,,,
compas,42,shift75,fnf,categorical,,1.0,paper7_nosex,50,False,model seed = shard seed; splits fixed,1,100,100,[20],0.001,0.0001,4,"[30, 30]",60,0.01,0.001,compas/seed42/shift75/fnf_paper7_nosex_gamma1_made50,,,,,,,,,,,,,,,,
compas,456,equalized,fnf,categorical_conditional,y,0.5,paper7,50,False,model seed = shard seed; splits fixed,,100,100,[20],0.001,0.0001,4,"[30, 30]",60,0.01,0.001,compas/seed456/equalized/cfnf_paper7_cond-y_gamma0.5_made50,,,,,,,,,,,,,,,,
compas,456,equalized,fnf,categorical_conditional,y,1.0,paper7,50,False,model seed = shard seed; splits fixed,,100,100,[20],0.001,0.0001,4,"[30, 30]",60,0.01,0.001,compas/seed456/equalized/cfnf_paper7_cond-y_gamma1_made50,,,,,,,,,,,,,,,,
compas,456,equalized,fnf,categorical_conditional,yhat,0.5,paper7,50,False,model seed = shard seed; splits fixed,,100,100,[20],0.001,0.0001,4,"[30, 30]",60,0.01,0.001,compas/seed456/equalized/cfnf_paper7_cond-yhat_gamma0.5_made50,,,,,,,,,,,,,,,,
compas,456,equalized,fnf,categorical_conditional,yhat,1.0,paper7,50,False,model seed = shard seed; splits fixed,,100,100,[20],0.001,0.0001,4,"[30, 30]",60,0.01,0.001,compas/seed456/equalized/cfnf_paper7_cond-yhat_gamma1_made50,,,,,,,,,,,,,,,,
compas,456,equalized,erm,,,,paper7,,False,model seed = shard seed; splits fixed,,100,100,[20],0.001,0.0001,4,"[30, 30]",60,0.01,0.001,compas/seed456/equalized/erm_paper7,,,,,,,,,,,,,,,,
compas,456,equalized,erm,,,,paper7_nosex,,False,model seed = shard seed; splits fixed,,100,100,[20],0.001,0.0001,4,"[30, 30]",60,0.01,0.001,compas/seed456/equalized/erm_paper7_nosex,,,,,,,,,,,,,,,,
compas,456,equalized,fnf,categorical,,0.02,paper7,100,False,model seed = shard seed; splits fixed,1,100,100,[20],0.001,0.0001,4,"[30, 30]",60,0.01,0.001,compas/seed456/equalized/fnf_paper7_gamma0.02_made100,,,,,,,,,,,,,,,,
compas,456,equalized,fnf,categorical,,0.02,paper7,50,False,model seed = shard seed; splits fixed,1,100,100,[20],0.001,0.0001,4,"[30, 30]",60,0.01,0.001,compas/seed456/equalized/fnf_paper7_gamma0.02_made50,,,,,,,,,,,,,,,,
compas,456,equalized,fnf,categorical,,0.1,paper7,100,False,model seed = shard seed; splits fixed,1,100,100,[20],0.001,0.0001,4,"[30, 30]",60,0.01,0.001,compas/seed456/equalized/fnf_paper7_gamma0.1_made100,,,,,,,,,,,,,,,,
compas,456,equalized,fnf,categorical,,0.1,paper7,50,False,model seed = shard seed; splits fixed,1,100,100,[20],0.001,0.0001,4,"[30, 30]",60,0.01,0.001,compas/seed456/equalized/fnf_paper7_gamma0.1_made50,,,,,,,,,,,,,,,,
compas,456,equalized,fnf,categorical,,0.2,paper7,100,False,model seed = shard seed; splits fixed,1,100,100,[20],0.001,0.0001,4,"[30, 30]",60,0.01,0.001,compas/seed456/equalized/fnf_paper7_gamma0.2_made100,,,,,,,,,,,,,,,,
compas,456,equalized,fnf,categorical,,0.2,paper7,50,False,model seed = shard seed; splits fixed,1,100,100,[20],0.001,0.0001,4,"[30, 30]",60,0.01,0.001,compas/seed456/equalized/fnf_paper7_gamma0.2_made50,,,,,,,,,,,,,,,,
compas,456,equalized,fnf,categorical,,0.5,paper7,100,False,model seed = shard seed; splits fixed,1,100,100,[20],0.001,0.0001,4,"[30, 30]",60,0.01,0.001,compas/seed456/equalized/fnf_paper7_gamma0.5_made100,,,,,,,,,,,,,,,,
compas,456,equalized,fnf,categorical,,0.5,paper7,50,False,model seed = shard seed; splits fixed,1,100,100,[20],0.001,0.0001,4,"[30, 30]",60,0.01,0.001,compas/seed456/equalized/fnf_paper7_gamma0.5_made50,,,,,,,,,,,,,,,,
compas,456,equalized,fnf,categorical,,0.9,paper7,100,False,model seed = shard seed; splits fixed,1,100,100,[20],0.001,0.0001,4,"[30, 30]",60,0.01,0.001,compas/seed456/equalized/fnf_paper7_gamma0.9_made100,,,,,,,,,,,,,,,,
compas,456,equalized,fnf,categorical,,0.9,paper7,50,False,model seed = shard seed; splits fixed,1,100,100,[20],0.001,0.0001,4,"[30, 30]",60,0.01,0.001,compas/seed456/equalized/fnf_paper7_gamma0.9_made50,,,,,,,,,,,,,,,,
compas,456,equalized,fnf,categorical,,0.0,paper7,100,False,model seed = shard seed; splits fixed,1,100,100,[20],0.001,0.0001,4,"[30, 30]",60,0.01,0.001,compas/seed456/equalized/fnf_paper7_gamma0_made100,,,,,,,,,,,,,,,,
compas,456,equalized,fnf,categorical,,0.0,paper7,50,False,model seed = shard seed; splits fixed,1,100,100,[20],0.001,0.0001,4,"[30, 30]",60,0.01,0.001,compas/seed456/equalized/fnf_paper7_gamma0_made50,,,,,,,,,,,,,,,,
compas,456,equalized,fnf,categorical,,1.0,paper7,100,False,model seed = shard seed; splits fixed,1,100,100,[20],0.001,0.0001,4,"[30, 30]",60,0.01,0.001,compas/seed456/equalized/fnf_paper7_gamma1_made100,,,,,,,,,,,,,,,,
compas,456,equalized,fnf,categorical,,1.0,paper7,50,False,model seed = shard seed; splits fixed,1,100,100,[20],0.001,0.0001,4,"[30, 30]",60,0.01,0.001,compas/seed456/equalized/fnf_paper7_gamma1_made50,,,,,,,,,,,,,,,,
compas,456,equalized,fnf,categorical,,0.02,paper7_nosex,100,False,model seed = shard seed; splits fixed,1,100,100,[20],0.001,0.0001,4,"[30, 30]",60,0.01,0.001,compas/seed456/equalized/fnf_paper7_nosex_gamma0.02_made100,,,,,,,,,,,,,,,,
compas,456,equalized,fnf,categorical,,0.02,paper7_nosex,50,False,model seed = shard seed; splits fixed,1,100,100,[20],0.001,0.0001,4,"[30, 30]",60,0.01,0.001,compas/seed456/equalized/fnf_paper7_nosex_gamma0.02_made50,,,,,,,,,,,,,,,,
compas,456,equalized,fnf,categorical,,0.1,paper7_nosex,100,False,model seed = shard seed; splits fixed,1,100,100,[20],0.001,0.0001,4,"[30, 30]",60,0.01,0.001,compas/seed456/equalized/fnf_paper7_nosex_gamma0.1_made100,,,,,,,,,,,,,,,,
compas,456,equalized,fnf,categorical,,0.1,paper7_nosex,50,False,model seed = shard seed; splits fixed,1,100,100,[20],0.001,0.0001,4,"[30, 30]",60,0.01,0.001,compas/seed456/equalized/fnf_paper7_nosex_gamma0.1_made50,,,,,,,,,,,,,,,,
compas,456,equalized,fnf,categorical,,0.2,paper7_nosex,100,False,model seed = shard seed; splits fixed,1,100,100,[20],0.001,0.0001,4,"[30, 30]",60,0.01,0.001,compas/seed456/equalized/fnf_paper7_nosex_gamma0.2_made100,,,,,,,,,,,,,,,,
compas,456,equalized,fnf,categorical,,0.2,paper7_nosex,50,False,model seed = shard seed; splits fixed,1,100,100,[20],0.001,0.0001,4,"[30, 30]",60,0.01,0.001,compas/seed456/equalized/fnf_paper7_nosex_gamma0.2_made50,,,,,,,,,,,,,,,,
compas,456,equalized,fnf,categorical,,0.5,paper7_nosex,100,False,model seed = shard seed; splits fixed,1,100,100,[20],0.001,0.0001,4,"[30, 30]",60,0.01,0.001,compas/seed456/equalized/fnf_paper7_nosex_gamma0.5_made100,,,,,,,,,,,,,,,,
compas,456,equalized,fnf,categorical,,0.5,paper7_nosex,50,False,model seed = shard seed; splits fixed,1,100,100,[20],0.001,0.0001,4,"[30, 30]",60,0.01,0.001,compas/seed456/equalized/fnf_paper7_nosex_gamma0.5_made50,,,,,,,,,,,,,,,,
compas,456,equalized,fnf,categorical,,0.9,paper7_nosex,100,False,model seed = shard seed; splits fixed,1,100,100,[20],0.001,0.0001,4,"[30, 30]",60,0.01,0.001,compas/seed456/equalized/fnf_paper7_nosex_gamma0.9_made100,,,,,,,,,,,,,,,,
compas,456,equalized,fnf,categorical,,0.9,paper7_nosex,50,False,model seed = shard seed; splits fixed,1,100,100,[20],0.001,0.0001,4,"[30, 30]",60,0.01,0.001,compas/seed456/equalized/fnf_paper7_nosex_gamma0.9_made50,,,,,,,,,,,,,,,,
compas,456,equalized,fnf,categorical,,0.0,paper7_nosex,100,False,model seed = shard seed; splits fixed,1,100,100,[20],0.001,0.0001,4,"[30, 30]",60,0.01,0.001,compas/seed456/equalized/fnf_paper7_nosex_gamma0_made100,,,,,,,,,,,,,,,,
compas,456,equalized,fnf,categorical,,0.0,paper7_nosex,50,False,model seed = shard seed; splits fixed,1,100,100,[20],0.001,0.0001,4,"[30, 30]",60,0.01,0.001,compas/seed456/equalized/fnf_paper7_nosex_gamma0_made50,,,,,,,,,,,,,,,,
compas,456,equalized,fnf,categorical,,1.0,paper7_nosex,100,False,model seed = shard seed; splits fixed,1,100,100,[20],0.001,0.0001,4,"[30, 30]",60,0.01,0.001,compas/seed456/equalized/fnf_paper7_nosex_gamma1_made100,,,,,,,,,,,,,,,,
compas,456,equalized,fnf,categorical,,1.0,paper7_nosex,50,False,model seed = shard seed; splits fixed,1,100,100,[20],0.001,0.0001,4,"[30, 30]",60,0.01,0.001,compas/seed456/equalized/fnf_paper7_nosex_gamma1_made50,,,,,,,,,,,,,,,,
compas,456,natural,fnf,categorical_conditional,y,0.5,paper7,50,False,model seed = shard seed; splits fixed,,100,100,[20],0.001,0.0001,4,"[30, 30]",60,0.01,0.001,compas/seed456/natural/cfnf_paper7_cond-y_gamma0.5_made50,,,,,,,,,,,,,,,,
compas,456,natural,fnf,categorical_conditional,y,1.0,paper7,50,False,model seed = shard seed; splits fixed,,100,100,[20],0.001,0.0001,4,"[30, 30]",60,0.01,0.001,compas/seed456/natural/cfnf_paper7_cond-y_gamma1_made50,,,,,,,,,,,,,,,,
compas,456,natural,fnf,categorical_conditional,yhat,0.5,paper7,50,False,model seed = shard seed; splits fixed,,100,100,[20],0.001,0.0001,4,"[30, 30]",60,0.01,0.001,compas/seed456/natural/cfnf_paper7_cond-yhat_gamma0.5_made50,,,,,,,,,,,,,,,,
compas,456,natural,fnf,categorical_conditional,yhat,1.0,paper7,50,False,model seed = shard seed; splits fixed,,100,100,[20],0.001,0.0001,4,"[30, 30]",60,0.01,0.001,compas/seed456/natural/cfnf_paper7_cond-yhat_gamma1_made50,,,,,,,,,,,,,,,,
compas,456,natural,erm,,,,paper7,,False,model seed = shard seed; splits fixed,,100,100,[20],0.001,0.0001,4,"[30, 30]",60,0.01,0.001,compas/seed456/natural/erm_paper7,,,,,,,,,,,,,,,,
compas,456,natural,erm,,,,paper7_nosex,,False,model seed = shard seed; splits fixed,,100,100,[20],0.001,0.0001,4,"[30, 30]",60,0.01,0.001,compas/seed456/natural/erm_paper7_nosex,,,,,,,,,,,,,,,,
compas,456,natural,fnf,categorical,,0.02,paper7,100,False,model seed = shard seed; splits fixed,1,100,100,[20],0.001,0.0001,4,"[30, 30]",60,0.01,0.001,compas/seed456/natural/fnf_paper7_gamma0.02_made100,,,,,,,,,,,,,,,,
compas,456,natural,fnf,categorical,,0.02,paper7,50,False,model seed = shard seed; splits fixed,1,100,100,[20],0.001,0.0001,4,"[30, 30]",60,0.01,0.001,compas/seed456/natural/fnf_paper7_gamma0.02_made50,,,,,,,,,,,,,,,,
compas,456,natural,fnf,categorical,,0.1,paper7,100,False,model seed = shard seed; splits fixed,1,100,100,[20],0.001,0.0001,4,"[30, 30]",60,0.01,0.001,compas/seed456/natural/fnf_paper7_gamma0.1_made100,,,,,,,,,,,,,,,,
compas,456,natural,fnf,categorical,,0.1,paper7,50,False,model seed = shard seed; splits fixed,1,100,100,[20],0.001,0.0001,4,"[30, 30]",60,0.01,0.001,compas/seed456/natural/fnf_paper7_gamma0.1_made50,,,,,,,,,,,,,,,,
compas,456,natural,fnf,categorical,,0.2,paper7,100,False,model seed = shard seed; splits fixed,1,100,100,[20],0.001,0.0001,4,"[30, 30]",60,0.01,0.001,compas/seed456/natural/fnf_paper7_gamma0.2_made100,,,,,,,,,,,,,,,,
compas,456,natural,fnf,categorical,,0.2,paper7,50,False,model seed = shard seed; splits fixed,1,100,100,[20],0.001,0.0001,4,"[30, 30]",60,0.01,0.001,compas/seed456/natural/fnf_paper7_gamma0.2_made50,,,,,,,,,,,,,,,,
compas,456,natural,fnf,categorical,,0.5,paper7,100,False,model seed = shard seed; splits fixed,1,100,100,[20],0.001,0.0001,4,"[30, 30]",60,0.01,0.001,compas/seed456/natural/fnf_paper7_gamma0.5_made100,,,,,,,,,,,,,,,,
compas,456,natural,fnf,categorical,,0.5,paper7,50,False,model seed = shard seed; splits fixed,1,100,100,[20],0.001,0.0001,4,"[30, 30]",60,0.01,0.001,compas/seed456/natural/fnf_paper7_gamma0.5_made50,,,,,,,,,,,,,,,,
compas,456,natural,fnf,categorical,,0.9,paper7,100,False,model seed = shard seed; splits fixed,1,100,100,[20],0.001,0.0001,4,"[30, 30]",60,0.01,0.001,compas/seed456/natural/fnf_paper7_gamma0.9_made100,,,,,,,,,,,,,,,,
compas,456,natural,fnf,categorical,,0.9,paper7,50,False,model seed = shard seed; splits fixed,1,100,100,[20],0.001,0.0001,4,"[30, 30]",60,0.01,0.001,compas/seed456/natural/fnf_paper7_gamma0.9_made50,,,,,,,,,,,,,,,,
compas,456,natural,fnf,categorical,,0.0,paper7,100,False,model seed = shard seed; splits fixed,1,100,100,[20],0.001,0.0001,4,"[30, 30]",60,0.01,0.001,compas/seed456/natural/fnf_paper7_gamma0_made100,,,,,,,,,,,,,,,,
compas,456,natural,fnf,categorical,,0.0,paper7,50,False,model seed = shard seed; splits fixed,1,100,100,[20],0.001,0.0001,4,"[30, 30]",60,0.01,0.001,compas/seed456/natural/fnf_paper7_gamma0_made50,,,,,,,,,,,,,,,,
compas,456,natural,fnf,categorical,,1.0,paper7,100,False,model seed = shard seed; splits fixed,1,100,100,[20],0.001,0.0001,4,"[30, 30]",60,0.01,0.001,compas/seed456/natural/fnf_paper7_gamma1_made100,,,,,,,,,,,,,,,,
compas,456,natural,fnf,categorical,,1.0,paper7,50,False,model seed = shard seed; splits fixed,1,100,100,[20],0.001,0.0001,4,"[30, 30]",60,0.01,0.001,compas/seed456/natural/fnf_paper7_gamma1_made50,,,,,,,,,,,,,,,,
compas,456,natural,fnf,categorical,,0.02,paper7_nosex,100,False,model seed = shard seed; splits fixed,1,100,100,[20],0.001,0.0001,4,"[30, 30]",60,0.01,0.001,compas/seed456/natural/fnf_paper7_nosex_gamma0.02_made100,,,,,,,,,,,,,,,,
compas,456,natural,fnf,categorical,,0.02,paper7_nosex,50,False,model seed = shard seed; splits fixed,1,100,100,[20],0.001,0.0001,4,"[30, 30]",60,0.01,0.001,compas/seed456/natural/fnf_paper7_nosex_gamma0.02_made50,,,,,,,,,,,,,,,,
compas,456,natural,fnf,categorical,,0.1,paper7_nosex,100,False,model seed = shard seed; splits fixed,1,100,100,[20],0.001,0.0001,4,"[30, 30]",60,0.01,0.001,compas/seed456/natural/fnf_paper7_nosex_gamma0.1_made100,,,,,,,,,,,,,,,,
compas,456,natural,fnf,categorical,,0.1,paper7_nosex,50,False,model seed = shard seed; splits fixed,1,100,100,[20],0.001,0.0001,4,"[30, 30]",60,0.01,0.001,compas/seed456/natural/fnf_paper7_nosex_gamma0.1_made50,,,,,,,,,,,,,,,,
compas,456,natural,fnf,categorical,,0.2,paper7_nosex,100,False,model seed = shard seed; splits fixed,1,100,100,[20],0.001,0.0001,4,"[30, 30]",60,0.01,0.001,compas/seed456/natural/fnf_paper7_nosex_gamma0.2_made100,,,,,,,,,,,,,,,,
compas,456,natural,fnf,categorical,,0.2,paper7_nosex,50,False,model seed = shard seed; splits fixed,1,100,100,[20],0.001,0.0001,4,"[30, 30]",60,0.01,0.001,compas/seed456/natural/fnf_paper7_nosex_gamma0.2_made50,,,,,,,,,,,,,,,,
compas,456,natural,fnf,categorical,,0.5,paper7_nosex,100,False,model seed = shard seed; splits fixed,1,100,100,[20],0.001,0.0001,4,"[30, 30]",60,0.01,0.001,compas/seed456/natural/fnf_paper7_nosex_gamma0.5_made100,,,,,,,,,,,,,,,,
compas,456,natural,fnf,categorical,,0.5,paper7_nosex,50,False,model seed = shard seed; splits fixed,1,100,100,[20],0.001,0.0001,4,"[30, 30]",60,0.01,0.001,compas/seed456/natural/fnf_paper7_nosex_gamma0.5_made50,,,,,,,,,,,,,,,,
compas,456,natural,fnf,categorical,,0.9,paper7_nosex,100,False,model seed = shard seed; splits fixed,1,100,100,[20],0.001,0.0001,4,"[30, 30]",60,0.01,0.001,compas/seed456/natural/fnf_paper7_nosex_gamma0.9_made100,,,,,,,,,,,,,,,,
compas,456,natural,fnf,categorical,,0.9,paper7_nosex,50,False,model seed = shard seed; splits fixed,1,100,100,[20],0.001,0.0001,4,"[30, 30]",60,0.01,0.001,compas/seed456/natural/fnf_paper7_nosex_gamma0.9_made50,,,,,,,,,,,,,,,,
compas,456,natural,fnf,categorical,,0.0,paper7_nosex,100,False,model seed = shard seed; splits fixed,1,100,100,[20],0.001,0.0001,4,"[30, 30]",60,0.01,0.001,compas/seed456/natural/fnf_paper7_nosex_gamma0_made100,,,,,,,,,,,,,,,,
compas,456,natural,fnf,categorical,,0.0,paper7_nosex,50,False,model seed = shard seed; splits fixed,1,100,100,[20],0.001,0.0001,4,"[30, 30]",60,0.01,0.001,compas/seed456/natural/fnf_paper7_nosex_gamma0_made50,,,,,,,,,,,,,,,,
compas,456,natural,fnf,categorical,,1.0,paper7_nosex,100,False,model seed = shard seed; splits fixed,1,100,100,[20],0.001,0.0001,4,"[30, 30]",60,0.01,0.001,compas/seed456/natural/fnf_paper7_nosex_gamma1_made100,,,,,,,,,,,,,,,,
compas,456,natural,fnf,categorical,,1.0,paper7_nosex,50,False,model seed = shard seed; splits fixed,1,100,100,[20],0.001,0.0001,4,"[30, 30]",60,0.01,0.001,compas/seed456/natural/fnf_paper7_nosex_gamma1_made50,,,,,,,,,,,,,,,,
compas,456,shift50,fnf,categorical_conditional,y,0.5,paper7,50,False,model seed = shard seed; splits fixed,,100,100,[20],0.001,0.0001,4,"[30, 30]",60,0.01,0.001,compas/seed456/shift50/cfnf_paper7_cond-y_gamma0.5_made50,,,,,,,,,,,,,,,,
compas,456,shift50,fnf,categorical_conditional,y,1.0,paper7,50,False,model seed = shard seed; splits fixed,,100,100,[20],0.001,0.0001,4,"[30, 30]",60,0.01,0.001,compas/seed456/shift50/cfnf_paper7_cond-y_gamma1_made50,,,,,,,,,,,,,,,,
compas,456,shift50,fnf,categorical_conditional,yhat,0.5,paper7,50,False,model seed = shard seed; splits fixed,,100,100,[20],0.001,0.0001,4,"[30, 30]",60,0.01,0.001,compas/seed456/shift50/cfnf_paper7_cond-yhat_gamma0.5_made50,,,,,,,,,,,,,,,,
compas,456,shift50,fnf,categorical_conditional,yhat,1.0,paper7,50,False,model seed = shard seed; splits fixed,,100,100,[20],0.001,0.0001,4,"[30, 30]",60,0.01,0.001,compas/seed456/shift50/cfnf_paper7_cond-yhat_gamma1_made50,,,,,,,,,,,,,,,,
compas,456,shift50,erm,,,,paper7,,False,model seed = shard seed; splits fixed,,100,100,[20],0.001,0.0001,4,"[30, 30]",60,0.01,0.001,compas/seed456/shift50/erm_paper7,,,,,,,,,,,,,,,,
compas,456,shift50,erm,,,,paper7_nosex,,False,model seed = shard seed; splits fixed,,100,100,[20],0.001,0.0001,4,"[30, 30]",60,0.01,0.001,compas/seed456/shift50/erm_paper7_nosex,,,,,,,,,,,,,,,,
compas,456,shift50,fnf,categorical,,0.02,paper7,100,False,model seed = shard seed; splits fixed,1,100,100,[20],0.001,0.0001,4,"[30, 30]",60,0.01,0.001,compas/seed456/shift50/fnf_paper7_gamma0.02_made100,,,,,,,,,,,,,,,,
compas,456,shift50,fnf,categorical,,0.02,paper7,50,False,model seed = shard seed; splits fixed,1,100,100,[20],0.001,0.0001,4,"[30, 30]",60,0.01,0.001,compas/seed456/shift50/fnf_paper7_gamma0.02_made50,,,,,,,,,,,,,,,,
compas,456,shift50,fnf,categorical,,0.1,paper7,100,False,model seed = shard seed; splits fixed,1,100,100,[20],0.001,0.0001,4,"[30, 30]",60,0.01,0.001,compas/seed456/shift50/fnf_paper7_gamma0.1_made100,,,,,,,,,,,,,,,,
compas,456,shift50,fnf,categorical,,0.1,paper7,50,False,model seed = shard seed; splits fixed,1,100,100,[20],0.001,0.0001,4,"[30, 30]",60,0.01,0.001,compas/seed456/shift50/fnf_paper7_gamma0.1_made50,,,,,,,,,,,,,,,,
compas,456,shift50,fnf,categorical,,0.2,paper7,100,False,model seed = shard seed; splits fixed,1,100,100,[20],0.001,0.0001,4,"[30, 30]",60,0.01,0.001,compas/seed456/shift50/fnf_paper7_gamma0.2_made100,,,,,,,,,,,,,,,,
compas,456,shift50,fnf,categorical,,0.2,paper7,50,False,model seed = shard seed; splits fixed,1,100,100,[20],0.001,0.0001,4,"[30, 30]",60,0.01,0.001,compas/seed456/shift50/fnf_paper7_gamma0.2_made50,,,,,,,,,,,,,,,,
compas,456,shift50,fnf,categorical,,0.5,paper7,100,False,model seed = shard seed; splits fixed,1,100,100,[20],0.001,0.0001,4,"[30, 30]",60,0.01,0.001,compas/seed456/shift50/fnf_paper7_gamma0.5_made100,,,,,,,,,,,,,,,,
compas,456,shift50,fnf,categorical,,0.5,paper7,50,False,model seed = shard seed; splits fixed,1,100,100,[20],0.001,0.0001,4,"[30, 30]",60,0.01,0.001,compas/seed456/shift50/fnf_paper7_gamma0.5_made50,,,,,,,,,,,,,,,,
compas,456,shift50,fnf,categorical,,0.9,paper7,100,False,model seed = shard seed; splits fixed,1,100,100,[20],0.001,0.0001,4,"[30, 30]",60,0.01,0.001,compas/seed456/shift50/fnf_paper7_gamma0.9_made100,,,,,,,,,,,,,,,,
compas,456,shift50,fnf,categorical,,0.9,paper7,50,False,model seed = shard seed; splits fixed,1,100,100,[20],0.001,0.0001,4,"[30, 30]",60,0.01,0.001,compas/seed456/shift50/fnf_paper7_gamma0.9_made50,,,,,,,,,,,,,,,,
compas,456,shift50,fnf,categorical,,0.0,paper7,100,False,model seed = shard seed; splits fixed,1,100,100,[20],0.001,0.0001,4,"[30, 30]",60,0.01,0.001,compas/seed456/shift50/fnf_paper7_gamma0_made100,,,,,,,,,,,,,,,,
compas,456,shift50,fnf,categorical,,0.0,paper7,50,False,model seed = shard seed; splits fixed,1,100,100,[20],0.001,0.0001,4,"[30, 30]",60,0.01,0.001,compas/seed456/shift50/fnf_paper7_gamma0_made50,,,,,,,,,,,,,,,,
compas,456,shift50,fnf,categorical,,1.0,paper7,100,False,model seed = shard seed; splits fixed,1,100,100,[20],0.001,0.0001,4,"[30, 30]",60,0.01,0.001,compas/seed456/shift50/fnf_paper7_gamma1_made100,,,,,,,,,,,,,,,,
compas,456,shift50,fnf,categorical,,1.0,paper7,50,False,model seed = shard seed; splits fixed,1,100,100,[20],0.001,0.0001,4,"[30, 30]",60,0.01,0.001,compas/seed456/shift50/fnf_paper7_gamma1_made50,,,,,,,,,,,,,,,,
compas,456,shift50,fnf,categorical,,0.02,paper7_nosex,100,False,model seed = shard seed; splits fixed,1,100,100,[20],0.001,0.0001,4,"[30, 30]",60,0.01,0.001,compas/seed456/shift50/fnf_paper7_nosex_gamma0.02_made100,,,,,,,,,,,,,,,,
compas,456,shift50,fnf,categorical,,0.02,paper7_nosex,50,False,model seed = shard seed; splits fixed,1,100,100,[20],0.001,0.0001,4,"[30, 30]",60,0.01,0.001,compas/seed456/shift50/fnf_paper7_nosex_gamma0.02_made50,,,,,,,,,,,,,,,,
compas,456,shift50,fnf,categorical,,0.1,paper7_nosex,100,False,model seed = shard seed; splits fixed,1,100,100,[20],0.001,0.0001,4,"[30, 30]",60,0.01,0.001,compas/seed456/shift50/fnf_paper7_nosex_gamma0.1_made100,,,,,,,,,,,,,,,,
compas,456,shift50,fnf,categorical,,0.1,paper7_nosex,50,False,model seed = shard seed; splits fixed,1,100,100,[20],0.001,0.0001,4,"[30, 30]",60,0.01,0.001,compas/seed456/shift50/fnf_paper7_nosex_gamma0.1_made50,,,,,,,,,,,,,,,,
compas,456,shift50,fnf,categorical,,0.2,paper7_nosex,100,False,model seed = shard seed; splits fixed,1,100,100,[20],0.001,0.0001,4,"[30, 30]",60,0.01,0.001,compas/seed456/shift50/fnf_paper7_nosex_gamma0.2_made100,,,,,,,,,,,,,,,,
compas,456,shift50,fnf,categorical,,0.2,paper7_nosex,50,False,model seed = shard seed; splits fixed,1,100,100,[20],0.001,0.0001,4,"[30, 30]",60,0.01,0.001,compas/seed456/shift50/fnf_paper7_nosex_gamma0.2_made50,,,,,,,,,,,,,,,,
compas,456,shift50,fnf,categorical,,0.5,paper7_nosex,100,False,model seed = shard seed; splits fixed,1,100,100,[20],0.001,0.0001,4,"[30, 30]",60,0.01,0.001,compas/seed456/shift50/fnf_paper7_nosex_gamma0.5_made100,,,,,,,,,,,,,,,,
compas,456,shift50,fnf,categorical,,0.5,paper7_nosex,50,False,model seed = shard seed; splits fixed,1,100,100,[20],0.001,0.0001,4,"[30, 30]",60,0.01,0.001,compas/seed456/shift50/fnf_paper7_nosex_gamma0.5_made50,,,,,,,,,,,,,,,,
compas,456,shift50,fnf,categorical,,0.9,paper7_nosex,100,False,model seed = shard seed; splits fixed,1,100,100,[20],0.001,0.0001,4,"[30, 30]",60,0.01,0.001,compas/seed456/shift50/fnf_paper7_nosex_gamma0.9_made100,,,,,,,,,,,,,,,,
compas,456,shift50,fnf,categorical,,0.9,paper7_nosex,50,False,model seed = shard seed; splits fixed,1,100,100,[20],0.001,0.0001,4,"[30, 30]",60,0.01,0.001,compas/seed456/shift50/fnf_paper7_nosex_gamma0.9_made50,,,,,,,,,,,,,,,,
compas,456,shift50,fnf,categorical,,0.0,paper7_nosex,100,False,model seed = shard seed; splits fixed,1,100,100,[20],0.001,0.0001,4,"[30, 30]",60,0.01,0.001,compas/seed456/shift50/fnf_paper7_nosex_gamma0_made100,,,,,,,,,,,,,,,,
compas,456,shift50,fnf,categorical,,0.0,paper7_nosex,50,False,model seed = shard seed; splits fixed,1,100,100,[20],0.001,0.0001,4,"[30, 30]",60,0.01,0.001,compas/seed456/shift50/fnf_paper7_nosex_gamma0_made50,,,,,,,,,,,,,,,,
compas,456,shift50,fnf,categorical,,1.0,paper7_nosex,100,False,model seed = shard seed; splits fixed,1,100,100,[20],0.001,0.0001,4,"[30, 30]",60,0.01,0.001,compas/seed456/shift50/fnf_paper7_nosex_gamma1_made100,,,,,,,,,,,,,,,,
compas,456,shift50,fnf,categorical,,1.0,paper7_nosex,50,False,model seed = shard seed; splits fixed,1,100,100,[20],0.001,0.0001,4,"[30, 30]",60,0.01,0.001,compas/seed456/shift50/fnf_paper7_nosex_gamma1_made50,,,,,,,,,,,,,,,,
compas,456,shift75,fnf,categorical_conditional,y,0.5,paper7,50,False,model seed = shard seed; splits fixed,,100,100,[20],0.001,0.0001,4,"[30, 30]",60,0.01,0.001,compas/seed456/shift75/cfnf_paper7_cond-y_gamma0.5_made50,,,,,,,,,,,,,,,,
compas,456,shift75,fnf,categorical_conditional,y,1.0,paper7,50,False,model seed = shard seed; splits fixed,,100,100,[20],0.001,0.0001,4,"[30, 30]",60,0.01,0.001,compas/seed456/shift75/cfnf_paper7_cond-y_gamma1_made50,,,,,,,,,,,,,,,,
compas,456,shift75,fnf,categorical_conditional,yhat,0.5,paper7,50,False,model seed = shard seed; splits fixed,,100,100,[20],0.001,0.0001,4,"[30, 30]",60,0.01,0.001,compas/seed456/shift75/cfnf_paper7_cond-yhat_gamma0.5_made50,,,,,,,,,,,,,,,,
compas,456,shift75,fnf,categorical_conditional,yhat,1.0,paper7,50,False,model seed = shard seed; splits fixed,,100,100,[20],0.001,0.0001,4,"[30, 30]",60,0.01,0.001,compas/seed456/shift75/cfnf_paper7_cond-yhat_gamma1_made50,,,,,,,,,,,,,,,,
compas,456,shift75,erm,,,,paper7,,False,model seed = shard seed; splits fixed,,100,100,[20],0.001,0.0001,4,"[30, 30]",60,0.01,0.001,compas/seed456/shift75/erm_paper7,,,,,,,,,,,,,,,,
compas,456,shift75,erm,,,,paper7_nosex,,False,model seed = shard seed; splits fixed,,100,100,[20],0.001,0.0001,4,"[30, 30]",60,0.01,0.001,compas/seed456/shift75/erm_paper7_nosex,,,,,,,,,,,,,,,,
compas,456,shift75,fnf,categorical,,0.02,paper7,100,False,model seed = shard seed; splits fixed,1,100,100,[20],0.001,0.0001,4,"[30, 30]",60,0.01,0.001,compas/seed456/shift75/fnf_paper7_gamma0.02_made100,,,,,,,,,,,,,,,,
compas,456,shift75,fnf,categorical,,0.02,paper7,50,False,model seed = shard seed; splits fixed,1,100,100,[20],0.001,0.0001,4,"[30, 30]",60,0.01,0.001,compas/seed456/shift75/fnf_paper7_gamma0.02_made50,,,,,,,,,,,,,,,,
compas,456,shift75,fnf,categorical,,0.1,paper7,100,False,model seed = shard seed; splits fixed,1,100,100,[20],0.001,0.0001,4,"[30, 30]",60,0.01,0.001,compas/seed456/shift75/fnf_paper7_gamma0.1_made100,,,,,,,,,,,,,,,,
compas,456,shift75,fnf,categorical,,0.1,paper7,50,False,model seed = shard seed; splits fixed,1,100,100,[20],0.001,0.0001,4,"[30, 30]",60,0.01,0.001,compas/seed456/shift75/fnf_paper7_gamma0.1_made50,,,,,,,,,,,,,,,,
compas,456,shift75,fnf,categorical,,0.2,paper7,100,False,model seed = shard seed; splits fixed,1,100,100,[20],0.001,0.0001,4,"[30, 30]",60,0.01,0.001,compas/seed456/shift75/fnf_paper7_gamma0.2_made100,,,,,,,,,,,,,,,,
compas,456,shift75,fnf,categorical,,0.2,paper7,50,False,model seed = shard seed; splits fixed,1,100,100,[20],0.001,0.0001,4,"[30, 30]",60,0.01,0.001,compas/seed456/shift75/fnf_paper7_gamma0.2_made50,,,,,,,,,,,,,,,,
compas,456,shift75,fnf,categorical,,0.5,paper7,100,False,model seed = shard seed; splits fixed,1,100,100,[20],0.001,0.0001,4,"[30, 30]",60,0.01,0.001,compas/seed456/shift75/fnf_paper7_gamma0.5_made100,,,,,,,,,,,,,,,,
compas,456,shift75,fnf,categorical,,0.5,paper7,50,False,model seed = shard seed; splits fixed,1,100,100,[20],0.001,0.0001,4,"[30, 30]",60,0.01,0.001,compas/seed456/shift75/fnf_paper7_gamma0.5_made50,,,,,,,,,,,,,,,,
compas,456,shift75,fnf,categorical,,0.9,paper7,100,False,model seed = shard seed; splits fixed,1,100,100,[20],0.001,0.0001,4,"[30, 30]",60,0.01,0.001,compas/seed456/shift75/fnf_paper7_gamma0.9_made100,,,,,,,,,,,,,,,,
compas,456,shift75,fnf,categorical,,0.9,paper7,50,False,model seed = shard seed; splits fixed,1,100,100,[20],0.001,0.0001,4,"[30, 30]",60,0.01,0.001,compas/seed456/shift75/fnf_paper7_gamma0.9_made50,,,,,,,,,,,,,,,,
compas,456,shift75,fnf,categorical,,0.0,paper7,100,False,model seed = shard seed; splits fixed,1,100,100,[20],0.001,0.0001,4,"[30, 30]",60,0.01,0.001,compas/seed456/shift75/fnf_paper7_gamma0_made100,,,,,,,,,,,,,,,,
compas,456,shift75,fnf,categorical,,0.0,paper7,50,False,model seed = shard seed; splits fixed,1,100,100,[20],0.001,0.0001,4,"[30, 30]",60,0.01,0.001,compas/seed456/shift75/fnf_paper7_gamma0_made50,,,,,,,,,,,,,,,,
compas,456,shift75,fnf,categorical,,1.0,paper7,100,False,model seed = shard seed; splits fixed,1,100,100,[20],0.001,0.0001,4,"[30, 30]",60,0.01,0.001,compas/seed456/shift75/fnf_paper7_gamma1_made100,,,,,,,,,,,,,,,,
compas,456,shift75,fnf,categorical,,1.0,paper7,50,False,model seed = shard seed; splits fixed,1,100,100,[20],0.001,0.0001,4,"[30, 30]",60,0.01,0.001,compas/seed456/shift75/fnf_paper7_gamma1_made50,,,,,,,,,,,,,,,,
compas,456,shift75,fnf,categorical,,0.02,paper7_nosex,100,False,model seed = shard seed; splits fixed,1,100,100,[20],0.001,0.0001,4,"[30, 30]",60,0.01,0.001,compas/seed456/shift75/fnf_paper7_nosex_gamma0.02_made100,,,,,,,,,,,,,,,,
compas,456,shift75,fnf,categorical,,0.02,paper7_nosex,50,False,model seed = shard seed; splits fixed,1,100,100,[20],0.001,0.0001,4,"[30, 30]",60,0.01,0.001,compas/seed456/shift75/fnf_paper7_nosex_gamma0.02_made50,,,,,,,,,,,,,,,,
compas,456,shift75,fnf,categorical,,0.1,paper7_nosex,100,False,model seed = shard seed; splits fixed,1,100,100,[20],0.001,0.0001,4,"[30, 30]",60,0.01,0.001,compas/seed456/shift75/fnf_paper7_nosex_gamma0.1_made100,,,,,,,,,,,,,,,,
compas,456,shift75,fnf,categorical,,0.1,paper7_nosex,50,False,model seed = shard seed; splits fixed,1,100,100,[20],0.001,0.0001,4,"[30, 30]",60,0.01,0.001,compas/seed456/shift75/fnf_paper7_nosex_gamma0.1_made50,,,,,,,,,,,,,,,,
compas,456,shift75,fnf,categorical,,0.2,paper7_nosex,100,False,model seed = shard seed; splits fixed,1,100,100,[20],0.001,0.0001,4,"[30, 30]",60,0.01,0.001,compas/seed456/shift75/fnf_paper7_nosex_gamma0.2_made100,,,,,,,,,,,,,,,,
compas,456,shift75,fnf,categorical,,0.2,paper7_nosex,50,False,model seed = shard seed; splits fixed,1,100,100,[20],0.001,0.0001,4,"[30, 30]",60,0.01,0.001,compas/seed456/shift75/fnf_paper7_nosex_gamma0.2_made50,,,,,,,,,,,,,,,,
compas,456,shift75,fnf,categorical,,0.5,paper7_nosex,100,False,model seed = shard seed; splits fixed,1,100,100,[20],0.001,0.0001,4,"[30, 30]",60,0.01,0.001,compas/seed456/shift75/fnf_paper7_nosex_gamma0.5_made100,,,,,,,,,,,,,,,,
compas,456,shift75,fnf,categorical,,0.5,paper7_nosex,50,False,model seed = shard seed; splits fixed,1,100,100,[20],0.001,0.0001,4,"[30, 30]",60,0.01,0.001,compas/seed456/shift75/fnf_paper7_nosex_gamma0.5_made50,,,,,,,,,,,,,,,,
compas,456,shift75,fnf,categorical,,0.9,paper7_nosex,100,False,model seed = shard seed; splits fixed,1,100,100,[20],0.001,0.0001,4,"[30, 30]",60,0.01,0.001,compas/seed456/shift75/fnf_paper7_nosex_gamma0.9_made100,,,,,,,,,,,,,,,,
compas,456,shift75,fnf,categorical,,0.9,paper7_nosex,50,False,model seed = shard seed; splits fixed,1,100,100,[20],0.001,0.0001,4,"[30, 30]",60,0.01,0.001,compas/seed456/shift75/fnf_paper7_nosex_gamma0.9_made50,,,,,,,,,,,,,,,,
compas,456,shift75,fnf,categorical,,0.0,paper7_nosex,100,False,model seed = shard seed; splits fixed,1,100,100,[20],0.001,0.0001,4,"[30, 30]",60,0.01,0.001,compas/seed456/shift75/fnf_paper7_nosex_gamma0_made100,,,,,,,,,,,,,,,,
compas,456,shift75,fnf,categorical,,0.0,paper7_nosex,50,False,model seed = shard seed; splits fixed,1,100,100,[20],0.001,0.0001,4,"[30, 30]",60,0.01,0.001,compas/seed456/shift75/fnf_paper7_nosex_gamma0_made50,,,,,,,,,,,,,,,,
compas,456,shift75,fnf,categorical,,1.0,paper7_nosex,100,False,model seed = shard seed; splits fixed,1,100,100,[20],0.001,0.0001,4,"[30, 30]",60,0.01,0.001,compas/seed456/shift75/fnf_paper7_nosex_gamma1_made100,,,,,,,,,,,,,,,,
compas,456,shift75,fnf,categorical,,1.0,paper7_nosex,50,False,model seed = shard seed; splits fixed,1,100,100,[20],0.001,0.0001,4,"[30, 30]",60,0.01,0.001,compas/seed456/shift75/fnf_paper7_nosex_gamma1_made50,,,,,,,,,,,,,,,,
credit,123,equalized,fnf,categorical_conditional,y,0.5,core5,50,False,model seed = shard seed; splits fixed,,100,100,[20],0.001,0.0001,4,"[30, 30]",60,0.01,0.001,credit/seed123/equalized/cfnf_core5_cond-y_gamma0.5_made50,,,,,,,,,,,,,,,,
credit,123,equalized,fnf,categorical_conditional,y,1.0,core5,50,False,model seed = shard seed; splits fixed,,100,100,[20],0.001,0.0001,4,"[30, 30]",60,0.01,0.001,credit/seed123/equalized/cfnf_core5_cond-y_gamma1_made50,,,,,,,,,,,,,,,,
credit,123,equalized,fnf,categorical_conditional,yhat,0.5,core5,50,False,model seed = shard seed; splits fixed,,100,100,[20],0.001,0.0001,4,"[30, 30]",60,0.01,0.001,credit/seed123/equalized/cfnf_core5_cond-yhat_gamma0.5_made50,,,,,,,,,,,,,,,,
credit,123,equalized,fnf,categorical_conditional,yhat,1.0,core5,50,False,model seed = shard seed; splits fixed,,100,100,[20],0.001,0.0001,4,"[30, 30]",60,0.01,0.001,credit/seed123/equalized/cfnf_core5_cond-yhat_gamma1_made50,,,,,,,,,,,,,,,,
credit,123,equalized,erm,,,,core5,,False,model seed = shard seed; splits fixed,,100,100,[20],0.001,0.0001,4,"[30, 30]",60,0.01,0.001,credit/seed123/equalized/erm_core5,,,,,,,,,,,,,,,,
credit,123,equalized,erm,,,,extended8,,False,model seed = shard seed; splits fixed,,100,100,[20],0.001,0.0001,4,"[30, 30]",60,0.01,0.001,credit/seed123/equalized/erm_extended8,,,,,,,,,,,,,,,,
credit,123,equalized,fnf,categorical,,0.02,core5,100,False,model seed = shard seed; splits fixed,1,100,100,[20],0.001,0.0001,4,"[30, 30]",60,0.01,0.001,credit/seed123/equalized/fnf_core5_gamma0.02_made100,,,,,,,,,,,,,,,,
credit,123,equalized,fnf,categorical,,0.02,core5,50,False,model seed = shard seed; splits fixed,1,100,100,[20],0.001,0.0001,4,"[30, 30]",60,0.01,0.001,credit/seed123/equalized/fnf_core5_gamma0.02_made50,,,,,,,,,,,,,,,,
credit,123,equalized,fnf,categorical,,0.1,core5,100,False,model seed = shard seed; splits fixed,1,100,100,[20],0.001,0.0001,4,"[30, 30]",60,0.01,0.001,credit/seed123/equalized/fnf_core5_gamma0.1_made100,,,,,,,,,,,,,,,,
credit,123,equalized,fnf,categorical,,0.1,core5,50,False,model seed = shard seed; splits fixed,1,100,100,[20],0.001,0.0001,4,"[30, 30]",60,0.01,0.001,credit/seed123/equalized/fnf_core5_gamma0.1_made50,,,,,,,,,,,,,,,,
credit,123,equalized,fnf,categorical,,0.2,core5,100,False,model seed = shard seed; splits fixed,1,100,100,[20],0.001,0.0001,4,"[30, 30]",60,0.01,0.001,credit/seed123/equalized/fnf_core5_gamma0.2_made100,,,,,,,,,,,,,,,,
credit,123,equalized,fnf,categorical,,0.2,core5,50,False,model seed = shard seed; splits fixed,1,100,100,[20],0.001,0.0001,4,"[30, 30]",60,0.01,0.001,credit/seed123/equalized/fnf_core5_gamma0.2_made50,,,,,,,,,,,,,,,,
credit,123,equalized,fnf,categorical,,0.5,core5,100,False,model seed = shard seed; splits fixed,1,100,100,[20],0.001,0.0001,4,"[30, 30]",60,0.01,0.001,credit/seed123/equalized/fnf_core5_gamma0.5_made100,,,,,,,,,,,,,,,,
credit,123,equalized,fnf,categorical,,0.5,core5,50,False,model seed = shard seed; splits fixed,1,100,100,[20],0.001,0.0001,4,"[30, 30]",60,0.01,0.001,credit/seed123/equalized/fnf_core5_gamma0.5_made50,,,,,,,,,,,,,,,,
credit,123,equalized,fnf,categorical,,0.9,core5,100,False,model seed = shard seed; splits fixed,1,100,100,[20],0.001,0.0001,4,"[30, 30]",60,0.01,0.001,credit/seed123/equalized/fnf_core5_gamma0.9_made100,,,,,,,,,,,,,,,,
credit,123,equalized,fnf,categorical,,0.9,core5,50,False,model seed = shard seed; splits fixed,1,100,100,[20],0.001,0.0001,4,"[30, 30]",60,0.01,0.001,credit/seed123/equalized/fnf_core5_gamma0.9_made50,,,,,,,,,,,,,,,,
credit,123,equalized,fnf,categorical,,0.0,core5,100,False,model seed = shard seed; splits fixed,1,100,100,[20],0.001,0.0001,4,"[30, 30]",60,0.01,0.001,credit/seed123/equalized/fnf_core5_gamma0_made100,,,,,,,,,,,,,,,,
credit,123,equalized,fnf,categorical,,0.0,core5,50,False,model seed = shard seed; splits fixed,1,100,100,[20],0.001,0.0001,4,"[30, 30]",60,0.01,0.001,credit/seed123/equalized/fnf_core5_gamma0_made50,,,,,,,,,,,,,,,,
credit,123,equalized,fnf,categorical,,1.0,core5,100,False,model seed = shard seed; splits fixed,1,100,100,[20],0.001,0.0001,4,"[30, 30]",60,0.01,0.001,credit/seed123/equalized/fnf_core5_gamma1_made100,,,,,,,,,,,,,,,,
credit,123,equalized,fnf,categorical,,1.0,core5,50,False,model seed = shard seed; splits fixed,1,100,100,[20],0.001,0.0001,4,"[30, 30]",60,0.01,0.001,credit/seed123/equalized/fnf_core5_gamma1_made50,,,,,,,,,,,,,,,,
credit,123,equalized,fnf,categorical,,0.02,extended8,100,False,model seed = shard seed; splits fixed,1,100,100,[20],0.001,0.0001,4,"[30, 30]",60,0.01,0.001,credit/seed123/equalized/fnf_extended8_gamma0.02_made100,,,,,,,,,,,,,,,,
credit,123,equalized,fnf,categorical,,0.02,extended8,50,False,model seed = shard seed; splits fixed,1,100,100,[20],0.001,0.0001,4,"[30, 30]",60,0.01,0.001,credit/seed123/equalized/fnf_extended8_gamma0.02_made50,,,,,,,,,,,,,,,,
credit,123,equalized,fnf,categorical,,0.1,extended8,100,False,model seed = shard seed; splits fixed,1,100,100,[20],0.001,0.0001,4,"[30, 30]",60,0.01,0.001,credit/seed123/equalized/fnf_extended8_gamma0.1_made100,,,,,,,,,,,,,,,,
credit,123,equalized,fnf,categorical,,0.1,extended8,50,False,model seed = shard seed; splits fixed,1,100,100,[20],0.001,0.0001,4,"[30, 30]",60,0.01,0.001,credit/seed123/equalized/fnf_extended8_gamma0.1_made50,,,,,,,,,,,,,,,,
credit,123,equalized,fnf,categorical,,0.2,extended8,100,False,model seed = shard seed; splits fixed,1,100,100,[20],0.001,0.0001,4,"[30, 30]",60,0.01,0.001,credit/seed123/equalized/fnf_extended8_gamma0.2_made100,,,,,,,,,,,,,,,,
credit,123,equalized,fnf,categorical,,0.2,extended8,50,False,model seed = shard seed; splits fixed,1,100,100,[20],0.001,0.0001,4,"[30, 30]",60,0.01,0.001,credit/seed123/equalized/fnf_extended8_gamma0.2_made50,,,,,,,,,,,,,,,,
credit,123,equalized,fnf,categorical,,0.5,extended8,100,False,model seed = shard seed; splits fixed,1,100,100,[20],0.001,0.0001,4,"[30, 30]",60,0.01,0.001,credit/seed123/equalized/fnf_extended8_gamma0.5_made100,,,,,,,,,,,,,,,,
credit,123,equalized,fnf,categorical,,0.5,extended8,50,False,model seed = shard seed; splits fixed,1,100,100,[20],0.001,0.0001,4,"[30, 30]",60,0.01,0.001,credit/seed123/equalized/fnf_extended8_gamma0.5_made50,,,,,,,,,,,,,,,,
credit,123,equalized,fnf,categorical,,0.9,extended8,100,False,model seed = shard seed; splits fixed,1,100,100,[20],0.001,0.0001,4,"[30, 30]",60,0.01,0.001,credit/seed123/equalized/fnf_extended8_gamma0.9_made100,,,,,,,,,,,,,,,,
credit,123,equalized,fnf,categorical,,0.9,extended8,50,False,model seed = shard seed; splits fixed,1,100,100,[20],0.001,0.0001,4,"[30, 30]",60,0.01,0.001,credit/seed123/equalized/fnf_extended8_gamma0.9_made50,,,,,,,,,,,,,,,,
credit,123,equalized,fnf,categorical,,0.0,extended8,100,False,model seed = shard seed; splits fixed,1,100,100,[20],0.001,0.0001,4,"[30, 30]",60,0.01,0.001,credit/seed123/equalized/fnf_extended8_gamma0_made100,,,,,,,,,,,,,,,,
credit,123,equalized,fnf,categorical,,0.0,extended8,50,False,model seed = shard seed; splits fixed,1,100,100,[20],0.001,0.0001,4,"[30, 30]",60,0.01,0.001,credit/seed123/equalized/fnf_extended8_gamma0_made50,,,,,,,,,,,,,,,,
credit,123,equalized,fnf,categorical,,1.0,extended8,100,False,model seed = shard seed; splits fixed,1,100,100,[20],0.001,0.0001,4,"[30, 30]",60,0.01,0.001,credit/seed123/equalized/fnf_extended8_gamma1_made100,,,,,,,,,,,,,,,,
credit,123,equalized,fnf,categorical,,1.0,extended8,50,False,model seed = shard seed; splits fixed,1,100,100,[20],0.001,0.0001,4,"[30, 30]",60,0.01,0.001,credit/seed123/equalized/fnf_extended8_gamma1_made50,,,,,,,,,,,,,,,,
credit,123,natural,fnf,categorical_conditional,y,0.5,core5,50,False,model seed = shard seed; splits fixed,,100,100,[20],0.001,0.0001,4,"[30, 30]",60,0.01,0.001,credit/seed123/natural/cfnf_core5_cond-y_gamma0.5_made50,,,,,,,,,,,,,,,,
credit,123,natural,fnf,categorical_conditional,y,1.0,core5,50,False,model seed = shard seed; splits fixed,,100,100,[20],0.001,0.0001,4,"[30, 30]",60,0.01,0.001,credit/seed123/natural/cfnf_core5_cond-y_gamma1_made50,,,,,,,,,,,,,,,,
credit,123,natural,fnf,categorical_conditional,yhat,0.5,core5,50,False,model seed = shard seed; splits fixed,,100,100,[20],0.001,0.0001,4,"[30, 30]",60,0.01,0.001,credit/seed123/natural/cfnf_core5_cond-yhat_gamma0.5_made50,,,,,,,,,,,,,,,,
credit,123,natural,fnf,categorical_conditional,yhat,1.0,core5,50,False,model seed = shard seed; splits fixed,,100,100,[20],0.001,0.0001,4,"[30, 30]",60,0.01,0.001,credit/seed123/natural/cfnf_core5_cond-yhat_gamma1_made50,,,,,,,,,,,,,,,,
credit,123,natural,erm,,,,core5,,False,model seed = shard seed; splits fixed,,100,100,[20],0.001,0.0001,4,"[30, 30]",60,0.01,0.001,credit/seed123/natural/erm_core5,,,,,,,,,,,,,,,,
credit,123,natural,erm,,,,extended8,,False,model seed = shard seed; splits fixed,,100,100,[20],0.001,0.0001,4,"[30, 30]",60,0.01,0.001,credit/seed123/natural/erm_extended8,,,,,,,,,,,,,,,,
credit,123,natural,fnf,categorical,,0.02,core5,100,False,model seed = shard seed; splits fixed,1,100,100,[20],0.001,0.0001,4,"[30, 30]",60,0.01,0.001,credit/seed123/natural/fnf_core5_gamma0.02_made100,,,,,,,,,,,,,,,,
credit,123,natural,fnf,categorical,,0.02,core5,50,False,model seed = shard seed; splits fixed,1,100,100,[20],0.001,0.0001,4,"[30, 30]",60,0.01,0.001,credit/seed123/natural/fnf_core5_gamma0.02_made50,,,,,,,,,,,,,,,,
credit,123,natural,fnf,categorical,,0.1,core5,100,False,model seed = shard seed; splits fixed,1,100,100,[20],0.001,0.0001,4,"[30, 30]",60,0.01,0.001,credit/seed123/natural/fnf_core5_gamma0.1_made100,,,,,,,,,,,,,,,,
credit,123,natural,fnf,categorical,,0.1,core5,50,False,model seed = shard seed; splits fixed,1,100,100,[20],0.001,0.0001,4,"[30, 30]",60,0.01,0.001,credit/seed123/natural/fnf_core5_gamma0.1_made50,,,,,,,,,,,,,,,,
credit,123,natural,fnf,categorical,,0.2,core5,100,False,model seed = shard seed; splits fixed,1,100,100,[20],0.001,0.0001,4,"[30, 30]",60,0.01,0.001,credit/seed123/natural/fnf_core5_gamma0.2_made100,,,,,,,,,,,,,,,,
credit,123,natural,fnf,categorical,,0.2,core5,50,False,model seed = shard seed; splits fixed,1,100,100,[20],0.001,0.0001,4,"[30, 30]",60,0.01,0.001,credit/seed123/natural/fnf_core5_gamma0.2_made50,,,,,,,,,,,,,,,,
credit,123,natural,fnf,categorical,,0.5,core5,100,False,model seed = shard seed; splits fixed,1,100,100,[20],0.001,0.0001,4,"[30, 30]",60,0.01,0.001,credit/seed123/natural/fnf_core5_gamma0.5_made100,,,,,,,,,,,,,,,,
credit,123,natural,fnf,categorical,,0.5,core5,50,False,model seed = shard seed; splits fixed,1,100,100,[20],0.001,0.0001,4,"[30, 30]",60,0.01,0.001,credit/seed123/natural/fnf_core5_gamma0.5_made50,,,,,,,,,,,,,,,,
credit,123,natural,fnf,categorical,,0.9,core5,100,False,model seed = shard seed; splits fixed,1,100,100,[20],0.001,0.0001,4,"[30, 30]",60,0.01,0.001,credit/seed123/natural/fnf_core5_gamma0.9_made100,,,,,,,,,,,,,,,,
credit,123,natural,fnf,categorical,,0.9,core5,50,False,model seed = shard seed; splits fixed,1,100,100,[20],0.001,0.0001,4,"[30, 30]",60,0.01,0.001,credit/seed123/natural/fnf_core5_gamma0.9_made50,,,,,,,,,,,,,,,,
credit,123,natural,fnf,categorical,,0.0,core5,100,False,model seed = shard seed; splits fixed,1,100,100,[20],0.001,0.0001,4,"[30, 30]",60,0.01,0.001,credit/seed123/natural/fnf_core5_gamma0_made100,,,,,,,,,,,,,,,,
credit,123,natural,fnf,categorical,,0.0,core5,50,False,model seed = shard seed; splits fixed,1,100,100,[20],0.001,0.0001,4,"[30, 30]",60,0.01,0.001,credit/seed123/natural/fnf_core5_gamma0_made50,,,,,,,,,,,,,,,,
credit,123,natural,fnf,categorical,,1.0,core5,100,False,model seed = shard seed; splits fixed,1,100,100,[20],0.001,0.0001,4,"[30, 30]",60,0.01,0.001,credit/seed123/natural/fnf_core5_gamma1_made100,,,,,,,,,,,,,,,,
credit,123,natural,fnf,categorical,,1.0,core5,50,False,model seed = shard seed; splits fixed,1,100,100,[20],0.001,0.0001,4,"[30, 30]",60,0.01,0.001,credit/seed123/natural/fnf_core5_gamma1_made50,,,,,,,,,,,,,,,,
credit,123,natural,fnf,categorical,,0.02,extended8,100,False,model seed = shard seed; splits fixed,1,100,100,[20],0.001,0.0001,4,"[30, 30]",60,0.01,0.001,credit/seed123/natural/fnf_extended8_gamma0.02_made100,,,,,,,,,,,,,,,,
credit,123,natural,fnf,categorical,,0.02,extended8,50,False,model seed = shard seed; splits fixed,1,100,100,[20],0.001,0.0001,4,"[30, 30]",60,0.01,0.001,credit/seed123/natural/fnf_extended8_gamma0.02_made50,,,,,,,,,,,,,,,,
credit,123,natural,fnf,categorical,,0.1,extended8,100,False,model seed = shard seed; splits fixed,1,100,100,[20],0.001,0.0001,4,"[30, 30]",60,0.01,0.001,credit/seed123/natural/fnf_extended8_gamma0.1_made100,,,,,,,,,,,,,,,,
credit,123,natural,fnf,categorical,,0.1,extended8,50,False,model seed = shard seed; splits fixed,1,100,100,[20],0.001,0.0001,4,"[30, 30]",60,0.01,0.001,credit/seed123/natural/fnf_extended8_gamma0.1_made50,,,,,,,,,,,,,,,,
credit,123,natural,fnf,categorical,,0.2,extended8,100,False,model seed = shard seed; splits fixed,1,100,100,[20],0.001,0.0001,4,"[30, 30]",60,0.01,0.001,credit/seed123/natural/fnf_extended8_gamma0.2_made100,,,,,,,,,,,,,,,,
credit,123,natural,fnf,categorical,,0.2,extended8,50,False,model seed = shard seed; splits fixed,1,100,100,[20],0.001,0.0001,4,"[30, 30]",60,0.01,0.001,credit/seed123/natural/fnf_extended8_gamma0.2_made50,,,,,,,,,,,,,,,,
credit,123,natural,fnf,categorical,,0.5,extended8,100,False,model seed = shard seed; splits fixed,1,100,100,[20],0.001,0.0001,4,"[30, 30]",60,0.01,0.001,credit/seed123/natural/fnf_extended8_gamma0.5_made100,,,,,,,,,,,,,,,,
credit,123,natural,fnf,categorical,,0.5,extended8,50,False,model seed = shard seed; splits fixed,1,100,100,[20],0.001,0.0001,4,"[30, 30]",60,0.01,0.001,credit/seed123/natural/fnf_extended8_gamma0.5_made50,,,,,,,,,,,,,,,,
credit,123,natural,fnf,categorical,,0.9,extended8,100,False,model seed = shard seed; splits fixed,1,100,100,[20],0.001,0.0001,4,"[30, 30]",60,0.01,0.001,credit/seed123/natural/fnf_extended8_gamma0.9_made100,,,,,,,,,,,,,,,,
credit,123,natural,fnf,categorical,,0.9,extended8,50,False,model seed = shard seed; splits fixed,1,100,100,[20],0.001,0.0001,4,"[30, 30]",60,0.01,0.001,credit/seed123/natural/fnf_extended8_gamma0.9_made50,,,,,,,,,,,,,,,,
credit,123,natural,fnf,categorical,,0.0,extended8,100,False,model seed = shard seed; splits fixed,1,100,100,[20],0.001,0.0001,4,"[30, 30]",60,0.01,0.001,credit/seed123/natural/fnf_extended8_gamma0_made100,,,,,,,,,,,,,,,,
credit,123,natural,fnf,categorical,,0.0,extended8,50,False,model seed = shard seed; splits fixed,1,100,100,[20],0.001,0.0001,4,"[30, 30]",60,0.01,0.001,credit/seed123/natural/fnf_extended8_gamma0_made50,,,,,,,,,,,,,,,,
credit,123,natural,fnf,categorical,,1.0,extended8,100,False,model seed = shard seed; splits fixed,1,100,100,[20],0.001,0.0001,4,"[30, 30]",60,0.01,0.001,credit/seed123/natural/fnf_extended8_gamma1_made100,,,,,,,,,,,,,,,,
credit,123,natural,fnf,categorical,,1.0,extended8,50,False,model seed = shard seed; splits fixed,1,100,100,[20],0.001,0.0001,4,"[30, 30]",60,0.01,0.001,credit/seed123/natural/fnf_extended8_gamma1_made50,,,,,,,,,,,,,,,,
credit,123,shift50,fnf,categorical_conditional,y,0.5,core5,50,False,model seed = shard seed; splits fixed,,100,100,[20],0.001,0.0001,4,"[30, 30]",60,0.01,0.001,credit/seed123/shift50/cfnf_core5_cond-y_gamma0.5_made50,,,,,,,,,,,,,,,,
credit,123,shift50,fnf,categorical_conditional,y,1.0,core5,50,False,model seed = shard seed; splits fixed,,100,100,[20],0.001,0.0001,4,"[30, 30]",60,0.01,0.001,credit/seed123/shift50/cfnf_core5_cond-y_gamma1_made50,,,,,,,,,,,,,,,,
credit,123,shift50,fnf,categorical_conditional,yhat,0.5,core5,50,False,model seed = shard seed; splits fixed,,100,100,[20],0.001,0.0001,4,"[30, 30]",60,0.01,0.001,credit/seed123/shift50/cfnf_core5_cond-yhat_gamma0.5_made50,,,,,,,,,,,,,,,,
credit,123,shift50,fnf,categorical_conditional,yhat,1.0,core5,50,False,model seed = shard seed; splits fixed,,100,100,[20],0.001,0.0001,4,"[30, 30]",60,0.01,0.001,credit/seed123/shift50/cfnf_core5_cond-yhat_gamma1_made50,,,,,,,,,,,,,,,,
credit,123,shift50,erm,,,,core5,,False,model seed = shard seed; splits fixed,,100,100,[20],0.001,0.0001,4,"[30, 30]",60,0.01,0.001,credit/seed123/shift50/erm_core5,,,,,,,,,,,,,,,,
credit,123,shift50,erm,,,,extended8,,False,model seed = shard seed; splits fixed,,100,100,[20],0.001,0.0001,4,"[30, 30]",60,0.01,0.001,credit/seed123/shift50/erm_extended8,,,,,,,,,,,,,,,,
credit,123,shift50,fnf,categorical,,0.02,core5,100,False,model seed = shard seed; splits fixed,1,100,100,[20],0.001,0.0001,4,"[30, 30]",60,0.01,0.001,credit/seed123/shift50/fnf_core5_gamma0.02_made100,,,,,,,,,,,,,,,,
credit,123,shift50,fnf,categorical,,0.02,core5,50,False,model seed = shard seed; splits fixed,1,100,100,[20],0.001,0.0001,4,"[30, 30]",60,0.01,0.001,credit/seed123/shift50/fnf_core5_gamma0.02_made50,,,,,,,,,,,,,,,,
credit,123,shift50,fnf,categorical,,0.1,core5,100,False,model seed = shard seed; splits fixed,1,100,100,[20],0.001,0.0001,4,"[30, 30]",60,0.01,0.001,credit/seed123/shift50/fnf_core5_gamma0.1_made100,,,,,,,,,,,,,,,,
credit,123,shift50,fnf,categorical,,0.1,core5,50,False,model seed = shard seed; splits fixed,1,100,100,[20],0.001,0.0001,4,"[30, 30]",60,0.01,0.001,credit/seed123/shift50/fnf_core5_gamma0.1_made50,,,,,,,,,,,,,,,,
credit,123,shift50,fnf,categorical,,0.2,core5,100,False,model seed = shard seed; splits fixed,1,100,100,[20],0.001,0.0001,4,"[30, 30]",60,0.01,0.001,credit/seed123/shift50/fnf_core5_gamma0.2_made100,,,,,,,,,,,,,,,,
credit,123,shift50,fnf,categorical,,0.2,core5,50,False,model seed = shard seed; splits fixed,1,100,100,[20],0.001,0.0001,4,"[30, 30]",60,0.01,0.001,credit/seed123/shift50/fnf_core5_gamma0.2_made50,,,,,,,,,,,,,,,,
credit,123,shift50,fnf,categorical,,0.5,core5,100,False,model seed = shard seed; splits fixed,1,100,100,[20],0.001,0.0001,4,"[30, 30]",60,0.01,0.001,credit/seed123/shift50/fnf_core5_gamma0.5_made100,,,,,,,,,,,,,,,,
credit,123,shift50,fnf,categorical,,0.5,core5,50,False,model seed = shard seed; splits fixed,1,100,100,[20],0.001,0.0001,4,"[30, 30]",60,0.01,0.001,credit/seed123/shift50/fnf_core5_gamma0.5_made50,,,,,,,,,,,,,,,,
credit,123,shift50,fnf,categorical,,0.9,core5,100,False,model seed = shard seed; splits fixed,1,100,100,[20],0.001,0.0001,4,"[30, 30]",60,0.01,0.001,credit/seed123/shift50/fnf_core5_gamma0.9_made100,,,,,,,,,,,,,,,,
credit,123,shift50,fnf,categorical,,0.9,core5,50,False,model seed = shard seed; splits fixed,1,100,100,[20],0.001,0.0001,4,"[30, 30]",60,0.01,0.001,credit/seed123/shift50/fnf_core5_gamma0.9_made50,,,,,,,,,,,,,,,,
credit,123,shift50,fnf,categorical,,0.0,core5,100,False,model seed = shard seed; splits fixed,1,100,100,[20],0.001,0.0001,4,"[30, 30]",60,0.01,0.001,credit/seed123/shift50/fnf_core5_gamma0_made100,,,,,,,,,,,,,,,,
credit,123,shift50,fnf,categorical,,0.0,core5,50,False,model seed = shard seed; splits fixed,1,100,100,[20],0.001,0.0001,4,"[30, 30]",60,0.01,0.001,credit/seed123/shift50/fnf_core5_gamma0_made50,,,,,,,,,,,,,,,,
credit,123,shift50,fnf,categorical,,1.0,core5,100,False,model seed = shard seed; splits fixed,1,100,100,[20],0.001,0.0001,4,"[30, 30]",60,0.01,0.001,credit/seed123/shift50/fnf_core5_gamma1_made100,,,,,,,,,,,,,,,,
credit,123,shift50,fnf,categorical,,1.0,core5,50,False,model seed = shard seed; splits fixed,1,100,100,[20],0.001,0.0001,4,"[30, 30]",60,0.01,0.001,credit/seed123/shift50/fnf_core5_gamma1_made50,,,,,,,,,,,,,,,,
credit,123,shift50,fnf,categorical,,0.02,extended8,100,False,model seed = shard seed; splits fixed,1,100,100,[20],0.001,0.0001,4,"[30, 30]",60,0.01,0.001,credit/seed123/shift50/fnf_extended8_gamma0.02_made100,,,,,,,,,,,,,,,,
credit,123,shift50,fnf,categorical,,0.02,extended8,50,False,model seed = shard seed; splits fixed,1,100,100,[20],0.001,0.0001,4,"[30, 30]",60,0.01,0.001,credit/seed123/shift50/fnf_extended8_gamma0.02_made50,,,,,,,,,,,,,,,,
credit,123,shift50,fnf,categorical,,0.1,extended8,100,False,model seed = shard seed; splits fixed,1,100,100,[20],0.001,0.0001,4,"[30, 30]",60,0.01,0.001,credit/seed123/shift50/fnf_extended8_gamma0.1_made100,,,,,,,,,,,,,,,,
credit,123,shift50,fnf,categorical,,0.1,extended8,50,False,model seed = shard seed; splits fixed,1,100,100,[20],0.001,0.0001,4,"[30, 30]",60,0.01,0.001,credit/seed123/shift50/fnf_extended8_gamma0.1_made50,,,,,,,,,,,,,,,,
credit,123,shift50,fnf,categorical,,0.2,extended8,100,False,model seed = shard seed; splits fixed,1,100,100,[20],0.001,0.0001,4,"[30, 30]",60,0.01,0.001,credit/seed123/shift50/fnf_extended8_gamma0.2_made100,,,,,,,,,,,,,,,,
credit,123,shift50,fnf,categorical,,0.2,extended8,50,False,model seed = shard seed; splits fixed,1,100,100,[20],0.001,0.0001,4,"[30, 30]",60,0.01,0.001,credit/seed123/shift50/fnf_extended8_gamma0.2_made50,,,,,,,,,,,,,,,,
credit,123,shift50,fnf,categorical,,0.5,extended8,100,False,model seed = shard seed; splits fixed,1,100,100,[20],0.001,0.0001,4,"[30, 30]",60,0.01,0.001,credit/seed123/shift50/fnf_extended8_gamma0.5_made100,,,,,,,,,,,,,,,,
credit,123,shift50,fnf,categorical,,0.5,extended8,50,False,model seed = shard seed; splits fixed,1,100,100,[20],0.001,0.0001,4,"[30, 30]",60,0.01,0.001,credit/seed123/shift50/fnf_extended8_gamma0.5_made50,,,,,,,,,,,,,,,,
credit,123,shift50,fnf,categorical,,0.9,extended8,100,False,model seed = shard seed; splits fixed,1,100,100,[20],0.001,0.0001,4,"[30, 30]",60,0.01,0.001,credit/seed123/shift50/fnf_extended8_gamma0.9_made100,,,,,,,,,,,,,,,,
credit,123,shift50,fnf,categorical,,0.9,extended8,50,False,model seed = shard seed; splits fixed,1,100,100,[20],0.001,0.0001,4,"[30, 30]",60,0.01,0.001,credit/seed123/shift50/fnf_extended8_gamma0.9_made50,,,,,,,,,,,,,,,,
credit,123,shift50,fnf,categorical,,0.0,extended8,100,False,model seed = shard seed; splits fixed,1,100,100,[20],0.001,0.0001,4,"[30, 30]",60,0.01,0.001,credit/seed123/shift50/fnf_extended8_gamma0_made100,,,,,,,,,,,,,,,,
credit,123,shift50,fnf,categorical,,0.0,extended8,50,False,model seed = shard seed; splits fixed,1,100,100,[20],0.001,0.0001,4,"[30, 30]",60,0.01,0.001,credit/seed123/shift50/fnf_extended8_gamma0_made50,,,,,,,,,,,,,,,,
credit,123,shift50,fnf,categorical,,1.0,extended8,100,False,model seed = shard seed; splits fixed,1,100,100,[20],0.001,0.0001,4,"[30, 30]",60,0.01,0.001,credit/seed123/shift50/fnf_extended8_gamma1_made100,,,,,,,,,,,,,,,,
credit,123,shift50,fnf,categorical,,1.0,extended8,50,False,model seed = shard seed; splits fixed,1,100,100,[20],0.001,0.0001,4,"[30, 30]",60,0.01,0.001,credit/seed123/shift50/fnf_extended8_gamma1_made50,,,,,,,,,,,,,,,,
credit,123,shift75,fnf,categorical_conditional,y,0.5,core5,50,False,model seed = shard seed; splits fixed,,100,100,[20],0.001,0.0001,4,"[30, 30]",60,0.01,0.001,credit/seed123/shift75/cfnf_core5_cond-y_gamma0.5_made50,,,,,,,,,,,,,,,,
credit,123,shift75,fnf,categorical_conditional,y,1.0,core5,50,False,model seed = shard seed; splits fixed,,100,100,[20],0.001,0.0001,4,"[30, 30]",60,0.01,0.001,credit/seed123/shift75/cfnf_core5_cond-y_gamma1_made50,,,,,,,,,,,,,,,,
credit,123,shift75,fnf,categorical_conditional,yhat,0.5,core5,50,False,model seed = shard seed; splits fixed,,100,100,[20],0.001,0.0001,4,"[30, 30]",60,0.01,0.001,credit/seed123/shift75/cfnf_core5_cond-yhat_gamma0.5_made50,,,,,,,,,,,,,,,,
credit,123,shift75,fnf,categorical_conditional,yhat,1.0,core5,50,False,model seed = shard seed; splits fixed,,100,100,[20],0.001,0.0001,4,"[30, 30]",60,0.01,0.001,credit/seed123/shift75/cfnf_core5_cond-yhat_gamma1_made50,,,,,,,,,,,,,,,,
credit,123,shift75,erm,,,,core5,,False,model seed = shard seed; splits fixed,,100,100,[20],0.001,0.0001,4,"[30, 30]",60,0.01,0.001,credit/seed123/shift75/erm_core5,,,,,,,,,,,,,,,,
credit,123,shift75,erm,,,,extended8,,False,model seed = shard seed; splits fixed,,100,100,[20],0.001,0.0001,4,"[30, 30]",60,0.01,0.001,credit/seed123/shift75/erm_extended8,,,,,,,,,,,,,,,,
credit,123,shift75,fnf,categorical,,0.02,core5,100,False,model seed = shard seed; splits fixed,1,100,100,[20],0.001,0.0001,4,"[30, 30]",60,0.01,0.001,credit/seed123/shift75/fnf_core5_gamma0.02_made100,,,,,,,,,,,,,,,,
credit,123,shift75,fnf,categorical,,0.02,core5,50,False,model seed = shard seed; splits fixed,1,100,100,[20],0.001,0.0001,4,"[30, 30]",60,0.01,0.001,credit/seed123/shift75/fnf_core5_gamma0.02_made50,,,,,,,,,,,,,,,,
credit,123,shift75,fnf,categorical,,0.1,core5,100,False,model seed = shard seed; splits fixed,1,100,100,[20],0.001,0.0001,4,"[30, 30]",60,0.01,0.001,credit/seed123/shift75/fnf_core5_gamma0.1_made100,,,,,,,,,,,,,,,,
credit,123,shift75,fnf,categorical,,0.1,core5,50,False,model seed = shard seed; splits fixed,1,100,100,[20],0.001,0.0001,4,"[30, 30]",60,0.01,0.001,credit/seed123/shift75/fnf_core5_gamma0.1_made50,,,,,,,,,,,,,,,,
credit,123,shift75,fnf,categorical,,0.2,core5,100,False,model seed = shard seed; splits fixed,1,100,100,[20],0.001,0.0001,4,"[30, 30]",60,0.01,0.001,credit/seed123/shift75/fnf_core5_gamma0.2_made100,,,,,,,,,,,,,,,,
credit,123,shift75,fnf,categorical,,0.2,core5,50,False,model seed = shard seed; splits fixed,1,100,100,[20],0.001,0.0001,4,"[30, 30]",60,0.01,0.001,credit/seed123/shift75/fnf_core5_gamma0.2_made50,,,,,,,,,,,,,,,,
credit,123,shift75,fnf,categorical,,0.5,core5,100,False,model seed = shard seed; splits fixed,1,100,100,[20],0.001,0.0001,4,"[30, 30]",60,0.01,0.001,credit/seed123/shift75/fnf_core5_gamma0.5_made100,,,,,,,,,,,,,,,,
credit,123,shift75,fnf,categorical,,0.5,core5,50,False,model seed = shard seed; splits fixed,1,100,100,[20],0.001,0.0001,4,"[30, 30]",60,0.01,0.001,credit/seed123/shift75/fnf_core5_gamma0.5_made50,,,,,,,,,,,,,,,,
credit,123,shift75,fnf,categorical,,0.9,core5,100,False,model seed = shard seed; splits fixed,1,100,100,[20],0.001,0.0001,4,"[30, 30]",60,0.01,0.001,credit/seed123/shift75/fnf_core5_gamma0.9_made100,,,,,,,,,,,,,,,,
credit,123,shift75,fnf,categorical,,0.9,core5,50,False,model seed = shard seed; splits fixed,1,100,100,[20],0.001,0.0001,4,"[30, 30]",60,0.01,0.001,credit/seed123/shift75/fnf_core5_gamma0.9_made50,,,,,,,,,,,,,,,,
credit,123,shift75,fnf,categorical,,0.0,core5,100,False,model seed = shard seed; splits fixed,1,100,100,[20],0.001,0.0001,4,"[30, 30]",60,0.01,0.001,credit/seed123/shift75/fnf_core5_gamma0_made100,,,,,,,,,,,,,,,,
credit,123,shift75,fnf,categorical,,0.0,core5,50,False,model seed = shard seed; splits fixed,1,100,100,[20],0.001,0.0001,4,"[30, 30]",60,0.01,0.001,credit/seed123/shift75/fnf_core5_gamma0_made50,,,,,,,,,,,,,,,,
credit,123,shift75,fnf,categorical,,1.0,core5,100,False,model seed = shard seed; splits fixed,1,100,100,[20],0.001,0.0001,4,"[30, 30]",60,0.01,0.001,credit/seed123/shift75/fnf_core5_gamma1_made100,,,,,,,,,,,,,,,,
credit,123,shift75,fnf,categorical,,1.0,core5,50,False,model seed = shard seed; splits fixed,1,100,100,[20],0.001,0.0001,4,"[30, 30]",60,0.01,0.001,credit/seed123/shift75/fnf_core5_gamma1_made50,,,,,,,,,,,,,,,,
credit,123,shift75,fnf,categorical,,0.02,extended8,100,False,model seed = shard seed; splits fixed,1,100,100,[20],0.001,0.0001,4,"[30, 30]",60,0.01,0.001,credit/seed123/shift75/fnf_extended8_gamma0.02_made100,,,,,,,,,,,,,,,,
credit,123,shift75,fnf,categorical,,0.02,extended8,50,False,model seed = shard seed; splits fixed,1,100,100,[20],0.001,0.0001,4,"[30, 30]",60,0.01,0.001,credit/seed123/shift75/fnf_extended8_gamma0.02_made50,,,,,,,,,,,,,,,,
credit,123,shift75,fnf,categorical,,0.1,extended8,100,False,model seed = shard seed; splits fixed,1,100,100,[20],0.001,0.0001,4,"[30, 30]",60,0.01,0.001,credit/seed123/shift75/fnf_extended8_gamma0.1_made100,,,,,,,,,,,,,,,,
credit,123,shift75,fnf,categorical,,0.1,extended8,50,False,model seed = shard seed; splits fixed,1,100,100,[20],0.001,0.0001,4,"[30, 30]",60,0.01,0.001,credit/seed123/shift75/fnf_extended8_gamma0.1_made50,,,,,,,,,,,,,,,,
credit,123,shift75,fnf,categorical,,0.2,extended8,100,False,model seed = shard seed; splits fixed,1,100,100,[20],0.001,0.0001,4,"[30, 30]",60,0.01,0.001,credit/seed123/shift75/fnf_extended8_gamma0.2_made100,,,,,,,,,,,,,,,,
credit,123,shift75,fnf,categorical,,0.2,extended8,50,False,model seed = shard seed; splits fixed,1,100,100,[20],0.001,0.0001,4,"[30, 30]",60,0.01,0.001,credit/seed123/shift75/fnf_extended8_gamma0.2_made50,,,,,,,,,,,,,,,,
credit,123,shift75,fnf,categorical,,0.5,extended8,100,False,model seed = shard seed; splits fixed,1,100,100,[20],0.001,0.0001,4,"[30, 30]",60,0.01,0.001,credit/seed123/shift75/fnf_extended8_gamma0.5_made100,,,,,,,,,,,,,,,,
credit,123,shift75,fnf,categorical,,0.5,extended8,50,False,model seed = shard seed; splits fixed,1,100,100,[20],0.001,0.0001,4,"[30, 30]",60,0.01,0.001,credit/seed123/shift75/fnf_extended8_gamma0.5_made50,,,,,,,,,,,,,,,,
credit,123,shift75,fnf,categorical,,0.9,extended8,100,False,model seed = shard seed; splits fixed,1,100,100,[20],0.001,0.0001,4,"[30, 30]",60,0.01,0.001,credit/seed123/shift75/fnf_extended8_gamma0.9_made100,,,,,,,,,,,,,,,,
credit,123,shift75,fnf,categorical,,0.9,extended8,50,False,model seed = shard seed; splits fixed,1,100,100,[20],0.001,0.0001,4,"[30, 30]",60,0.01,0.001,credit/seed123/shift75/fnf_extended8_gamma0.9_made50,,,,,,,,,,,,,,,,
credit,123,shift75,fnf,categorical,,0.0,extended8,100,False,model seed = shard seed; splits fixed,1,100,100,[20],0.001,0.0001,4,"[30, 30]",60,0.01,0.001,credit/seed123/shift75/fnf_extended8_gamma0_made100,,,,,,,,,,,,,,,,
credit,123,shift75,fnf,categorical,,0.0,extended8,50,False,model seed = shard seed; splits fixed,1,100,100,[20],0.001,0.0001,4,"[30, 30]",60,0.01,0.001,credit/seed123/shift75/fnf_extended8_gamma0_made50,,,,,,,,,,,,,,,,
credit,123,shift75,fnf,categorical,,1.0,extended8,100,False,model seed = shard seed; splits fixed,1,100,100,[20],0.001,0.0001,4,"[30, 30]",60,0.01,0.001,credit/seed123/shift75/fnf_extended8_gamma1_made100,,,,,,,,,,,,,,,,
credit,123,shift75,fnf,categorical,,1.0,extended8,50,False,model seed = shard seed; splits fixed,1,100,100,[20],0.001,0.0001,4,"[30, 30]",60,0.01,0.001,credit/seed123/shift75/fnf_extended8_gamma1_made50,,,,,,,,,,,,,,,,
credit,42,equalized,fnf,categorical_conditional,y,0.5,core5,50,False,model seed = shard seed; splits fixed,,100,100,[20],0.001,0.0001,4,"[30, 30]",60,0.01,0.001,credit/seed42/equalized/cfnf_core5_cond-y_gamma0.5_made50,,,,,,,,,,,,,,,,
credit,42,equalized,fnf,categorical_conditional,y,1.0,core5,50,False,model seed = shard seed; splits fixed,,100,100,[20],0.001,0.0001,4,"[30, 30]",60,0.01,0.001,credit/seed42/equalized/cfnf_core5_cond-y_gamma1_made50,,,,,,,,,,,,,,,,
credit,42,equalized,fnf,categorical_conditional,yhat,0.5,core5,50,False,model seed = shard seed; splits fixed,,100,100,[20],0.001,0.0001,4,"[30, 30]",60,0.01,0.001,credit/seed42/equalized/cfnf_core5_cond-yhat_gamma0.5_made50,,,,,,,,,,,,,,,,
credit,42,equalized,fnf,categorical_conditional,yhat,1.0,core5,50,False,model seed = shard seed; splits fixed,,100,100,[20],0.001,0.0001,4,"[30, 30]",60,0.01,0.001,credit/seed42/equalized/cfnf_core5_cond-yhat_gamma1_made50,,,,,,,,,,,,,,,,
credit,42,equalized,erm,,,,core5,,False,model seed = shard seed; splits fixed,,100,100,[20],0.001,0.0001,4,"[30, 30]",60,0.01,0.001,credit/seed42/equalized/erm_core5,,,,,,,,,,,,,,,,
credit,42,equalized,erm,,,,extended8,,False,model seed = shard seed; splits fixed,,100,100,[20],0.001,0.0001,4,"[30, 30]",60,0.01,0.001,credit/seed42/equalized/erm_extended8,,,,,,,,,,,,,,,,
credit,42,equalized,fnf,categorical,,0.02,core5,100,False,model seed = shard seed; splits fixed,1,100,100,[20],0.001,0.0001,4,"[30, 30]",60,0.01,0.001,credit/seed42/equalized/fnf_core5_gamma0.02_made100,,,,,,,,,,,,,,,,
credit,42,equalized,fnf,categorical,,0.02,core5,50,False,model seed = shard seed; splits fixed,1,100,100,[20],0.001,0.0001,4,"[30, 30]",60,0.01,0.001,credit/seed42/equalized/fnf_core5_gamma0.02_made50,,,,,,,,,,,,,,,,
credit,42,equalized,fnf,categorical,,0.1,core5,100,False,model seed = shard seed; splits fixed,1,100,100,[20],0.001,0.0001,4,"[30, 30]",60,0.01,0.001,credit/seed42/equalized/fnf_core5_gamma0.1_made100,,,,,,,,,,,,,,,,
credit,42,equalized,fnf,categorical,,0.1,core5,50,False,model seed = shard seed; splits fixed,1,100,100,[20],0.001,0.0001,4,"[30, 30]",60,0.01,0.001,credit/seed42/equalized/fnf_core5_gamma0.1_made50,,,,,,,,,,,,,,,,
credit,42,equalized,fnf,categorical,,0.2,core5,100,False,model seed = shard seed; splits fixed,1,100,100,[20],0.001,0.0001,4,"[30, 30]",60,0.01,0.001,credit/seed42/equalized/fnf_core5_gamma0.2_made100,,,,,,,,,,,,,,,,
credit,42,equalized,fnf,categorical,,0.2,core5,50,False,model seed = shard seed; splits fixed,1,100,100,[20],0.001,0.0001,4,"[30, 30]",60,0.01,0.001,credit/seed42/equalized/fnf_core5_gamma0.2_made50,,,,,,,,,,,,,,,,
credit,42,equalized,fnf,categorical,,0.5,core5,100,False,model seed = shard seed; splits fixed,1,100,100,[20],0.001,0.0001,4,"[30, 30]",60,0.01,0.001,credit/seed42/equalized/fnf_core5_gamma0.5_made100,,,,,,,,,,,,,,,,
credit,42,equalized,fnf,categorical,,0.5,core5,50,False,model seed = shard seed; splits fixed,1,100,100,[20],0.001,0.0001,4,"[30, 30]",60,0.01,0.001,credit/seed42/equalized/fnf_core5_gamma0.5_made50,,,,,,,,,,,,,,,,
credit,42,equalized,fnf,categorical,,0.9,core5,100,False,model seed = shard seed; splits fixed,1,100,100,[20],0.001,0.0001,4,"[30, 30]",60,0.01,0.001,credit/seed42/equalized/fnf_core5_gamma0.9_made100,,,,,,,,,,,,,,,,
credit,42,equalized,fnf,categorical,,0.9,core5,50,False,model seed = shard seed; splits fixed,1,100,100,[20],0.001,0.0001,4,"[30, 30]",60,0.01,0.001,credit/seed42/equalized/fnf_core5_gamma0.9_made50,,,,,,,,,,,,,,,,
credit,42,equalized,fnf,categorical,,0.0,core5,100,False,model seed = shard seed; splits fixed,1,100,100,[20],0.001,0.0001,4,"[30, 30]",60,0.01,0.001,credit/seed42/equalized/fnf_core5_gamma0_made100,,,,,,,,,,,,,,,,
credit,42,equalized,fnf,categorical,,0.0,core5,50,False,model seed = shard seed; splits fixed,1,100,100,[20],0.001,0.0001,4,"[30, 30]",60,0.01,0.001,credit/seed42/equalized/fnf_core5_gamma0_made50,,,,,,,,,,,,,,,,
credit,42,equalized,fnf,categorical,,1.0,core5,100,False,model seed = shard seed; splits fixed,1,100,100,[20],0.001,0.0001,4,"[30, 30]",60,0.01,0.001,credit/seed42/equalized/fnf_core5_gamma1_made100,,,,,,,,,,,,,,,,
credit,42,equalized,fnf,categorical,,1.0,core5,50,False,model seed = shard seed; splits fixed,1,100,100,[20],0.001,0.0001,4,"[30, 30]",60,0.01,0.001,credit/seed42/equalized/fnf_core5_gamma1_made50,,,,,,,,,,,,,,,,
credit,42,equalized,fnf,categorical,,0.02,extended8,100,False,model seed = shard seed; splits fixed,1,100,100,[20],0.001,0.0001,4,"[30, 30]",60,0.01,0.001,credit/seed42/equalized/fnf_extended8_gamma0.02_made100,,,,,,,,,,,,,,,,
credit,42,equalized,fnf,categorical,,0.02,extended8,50,False,model seed = shard seed; splits fixed,1,100,100,[20],0.001,0.0001,4,"[30, 30]",60,0.01,0.001,credit/seed42/equalized/fnf_extended8_gamma0.02_made50,,,,,,,,,,,,,,,,
credit,42,equalized,fnf,categorical,,0.1,extended8,100,False,model seed = shard seed; splits fixed,1,100,100,[20],0.001,0.0001,4,"[30, 30]",60,0.01,0.001,credit/seed42/equalized/fnf_extended8_gamma0.1_made100,,,,,,,,,,,,,,,,
credit,42,equalized,fnf,categorical,,0.1,extended8,50,False,model seed = shard seed; splits fixed,1,100,100,[20],0.001,0.0001,4,"[30, 30]",60,0.01,0.001,credit/seed42/equalized/fnf_extended8_gamma0.1_made50,,,,,,,,,,,,,,,,
credit,42,equalized,fnf,categorical,,0.2,extended8,100,False,model seed = shard seed; splits fixed,1,100,100,[20],0.001,0.0001,4,"[30, 30]",60,0.01,0.001,credit/seed42/equalized/fnf_extended8_gamma0.2_made100,,,,,,,,,,,,,,,,
credit,42,equalized,fnf,categorical,,0.2,extended8,50,False,model seed = shard seed; splits fixed,1,100,100,[20],0.001,0.0001,4,"[30, 30]",60,0.01,0.001,credit/seed42/equalized/fnf_extended8_gamma0.2_made50,,,,,,,,,,,,,,,,
credit,42,equalized,fnf,categorical,,0.5,extended8,100,False,model seed = shard seed; splits fixed,1,100,100,[20],0.001,0.0001,4,"[30, 30]",60,0.01,0.001,credit/seed42/equalized/fnf_extended8_gamma0.5_made100,,,,,,,,,,,,,,,,
credit,42,equalized,fnf,categorical,,0.5,extended8,50,False,model seed = shard seed; splits fixed,1,100,100,[20],0.001,0.0001,4,"[30, 30]",60,0.01,0.001,credit/seed42/equalized/fnf_extended8_gamma0.5_made50,,,,,,,,,,,,,,,,
credit,42,equalized,fnf,categorical,,0.9,extended8,100,False,model seed = shard seed; splits fixed,1,100,100,[20],0.001,0.0001,4,"[30, 30]",60,0.01,0.001,credit/seed42/equalized/fnf_extended8_gamma0.9_made100,,,,,,,,,,,,,,,,
credit,42,equalized,fnf,categorical,,0.9,extended8,50,False,model seed = shard seed; splits fixed,1,100,100,[20],0.001,0.0001,4,"[30, 30]",60,0.01,0.001,credit/seed42/equalized/fnf_extended8_gamma0.9_made50,,,,,,,,,,,,,,,,
credit,42,equalized,fnf,categorical,,0.0,extended8,100,False,model seed = shard seed; splits fixed,1,100,100,[20],0.001,0.0001,4,"[30, 30]",60,0.01,0.001,credit/seed42/equalized/fnf_extended8_gamma0_made100,,,,,,,,,,,,,,,,
credit,42,equalized,fnf,categorical,,0.0,extended8,50,False,model seed = shard seed; splits fixed,1,100,100,[20],0.001,0.0001,4,"[30, 30]",60,0.01,0.001,credit/seed42/equalized/fnf_extended8_gamma0_made50,,,,,,,,,,,,,,,,
credit,42,equalized,fnf,categorical,,1.0,extended8,100,False,model seed = shard seed; splits fixed,1,100,100,[20],0.001,0.0001,4,"[30, 30]",60,0.01,0.001,credit/seed42/equalized/fnf_extended8_gamma1_made100,,,,,,,,,,,,,,,,
credit,42,equalized,fnf,categorical,,1.0,extended8,50,False,model seed = shard seed; splits fixed,1,100,100,[20],0.001,0.0001,4,"[30, 30]",60,0.01,0.001,credit/seed42/equalized/fnf_extended8_gamma1_made50,,,,,,,,,,,,,,,,
credit,42,natural,fnf,categorical_conditional,y,0.5,core5,50,False,model seed = shard seed; splits fixed,,100,100,[20],0.001,0.0001,4,"[30, 30]",60,0.01,0.001,credit/seed42/natural/cfnf_core5_cond-y_gamma0.5_made50,,,,,,,,,,,,,,,,
credit,42,natural,fnf,categorical_conditional,y,1.0,core5,50,False,model seed = shard seed; splits fixed,,100,100,[20],0.001,0.0001,4,"[30, 30]",60,0.01,0.001,credit/seed42/natural/cfnf_core5_cond-y_gamma1_made50,,,,,,,,,,,,,,,,
credit,42,natural,fnf,categorical_conditional,yhat,0.5,core5,50,False,model seed = shard seed; splits fixed,,100,100,[20],0.001,0.0001,4,"[30, 30]",60,0.01,0.001,credit/seed42/natural/cfnf_core5_cond-yhat_gamma0.5_made50,,,,,,,,,,,,,,,,
credit,42,natural,fnf,categorical_conditional,yhat,1.0,core5,50,False,model seed = shard seed; splits fixed,,100,100,[20],0.001,0.0001,4,"[30, 30]",60,0.01,0.001,credit/seed42/natural/cfnf_core5_cond-yhat_gamma1_made50,,,,,,,,,,,,,,,,
credit,42,natural,erm,,,,core5,,False,model seed = shard seed; splits fixed,,100,100,[20],0.001,0.0001,4,"[30, 30]",60,0.01,0.001,credit/seed42/natural/erm_core5,,,,,,,,,,,,,,,,
credit,42,natural,erm,,,,extended8,,False,model seed = shard seed; splits fixed,,100,100,[20],0.001,0.0001,4,"[30, 30]",60,0.01,0.001,credit/seed42/natural/erm_extended8,,,,,,,,,,,,,,,,
credit,42,natural,fnf,categorical,,0.02,core5,100,False,model seed = shard seed; splits fixed,1,100,100,[20],0.001,0.0001,4,"[30, 30]",60,0.01,0.001,credit/seed42/natural/fnf_core5_gamma0.02_made100,,,,,,,,,,,,,,,,
credit,42,natural,fnf,categorical,,0.02,core5,50,False,model seed = shard seed; splits fixed,1,100,100,[20],0.001,0.0001,4,"[30, 30]",60,0.01,0.001,credit/seed42/natural/fnf_core5_gamma0.02_made50,,,,,,,,,,,,,,,,
credit,42,natural,fnf,categorical,,0.1,core5,100,False,model seed = shard seed; splits fixed,1,100,100,[20],0.001,0.0001,4,"[30, 30]",60,0.01,0.001,credit/seed42/natural/fnf_core5_gamma0.1_made100,,,,,,,,,,,,,,,,
credit,42,natural,fnf,categorical,,0.1,core5,50,False,model seed = shard seed; splits fixed,1,100,100,[20],0.001,0.0001,4,"[30, 30]",60,0.01,0.001,credit/seed42/natural/fnf_core5_gamma0.1_made50,,,,,,,,,,,,,,,,
credit,42,natural,fnf,categorical,,0.2,core5,100,False,model seed = shard seed; splits fixed,1,100,100,[20],0.001,0.0001,4,"[30, 30]",60,0.01,0.001,credit/seed42/natural/fnf_core5_gamma0.2_made100,,,,,,,,,,,,,,,,
credit,42,natural,fnf,categorical,,0.2,core5,50,False,model seed = shard seed; splits fixed,1,100,100,[20],0.001,0.0001,4,"[30, 30]",60,0.01,0.001,credit/seed42/natural/fnf_core5_gamma0.2_made50,,,,,,,,,,,,,,,,
credit,42,natural,fnf,categorical,,0.5,core5,100,False,model seed = shard seed; splits fixed,1,100,100,[20],0.001,0.0001,4,"[30, 30]",60,0.01,0.001,credit/seed42/natural/fnf_core5_gamma0.5_made100,,,,,,,,,,,,,,,,
credit,42,natural,fnf,categorical,,0.5,core5,50,False,model seed = shard seed; splits fixed,1,100,100,[20],0.001,0.0001,4,"[30, 30]",60,0.01,0.001,credit/seed42/natural/fnf_core5_gamma0.5_made50,,,,,,,,,,,,,,,,
credit,42,natural,fnf,categorical,,0.9,core5,100,False,model seed = shard seed; splits fixed,1,100,100,[20],0.001,0.0001,4,"[30, 30]",60,0.01,0.001,credit/seed42/natural/fnf_core5_gamma0.9_made100,,,,,,,,,,,,,,,,
credit,42,natural,fnf,categorical,,0.9,core5,50,False,model seed = shard seed; splits fixed,1,100,100,[20],0.001,0.0001,4,"[30, 30]",60,0.01,0.001,credit/seed42/natural/fnf_core5_gamma0.9_made50,,,,,,,,,,,,,,,,
credit,42,natural,fnf,categorical,,0.0,core5,100,False,model seed = shard seed; splits fixed,1,100,100,[20],0.001,0.0001,4,"[30, 30]",60,0.01,0.001,credit/seed42/natural/fnf_core5_gamma0_made100,,,,,,,,,,,,,,,,
credit,42,natural,fnf,categorical,,0.0,core5,50,False,model seed = shard seed; splits fixed,1,100,100,[20],0.001,0.0001,4,"[30, 30]",60,0.01,0.001,credit/seed42/natural/fnf_core5_gamma0_made50,,,,,,,,,,,,,,,,
credit,42,natural,fnf,categorical,,1.0,core5,100,False,model seed = shard seed; splits fixed,1,100,100,[20],0.001,0.0001,4,"[30, 30]",60,0.01,0.001,credit/seed42/natural/fnf_core5_gamma1_made100,,,,,,,,,,,,,,,,
credit,42,natural,fnf,categorical,,1.0,core5,50,False,model seed = shard seed; splits fixed,1,100,100,[20],0.001,0.0001,4,"[30, 30]",60,0.01,0.001,credit/seed42/natural/fnf_core5_gamma1_made50,,,,,,,,,,,,,,,,
credit,42,natural,fnf,categorical,,0.02,extended8,100,False,model seed = shard seed; splits fixed,1,100,100,[20],0.001,0.0001,4,"[30, 30]",60,0.01,0.001,credit/seed42/natural/fnf_extended8_gamma0.02_made100,,,,,,,,,,,,,,,,
credit,42,natural,fnf,categorical,,0.02,extended8,50,False,model seed = shard seed; splits fixed,1,100,100,[20],0.001,0.0001,4,"[30, 30]",60,0.01,0.001,credit/seed42/natural/fnf_extended8_gamma0.02_made50,,,,,,,,,,,,,,,,
credit,42,natural,fnf,categorical,,0.1,extended8,100,False,model seed = shard seed; splits fixed,1,100,100,[20],0.001,0.0001,4,"[30, 30]",60,0.01,0.001,credit/seed42/natural/fnf_extended8_gamma0.1_made100,,,,,,,,,,,,,,,,
credit,42,natural,fnf,categorical,,0.1,extended8,50,False,model seed = shard seed; splits fixed,1,100,100,[20],0.001,0.0001,4,"[30, 30]",60,0.01,0.001,credit/seed42/natural/fnf_extended8_gamma0.1_made50,,,,,,,,,,,,,,,,
credit,42,natural,fnf,categorical,,0.2,extended8,100,False,model seed = shard seed; splits fixed,1,100,100,[20],0.001,0.0001,4,"[30, 30]",60,0.01,0.001,credit/seed42/natural/fnf_extended8_gamma0.2_made100,,,,,,,,,,,,,,,,
credit,42,natural,fnf,categorical,,0.2,extended8,50,False,model seed = shard seed; splits fixed,1,100,100,[20],0.001,0.0001,4,"[30, 30]",60,0.01,0.001,credit/seed42/natural/fnf_extended8_gamma0.2_made50,,,,,,,,,,,,,,,,
credit,42,natural,fnf,categorical,,0.5,extended8,100,False,model seed = shard seed; splits fixed,1,100,100,[20],0.001,0.0001,4,"[30, 30]",60,0.01,0.001,credit/seed42/natural/fnf_extended8_gamma0.5_made100,,,,,,,,,,,,,,,,
credit,42,natural,fnf,categorical,,0.5,extended8,50,False,model seed = shard seed; splits fixed,1,100,100,[20],0.001,0.0001,4,"[30, 30]",60,0.01,0.001,credit/seed42/natural/fnf_extended8_gamma0.5_made50,,,,,,,,,,,,,,,,
credit,42,natural,fnf,categorical,,0.9,extended8,100,False,model seed = shard seed; splits fixed,1,100,100,[20],0.001,0.0001,4,"[30, 30]",60,0.01,0.001,credit/seed42/natural/fnf_extended8_gamma0.9_made100,,,,,,,,,,,,,,,,
credit,42,natural,fnf,categorical,,0.9,extended8,50,False,model seed = shard seed; splits fixed,1,100,100,[20],0.001,0.0001,4,"[30, 30]",60,0.01,0.001,credit/seed42/natural/fnf_extended8_gamma0.9_made50,,,,,,,,,,,,,,,,
credit,42,natural,fnf,categorical,,0.0,extended8,100,False,model seed = shard seed; splits fixed,1,100,100,[20],0.001,0.0001,4,"[30, 30]",60,0.01,0.001,credit/seed42/natural/fnf_extended8_gamma0_made100,,,,,,,,,,,,,,,,
credit,42,natural,fnf,categorical,,0.0,extended8,50,False,model seed = shard seed; splits fixed,1,100,100,[20],0.001,0.0001,4,"[30, 30]",60,0.01,0.001,credit/seed42/natural/fnf_extended8_gamma0_made50,,,,,,,,,,,,,,,,
credit,42,natural,fnf,categorical,,1.0,extended8,100,False,model seed = shard seed; splits fixed,1,100,100,[20],0.001,0.0001,4,"[30, 30]",60,0.01,0.001,credit/seed42/natural/fnf_extended8_gamma1_made100,,,,,,,,,,,,,,,,
credit,42,natural,fnf,categorical,,1.0,extended8,50,False,model seed = shard seed; splits fixed,1,100,100,[20],0.001,0.0001,4,"[30, 30]",60,0.01,0.001,credit/seed42/natural/fnf_extended8_gamma1_made50,,,,,,,,,,,,,,,,
credit,42,shift50,fnf,categorical_conditional,y,0.5,core5,50,False,model seed = shard seed; splits fixed,,100,100,[20],0.001,0.0001,4,"[30, 30]",60,0.01,0.001,credit/seed42/shift50/cfnf_core5_cond-y_gamma0.5_made50,,,,,,,,,,,,,,,,
credit,42,shift50,fnf,categorical_conditional,y,1.0,core5,50,False,model seed = shard seed; splits fixed,,100,100,[20],0.001,0.0001,4,"[30, 30]",60,0.01,0.001,credit/seed42/shift50/cfnf_core5_cond-y_gamma1_made50,,,,,,,,,,,,,,,,
credit,42,shift50,fnf,categorical_conditional,yhat,0.5,core5,50,False,model seed = shard seed; splits fixed,,100,100,[20],0.001,0.0001,4,"[30, 30]",60,0.01,0.001,credit/seed42/shift50/cfnf_core5_cond-yhat_gamma0.5_made50,,,,,,,,,,,,,,,,
credit,42,shift50,fnf,categorical_conditional,yhat,1.0,core5,50,False,model seed = shard seed; splits fixed,,100,100,[20],0.001,0.0001,4,"[30, 30]",60,0.01,0.001,credit/seed42/shift50/cfnf_core5_cond-yhat_gamma1_made50,,,,,,,,,,,,,,,,
credit,42,shift50,erm,,,,core5,,False,model seed = shard seed; splits fixed,,100,100,[20],0.001,0.0001,4,"[30, 30]",60,0.01,0.001,credit/seed42/shift50/erm_core5,,,,,,,,,,,,,,,,
credit,42,shift50,erm,,,,extended8,,False,model seed = shard seed; splits fixed,,100,100,[20],0.001,0.0001,4,"[30, 30]",60,0.01,0.001,credit/seed42/shift50/erm_extended8,,,,,,,,,,,,,,,,
credit,42,shift50,fnf,categorical,,0.02,core5,100,False,model seed = shard seed; splits fixed,1,100,100,[20],0.001,0.0001,4,"[30, 30]",60,0.01,0.001,credit/seed42/shift50/fnf_core5_gamma0.02_made100,,,,,,,,,,,,,,,,
credit,42,shift50,fnf,categorical,,0.02,core5,50,False,model seed = shard seed; splits fixed,1,100,100,[20],0.001,0.0001,4,"[30, 30]",60,0.01,0.001,credit/seed42/shift50/fnf_core5_gamma0.02_made50,,,,,,,,,,,,,,,,
credit,42,shift50,fnf,categorical,,0.1,core5,100,False,model seed = shard seed; splits fixed,1,100,100,[20],0.001,0.0001,4,"[30, 30]",60,0.01,0.001,credit/seed42/shift50/fnf_core5_gamma0.1_made100,,,,,,,,,,,,,,,,
credit,42,shift50,fnf,categorical,,0.1,core5,50,False,model seed = shard seed; splits fixed,1,100,100,[20],0.001,0.0001,4,"[30, 30]",60,0.01,0.001,credit/seed42/shift50/fnf_core5_gamma0.1_made50,,,,,,,,,,,,,,,,
credit,42,shift50,fnf,categorical,,0.2,core5,100,False,model seed = shard seed; splits fixed,1,100,100,[20],0.001,0.0001,4,"[30, 30]",60,0.01,0.001,credit/seed42/shift50/fnf_core5_gamma0.2_made100,,,,,,,,,,,,,,,,
credit,42,shift50,fnf,categorical,,0.2,core5,50,False,model seed = shard seed; splits fixed,1,100,100,[20],0.001,0.0001,4,"[30, 30]",60,0.01,0.001,credit/seed42/shift50/fnf_core5_gamma0.2_made50,,,,,,,,,,,,,,,,
credit,42,shift50,fnf,categorical,,0.5,core5,100,False,model seed = shard seed; splits fixed,1,100,100,[20],0.001,0.0001,4,"[30, 30]",60,0.01,0.001,credit/seed42/shift50/fnf_core5_gamma0.5_made100,,,,,,,,,,,,,,,,
credit,42,shift50,fnf,categorical,,0.5,core5,50,False,model seed = shard seed; splits fixed,1,100,100,[20],0.001,0.0001,4,"[30, 30]",60,0.01,0.001,credit/seed42/shift50/fnf_core5_gamma0.5_made50,,,,,,,,,,,,,,,,
credit,42,shift50,fnf,categorical,,0.9,core5,100,False,model seed = shard seed; splits fixed,1,100,100,[20],0.001,0.0001,4,"[30, 30]",60,0.01,0.001,credit/seed42/shift50/fnf_core5_gamma0.9_made100,,,,,,,,,,,,,,,,
credit,42,shift50,fnf,categorical,,0.9,core5,50,False,model seed = shard seed; splits fixed,1,100,100,[20],0.001,0.0001,4,"[30, 30]",60,0.01,0.001,credit/seed42/shift50/fnf_core5_gamma0.9_made50,,,,,,,,,,,,,,,,
credit,42,shift50,fnf,categorical,,0.0,core5,100,False,model seed = shard seed; splits fixed,1,100,100,[20],0.001,0.0001,4,"[30, 30]",60,0.01,0.001,credit/seed42/shift50/fnf_core5_gamma0_made100,,,,,,,,,,,,,,,,
credit,42,shift50,fnf,categorical,,0.0,core5,50,False,model seed = shard seed; splits fixed,1,100,100,[20],0.001,0.0001,4,"[30, 30]",60,0.01,0.001,credit/seed42/shift50/fnf_core5_gamma0_made50,,,,,,,,,,,,,,,,
credit,42,shift50,fnf,categorical,,1.0,core5,100,False,model seed = shard seed; splits fixed,1,100,100,[20],0.001,0.0001,4,"[30, 30]",60,0.01,0.001,credit/seed42/shift50/fnf_core5_gamma1_made100,,,,,,,,,,,,,,,,
credit,42,shift50,fnf,categorical,,1.0,core5,50,False,model seed = shard seed; splits fixed,1,100,100,[20],0.001,0.0001,4,"[30, 30]",60,0.01,0.001,credit/seed42/shift50/fnf_core5_gamma1_made50,,,,,,,,,,,,,,,,
credit,42,shift50,fnf,categorical,,0.02,extended8,100,False,model seed = shard seed; splits fixed,1,100,100,[20],0.001,0.0001,4,"[30, 30]",60,0.01,0.001,credit/seed42/shift50/fnf_extended8_gamma0.02_made100,,,,,,,,,,,,,,,,
credit,42,shift50,fnf,categorical,,0.02,extended8,50,False,model seed = shard seed; splits fixed,1,100,100,[20],0.001,0.0001,4,"[30, 30]",60,0.01,0.001,credit/seed42/shift50/fnf_extended8_gamma0.02_made50,,,,,,,,,,,,,,,,
credit,42,shift50,fnf,categorical,,0.1,extended8,100,False,model seed = shard seed; splits fixed,1,100,100,[20],0.001,0.0001,4,"[30, 30]",60,0.01,0.001,credit/seed42/shift50/fnf_extended8_gamma0.1_made100,,,,,,,,,,,,,,,,
credit,42,shift50,fnf,categorical,,0.1,extended8,50,False,model seed = shard seed; splits fixed,1,100,100,[20],0.001,0.0001,4,"[30, 30]",60,0.01,0.001,credit/seed42/shift50/fnf_extended8_gamma0.1_made50,,,,,,,,,,,,,,,,
credit,42,shift50,fnf,categorical,,0.2,extended8,100,False,model seed = shard seed; splits fixed,1,100,100,[20],0.001,0.0001,4,"[30, 30]",60,0.01,0.001,credit/seed42/shift50/fnf_extended8_gamma0.2_made100,,,,,,,,,,,,,,,,
credit,42,shift50,fnf,categorical,,0.2,extended8,50,False,model seed = shard seed; splits fixed,1,100,100,[20],0.001,0.0001,4,"[30, 30]",60,0.01,0.001,credit/seed42/shift50/fnf_extended8_gamma0.2_made50,,,,,,,,,,,,,,,,
credit,42,shift50,fnf,categorical,,0.5,extended8,100,False,model seed = shard seed; splits fixed,1,100,100,[20],0.001,0.0001,4,"[30, 30]",60,0.01,0.001,credit/seed42/shift50/fnf_extended8_gamma0.5_made100,,,,,,,,,,,,,,,,
credit,42,shift50,fnf,categorical,,0.5,extended8,50,False,model seed = shard seed; splits fixed,1,100,100,[20],0.001,0.0001,4,"[30, 30]",60,0.01,0.001,credit/seed42/shift50/fnf_extended8_gamma0.5_made50,,,,,,,,,,,,,,,,
credit,42,shift50,fnf,categorical,,0.9,extended8,100,False,model seed = shard seed; splits fixed,1,100,100,[20],0.001,0.0001,4,"[30, 30]",60,0.01,0.001,credit/seed42/shift50/fnf_extended8_gamma0.9_made100,,,,,,,,,,,,,,,,
credit,42,shift50,fnf,categorical,,0.9,extended8,50,False,model seed = shard seed; splits fixed,1,100,100,[20],0.001,0.0001,4,"[30, 30]",60,0.01,0.001,credit/seed42/shift50/fnf_extended8_gamma0.9_made50,,,,,,,,,,,,,,,,
credit,42,shift50,fnf,categorical,,0.0,extended8,100,False,model seed = shard seed; splits fixed,1,100,100,[20],0.001,0.0001,4,"[30, 30]",60,0.01,0.001,credit/seed42/shift50/fnf_extended8_gamma0_made100,,,,,,,,,,,,,,,,
credit,42,shift50,fnf,categorical,,0.0,extended8,50,False,model seed = shard seed; splits fixed,1,100,100,[20],0.001,0.0001,4,"[30, 30]",60,0.01,0.001,credit/seed42/shift50/fnf_extended8_gamma0_made50,,,,,,,,,,,,,,,,
credit,42,shift50,fnf,categorical,,1.0,extended8,100,False,model seed = shard seed; splits fixed,1,100,100,[20],0.001,0.0001,4,"[30, 30]",60,0.01,0.001,credit/seed42/shift50/fnf_extended8_gamma1_made100,,,,,,,,,,,,,,,,
credit,42,shift50,fnf,categorical,,1.0,extended8,50,False,model seed = shard seed; splits fixed,1,100,100,[20],0.001,0.0001,4,"[30, 30]",60,0.01,0.001,credit/seed42/shift50/fnf_extended8_gamma1_made50,,,,,,,,,,,,,,,,
credit,42,shift75,fnf,categorical_conditional,y,0.5,core5,50,False,model seed = shard seed; splits fixed,,100,100,[20],0.001,0.0001,4,"[30, 30]",60,0.01,0.001,credit/seed42/shift75/cfnf_core5_cond-y_gamma0.5_made50,,,,,,,,,,,,,,,,
credit,42,shift75,fnf,categorical_conditional,y,1.0,core5,50,False,model seed = shard seed; splits fixed,,100,100,[20],0.001,0.0001,4,"[30, 30]",60,0.01,0.001,credit/seed42/shift75/cfnf_core5_cond-y_gamma1_made50,,,,,,,,,,,,,,,,
credit,42,shift75,fnf,categorical_conditional,yhat,0.5,core5,50,False,model seed = shard seed; splits fixed,,100,100,[20],0.001,0.0001,4,"[30, 30]",60,0.01,0.001,credit/seed42/shift75/cfnf_core5_cond-yhat_gamma0.5_made50,,,,,,,,,,,,,,,,
credit,42,shift75,fnf,categorical_conditional,yhat,1.0,core5,50,False,model seed = shard seed; splits fixed,,100,100,[20],0.001,0.0001,4,"[30, 30]",60,0.01,0.001,credit/seed42/shift75/cfnf_core5_cond-yhat_gamma1_made50,,,,,,,,,,,,,,,,
credit,42,shift75,erm,,,,core5,,False,model seed = shard seed; splits fixed,,100,100,[20],0.001,0.0001,4,"[30, 30]",60,0.01,0.001,credit/seed42/shift75/erm_core5,,,,,,,,,,,,,,,,
credit,42,shift75,erm,,,,extended8,,False,model seed = shard seed; splits fixed,,100,100,[20],0.001,0.0001,4,"[30, 30]",60,0.01,0.001,credit/seed42/shift75/erm_extended8,,,,,,,,,,,,,,,,
credit,42,shift75,fnf,categorical,,0.02,core5,100,False,model seed = shard seed; splits fixed,1,100,100,[20],0.001,0.0001,4,"[30, 30]",60,0.01,0.001,credit/seed42/shift75/fnf_core5_gamma0.02_made100,,,,,,,,,,,,,,,,
credit,42,shift75,fnf,categorical,,0.02,core5,50,False,model seed = shard seed; splits fixed,1,100,100,[20],0.001,0.0001,4,"[30, 30]",60,0.01,0.001,credit/seed42/shift75/fnf_core5_gamma0.02_made50,,,,,,,,,,,,,,,,
credit,42,shift75,fnf,categorical,,0.1,core5,100,False,model seed = shard seed; splits fixed,1,100,100,[20],0.001,0.0001,4,"[30, 30]",60,0.01,0.001,credit/seed42/shift75/fnf_core5_gamma0.1_made100,,,,,,,,,,,,,,,,
credit,42,shift75,fnf,categorical,,0.1,core5,50,False,model seed = shard seed; splits fixed,1,100,100,[20],0.001,0.0001,4,"[30, 30]",60,0.01,0.001,credit/seed42/shift75/fnf_core5_gamma0.1_made50,,,,,,,,,,,,,,,,
credit,42,shift75,fnf,categorical,,0.2,core5,100,False,model seed = shard seed; splits fixed,1,100,100,[20],0.001,0.0001,4,"[30, 30]",60,0.01,0.001,credit/seed42/shift75/fnf_core5_gamma0.2_made100,,,,,,,,,,,,,,,,
credit,42,shift75,fnf,categorical,,0.2,core5,50,False,model seed = shard seed; splits fixed,1,100,100,[20],0.001,0.0001,4,"[30, 30]",60,0.01,0.001,credit/seed42/shift75/fnf_core5_gamma0.2_made50,,,,,,,,,,,,,,,,
credit,42,shift75,fnf,categorical,,0.5,core5,100,False,model seed = shard seed; splits fixed,1,100,100,[20],0.001,0.0001,4,"[30, 30]",60,0.01,0.001,credit/seed42/shift75/fnf_core5_gamma0.5_made100,,,,,,,,,,,,,,,,
credit,42,shift75,fnf,categorical,,0.5,core5,50,False,model seed = shard seed; splits fixed,1,100,100,[20],0.001,0.0001,4,"[30, 30]",60,0.01,0.001,credit/seed42/shift75/fnf_core5_gamma0.5_made50,,,,,,,,,,,,,,,,
credit,42,shift75,fnf,categorical,,0.9,core5,100,False,model seed = shard seed; splits fixed,1,100,100,[20],0.001,0.0001,4,"[30, 30]",60,0.01,0.001,credit/seed42/shift75/fnf_core5_gamma0.9_made100,,,,,,,,,,,,,,,,
credit,42,shift75,fnf,categorical,,0.9,core5,50,False,model seed = shard seed; splits fixed,1,100,100,[20],0.001,0.0001,4,"[30, 30]",60,0.01,0.001,credit/seed42/shift75/fnf_core5_gamma0.9_made50,,,,,,,,,,,,,,,,
credit,42,shift75,fnf,categorical,,0.0,core5,100,False,model seed = shard seed; splits fixed,1,100,100,[20],0.001,0.0001,4,"[30, 30]",60,0.01,0.001,credit/seed42/shift75/fnf_core5_gamma0_made100,,,,,,,,,,,,,,,,
credit,42,shift75,fnf,categorical,,0.0,core5,50,False,model seed = shard seed; splits fixed,1,100,100,[20],0.001,0.0001,4,"[30, 30]",60,0.01,0.001,credit/seed42/shift75/fnf_core5_gamma0_made50,,,,,,,,,,,,,,,,
credit,42,shift75,fnf,categorical,,1.0,core5,100,False,model seed = shard seed; splits fixed,1,100,100,[20],0.001,0.0001,4,"[30, 30]",60,0.01,0.001,credit/seed42/shift75/fnf_core5_gamma1_made100,,,,,,,,,,,,,,,,
credit,42,shift75,fnf,categorical,,1.0,core5,50,False,model seed = shard seed; splits fixed,1,100,100,[20],0.001,0.0001,4,"[30, 30]",60,0.01,0.001,credit/seed42/shift75/fnf_core5_gamma1_made50,,,,,,,,,,,,,,,,
credit,42,shift75,fnf,categorical,,0.02,extended8,100,False,model seed = shard seed; splits fixed,1,100,100,[20],0.001,0.0001,4,"[30, 30]",60,0.01,0.001,credit/seed42/shift75/fnf_extended8_gamma0.02_made100,,,,,,,,,,,,,,,,
credit,42,shift75,fnf,categorical,,0.02,extended8,50,False,model seed = shard seed; splits fixed,1,100,100,[20],0.001,0.0001,4,"[30, 30]",60,0.01,0.001,credit/seed42/shift75/fnf_extended8_gamma0.02_made50,,,,,,,,,,,,,,,,
credit,42,shift75,fnf,categorical,,0.1,extended8,100,False,model seed = shard seed; splits fixed,1,100,100,[20],0.001,0.0001,4,"[30, 30]",60,0.01,0.001,credit/seed42/shift75/fnf_extended8_gamma0.1_made100,,,,,,,,,,,,,,,,
credit,42,shift75,fnf,categorical,,0.1,extended8,50,False,model seed = shard seed; splits fixed,1,100,100,[20],0.001,0.0001,4,"[30, 30]",60,0.01,0.001,credit/seed42/shift75/fnf_extended8_gamma0.1_made50,,,,,,,,,,,,,,,,
credit,42,shift75,fnf,categorical,,0.2,extended8,100,False,model seed = shard seed; splits fixed,1,100,100,[20],0.001,0.0001,4,"[30, 30]",60,0.01,0.001,credit/seed42/shift75/fnf_extended8_gamma0.2_made100,,,,,,,,,,,,,,,,
credit,42,shift75,fnf,categorical,,0.2,extended8,50,False,model seed = shard seed; splits fixed,1,100,100,[20],0.001,0.0001,4,"[30, 30]",60,0.01,0.001,credit/seed42/shift75/fnf_extended8_gamma0.2_made50,,,,,,,,,,,,,,,,
credit,42,shift75,fnf,categorical,,0.5,extended8,100,False,model seed = shard seed; splits fixed,1,100,100,[20],0.001,0.0001,4,"[30, 30]",60,0.01,0.001,credit/seed42/shift75/fnf_extended8_gamma0.5_made100,,,,,,,,,,,,,,,,
credit,42,shift75,fnf,categorical,,0.5,extended8,50,False,model seed = shard seed; splits fixed,1,100,100,[20],0.001,0.0001,4,"[30, 30]",60,0.01,0.001,credit/seed42/shift75/fnf_extended8_gamma0.5_made50,,,,,,,,,,,,,,,,
credit,42,shift75,fnf,categorical,,0.9,extended8,100,False,model seed = shard seed; splits fixed,1,100,100,[20],0.001,0.0001,4,"[30, 30]",60,0.01,0.001,credit/seed42/shift75/fnf_extended8_gamma0.9_made100,,,,,,,,,,,,,,,,
credit,42,shift75,fnf,categorical,,0.9,extended8,50,False,model seed = shard seed; splits fixed,1,100,100,[20],0.001,0.0001,4,"[30, 30]",60,0.01,0.001,credit/seed42/shift75/fnf_extended8_gamma0.9_made50,,,,,,,,,,,,,,,,
credit,42,shift75,fnf,categorical,,0.0,extended8,100,False,model seed = shard seed; splits fixed,1,100,100,[20],0.001,0.0001,4,"[30, 30]",60,0.01,0.001,credit/seed42/shift75/fnf_extended8_gamma0_made100,,,,,,,,,,,,,,,,
credit,42,shift75,fnf,categorical,,0.0,extended8,50,False,model seed = shard seed; splits fixed,1,100,100,[20],0.001,0.0001,4,"[30, 30]",60,0.01,0.001,credit/seed42/shift75/fnf_extended8_gamma0_made50,,,,,,,,,,,,,,,,
credit,42,shift75,fnf,categorical,,1.0,extended8,100,False,model seed = shard seed; splits fixed,1,100,100,[20],0.001,0.0001,4,"[30, 30]",60,0.01,0.001,credit/seed42/shift75/fnf_extended8_gamma1_made100,,,,,,,,,,,,,,,,
credit,42,shift75,fnf,categorical,,1.0,extended8,50,False,model seed = shard seed; splits fixed,1,100,100,[20],0.001,0.0001,4,"[30, 30]",60,0.01,0.001,credit/seed42/shift75/fnf_extended8_gamma1_made50,,,,,,,,,,,,,,,,
credit,456,equalized,fnf,categorical_conditional,y,0.5,core5,50,False,model seed = shard seed; splits fixed,,100,100,[20],0.001,0.0001,4,"[30, 30]",60,0.01,0.001,credit/seed456/equalized/cfnf_core5_cond-y_gamma0.5_made50,,,,,,,,,,,,,,,,
credit,456,equalized,fnf,categorical_conditional,y,1.0,core5,50,False,model seed = shard seed; splits fixed,,100,100,[20],0.001,0.0001,4,"[30, 30]",60,0.01,0.001,credit/seed456/equalized/cfnf_core5_cond-y_gamma1_made50,,,,,,,,,,,,,,,,
credit,456,equalized,fnf,categorical_conditional,yhat,0.5,core5,50,False,model seed = shard seed; splits fixed,,100,100,[20],0.001,0.0001,4,"[30, 30]",60,0.01,0.001,credit/seed456/equalized/cfnf_core5_cond-yhat_gamma0.5_made50,,,,,,,,,,,,,,,,
credit,456,equalized,fnf,categorical_conditional,yhat,1.0,core5,50,False,model seed = shard seed; splits fixed,,100,100,[20],0.001,0.0001,4,"[30, 30]",60,0.01,0.001,credit/seed456/equalized/cfnf_core5_cond-yhat_gamma1_made50,,,,,,,,,,,,,,,,
credit,456,equalized,erm,,,,core5,,False,model seed = shard seed; splits fixed,,100,100,[20],0.001,0.0001,4,"[30, 30]",60,0.01,0.001,credit/seed456/equalized/erm_core5,,,,,,,,,,,,,,,,
credit,456,equalized,erm,,,,extended8,,False,model seed = shard seed; splits fixed,,100,100,[20],0.001,0.0001,4,"[30, 30]",60,0.01,0.001,credit/seed456/equalized/erm_extended8,,,,,,,,,,,,,,,,
credit,456,equalized,fnf,categorical,,0.02,core5,100,False,model seed = shard seed; splits fixed,1,100,100,[20],0.001,0.0001,4,"[30, 30]",60,0.01,0.001,credit/seed456/equalized/fnf_core5_gamma0.02_made100,,,,,,,,,,,,,,,,
credit,456,equalized,fnf,categorical,,0.02,core5,50,False,model seed = shard seed; splits fixed,1,100,100,[20],0.001,0.0001,4,"[30, 30]",60,0.01,0.001,credit/seed456/equalized/fnf_core5_gamma0.02_made50,,,,,,,,,,,,,,,,
credit,456,equalized,fnf,categorical,,0.1,core5,100,False,model seed = shard seed; splits fixed,1,100,100,[20],0.001,0.0001,4,"[30, 30]",60,0.01,0.001,credit/seed456/equalized/fnf_core5_gamma0.1_made100,,,,,,,,,,,,,,,,
credit,456,equalized,fnf,categorical,,0.1,core5,50,False,model seed = shard seed; splits fixed,1,100,100,[20],0.001,0.0001,4,"[30, 30]",60,0.01,0.001,credit/seed456/equalized/fnf_core5_gamma0.1_made50,,,,,,,,,,,,,,,,
credit,456,equalized,fnf,categorical,,0.2,core5,100,False,model seed = shard seed; splits fixed,1,100,100,[20],0.001,0.0001,4,"[30, 30]",60,0.01,0.001,credit/seed456/equalized/fnf_core5_gamma0.2_made100,,,,,,,,,,,,,,,,
credit,456,equalized,fnf,categorical,,0.2,core5,50,False,model seed = shard seed; splits fixed,1,100,100,[20],0.001,0.0001,4,"[30, 30]",60,0.01,0.001,credit/seed456/equalized/fnf_core5_gamma0.2_made50,,,,,,,,,,,,,,,,
credit,456,equalized,fnf,categorical,,0.5,core5,100,False,model seed = shard seed; splits fixed,1,100,100,[20],0.001,0.0001,4,"[30, 30]",60,0.01,0.001,credit/seed456/equalized/fnf_core5_gamma0.5_made100,,,,,,,,,,,,,,,,
credit,456,equalized,fnf,categorical,,0.5,core5,50,False,model seed = shard seed; splits fixed,1,100,100,[20],0.001,0.0001,4,"[30, 30]",60,0.01,0.001,credit/seed456/equalized/fnf_core5_gamma0.5_made50,,,,,,,,,,,,,,,,
credit,456,equalized,fnf,categorical,,0.9,core5,100,False,model seed = shard seed; splits fixed,1,100,100,[20],0.001,0.0001,4,"[30, 30]",60,0.01,0.001,credit/seed456/equalized/fnf_core5_gamma0.9_made100,,,,,,,,,,,,,,,,
credit,456,equalized,fnf,categorical,,0.9,core5,50,False,model seed = shard seed; splits fixed,1,100,100,[20],0.001,0.0001,4,"[30, 30]",60,0.01,0.001,credit/seed456/equalized/fnf_core5_gamma0.9_made50,,,,,,,,,,,,,,,,
credit,456,equalized,fnf,categorical,,0.0,core5,100,False,model seed = shard seed; splits fixed,1,100,100,[20],0.001,0.0001,4,"[30, 30]",60,0.01,0.001,credit/seed456/equalized/fnf_core5_gamma0_made100,,,,,,,,,,,,,,,,
credit,456,equalized,fnf,categorical,,0.0,core5,50,False,model seed = shard seed; splits fixed,1,100,100,[20],0.001,0.0001,4,"[30, 30]",60,0.01,0.001,credit/seed456/equalized/fnf_core5_gamma0_made50,,,,,,,,,,,,,,,,
credit,456,equalized,fnf,categorical,,1.0,core5,100,False,model seed = shard seed; splits fixed,1,100,100,[20],0.001,0.0001,4,"[30, 30]",60,0.01,0.001,credit/seed456/equalized/fnf_core5_gamma1_made100,,,,,,,,,,,,,,,,
credit,456,equalized,fnf,categorical,,1.0,core5,50,False,model seed = shard seed; splits fixed,1,100,100,[20],0.001,0.0001,4,"[30, 30]",60,0.01,0.001,credit/seed456/equalized/fnf_core5_gamma1_made50,,,,,,,,,,,,,,,,
credit,456,equalized,fnf,categorical,,0.02,extended8,100,False,model seed = shard seed; splits fixed,1,100,100,[20],0.001,0.0001,4,"[30, 30]",60,0.01,0.001,credit/seed456/equalized/fnf_extended8_gamma0.02_made100,,,,,,,,,,,,,,,,
credit,456,equalized,fnf,categorical,,0.02,extended8,50,False,model seed = shard seed; splits fixed,1,100,100,[20],0.001,0.0001,4,"[30, 30]",60,0.01,0.001,credit/seed456/equalized/fnf_extended8_gamma0.02_made50,,,,,,,,,,,,,,,,
credit,456,equalized,fnf,categorical,,0.1,extended8,100,False,model seed = shard seed; splits fixed,1,100,100,[20],0.001,0.0001,4,"[30, 30]",60,0.01,0.001,credit/seed456/equalized/fnf_extended8_gamma0.1_made100,,,,,,,,,,,,,,,,
credit,456,equalized,fnf,categorical,,0.1,extended8,50,False,model seed = shard seed; splits fixed,1,100,100,[20],0.001,0.0001,4,"[30, 30]",60,0.01,0.001,credit/seed456/equalized/fnf_extended8_gamma0.1_made50,,,,,,,,,,,,,,,,
credit,456,equalized,fnf,categorical,,0.2,extended8,100,False,model seed = shard seed; splits fixed,1,100,100,[20],0.001,0.0001,4,"[30, 30]",60,0.01,0.001,credit/seed456/equalized/fnf_extended8_gamma0.2_made100,,,,,,,,,,,,,,,,
credit,456,equalized,fnf,categorical,,0.2,extended8,50,False,model seed = shard seed; splits fixed,1,100,100,[20],0.001,0.0001,4,"[30, 30]",60,0.01,0.001,credit/seed456/equalized/fnf_extended8_gamma0.2_made50,,,,,,,,,,,,,,,,
credit,456,equalized,fnf,categorical,,0.5,extended8,100,False,model seed = shard seed; splits fixed,1,100,100,[20],0.001,0.0001,4,"[30, 30]",60,0.01,0.001,credit/seed456/equalized/fnf_extended8_gamma0.5_made100,,,,,,,,,,,,,,,,
credit,456,equalized,fnf,categorical,,0.5,extended8,50,False,model seed = shard seed; splits fixed,1,100,100,[20],0.001,0.0001,4,"[30, 30]",60,0.01,0.001,credit/seed456/equalized/fnf_extended8_gamma0.5_made50,,,,,,,,,,,,,,,,
credit,456,equalized,fnf,categorical,,0.9,extended8,100,False,model seed = shard seed; splits fixed,1,100,100,[20],0.001,0.0001,4,"[30, 30]",60,0.01,0.001,credit/seed456/equalized/fnf_extended8_gamma0.9_made100,,,,,,,,,,,,,,,,
credit,456,equalized,fnf,categorical,,0.9,extended8,50,False,model seed = shard seed; splits fixed,1,100,100,[20],0.001,0.0001,4,"[30, 30]",60,0.01,0.001,credit/seed456/equalized/fnf_extended8_gamma0.9_made50,,,,,,,,,,,,,,,,
credit,456,equalized,fnf,categorical,,0.0,extended8,100,False,model seed = shard seed; splits fixed,1,100,100,[20],0.001,0.0001,4,"[30, 30]",60,0.01,0.001,credit/seed456/equalized/fnf_extended8_gamma0_made100,,,,,,,,,,,,,,,,
credit,456,equalized,fnf,categorical,,0.0,extended8,50,False,model seed = shard seed; splits fixed,1,100,100,[20],0.001,0.0001,4,"[30, 30]",60,0.01,0.001,credit/seed456/equalized/fnf_extended8_gamma0_made50,,,,,,,,,,,,,,,,
credit,456,equalized,fnf,categorical,,1.0,extended8,100,False,model seed = shard seed; splits fixed,1,100,100,[20],0.001,0.0001,4,"[30, 30]",60,0.01,0.001,credit/seed456/equalized/fnf_extended8_gamma1_made100,,,,,,,,,,,,,,,,
credit,456,equalized,fnf,categorical,,1.0,extended8,50,False,model seed = shard seed; splits fixed,1,100,100,[20],0.001,0.0001,4,"[30, 30]",60,0.01,0.001,credit/seed456/equalized/fnf_extended8_gamma1_made50,,,,,,,,,,,,,,,,
credit,456,natural,fnf,categorical_conditional,y,0.5,core5,50,False,model seed = shard seed; splits fixed,,100,100,[20],0.001,0.0001,4,"[30, 30]",60,0.01,0.001,credit/seed456/natural/cfnf_core5_cond-y_gamma0.5_made50,,,,,,,,,,,,,,,,
credit,456,natural,fnf,categorical_conditional,y,1.0,core5,50,False,model seed = shard seed; splits fixed,,100,100,[20],0.001,0.0001,4,"[30, 30]",60,0.01,0.001,credit/seed456/natural/cfnf_core5_cond-y_gamma1_made50,,,,,,,,,,,,,,,,
credit,456,natural,fnf,categorical_conditional,yhat,0.5,core5,50,False,model seed = shard seed; splits fixed,,100,100,[20],0.001,0.0001,4,"[30, 30]",60,0.01,0.001,credit/seed456/natural/cfnf_core5_cond-yhat_gamma0.5_made50,,,,,,,,,,,,,,,,
credit,456,natural,fnf,categorical_conditional,yhat,1.0,core5,50,False,model seed = shard seed; splits fixed,,100,100,[20],0.001,0.0001,4,"[30, 30]",60,0.01,0.001,credit/seed456/natural/cfnf_core5_cond-yhat_gamma1_made50,,,,,,,,,,,,,,,,
credit,456,natural,erm,,,,core5,,False,model seed = shard seed; splits fixed,,100,100,[20],0.001,0.0001,4,"[30, 30]",60,0.01,0.001,credit/seed456/natural/erm_core5,,,,,,,,,,,,,,,,
credit,456,natural,erm,,,,extended8,,False,model seed = shard seed; splits fixed,,100,100,[20],0.001,0.0001,4,"[30, 30]",60,0.01,0.001,credit/seed456/natural/erm_extended8,,,,,,,,,,,,,,,,
credit,456,natural,fnf,categorical,,0.02,core5,100,False,model seed = shard seed; splits fixed,1,100,100,[20],0.001,0.0001,4,"[30, 30]",60,0.01,0.001,credit/seed456/natural/fnf_core5_gamma0.02_made100,,,,,,,,,,,,,,,,
credit,456,natural,fnf,categorical,,0.02,core5,50,False,model seed = shard seed; splits fixed,1,100,100,[20],0.001,0.0001,4,"[30, 30]",60,0.01,0.001,credit/seed456/natural/fnf_core5_gamma0.02_made50,,,,,,,,,,,,,,,,
credit,456,natural,fnf,categorical,,0.1,core5,100,False,model seed = shard seed; splits fixed,1,100,100,[20],0.001,0.0001,4,"[30, 30]",60,0.01,0.001,credit/seed456/natural/fnf_core5_gamma0.1_made100,,,,,,,,,,,,,,,,
credit,456,natural,fnf,categorical,,0.1,core5,50,False,model seed = shard seed; splits fixed,1,100,100,[20],0.001,0.0001,4,"[30, 30]",60,0.01,0.001,credit/seed456/natural/fnf_core5_gamma0.1_made50,,,,,,,,,,,,,,,,
credit,456,natural,fnf,categorical,,0.2,core5,100,False,model seed = shard seed; splits fixed,1,100,100,[20],0.001,0.0001,4,"[30, 30]",60,0.01,0.001,credit/seed456/natural/fnf_core5_gamma0.2_made100,,,,,,,,,,,,,,,,
credit,456,natural,fnf,categorical,,0.2,core5,50,False,model seed = shard seed; splits fixed,1,100,100,[20],0.001,0.0001,4,"[30, 30]",60,0.01,0.001,credit/seed456/natural/fnf_core5_gamma0.2_made50,,,,,,,,,,,,,,,,
credit,456,natural,fnf,categorical,,0.5,core5,100,False,model seed = shard seed; splits fixed,1,100,100,[20],0.001,0.0001,4,"[30, 30]",60,0.01,0.001,credit/seed456/natural/fnf_core5_gamma0.5_made100,,,,,,,,,,,,,,,,
credit,456,natural,fnf,categorical,,0.5,core5,50,False,model seed = shard seed; splits fixed,1,100,100,[20],0.001,0.0001,4,"[30, 30]",60,0.01,0.001,credit/seed456/natural/fnf_core5_gamma0.5_made50,,,,,,,,,,,,,,,,
credit,456,natural,fnf,categorical,,0.9,core5,100,False,model seed = shard seed; splits fixed,1,100,100,[20],0.001,0.0001,4,"[30, 30]",60,0.01,0.001,credit/seed456/natural/fnf_core5_gamma0.9_made100,,,,,,,,,,,,,,,,
credit,456,natural,fnf,categorical,,0.9,core5,50,False,model seed = shard seed; splits fixed,1,100,100,[20],0.001,0.0001,4,"[30, 30]",60,0.01,0.001,credit/seed456/natural/fnf_core5_gamma0.9_made50,,,,,,,,,,,,,,,,
credit,456,natural,fnf,categorical,,0.0,core5,100,False,model seed = shard seed; splits fixed,1,100,100,[20],0.001,0.0001,4,"[30, 30]",60,0.01,0.001,credit/seed456/natural/fnf_core5_gamma0_made100,,,,,,,,,,,,,,,,
credit,456,natural,fnf,categorical,,0.0,core5,50,False,model seed = shard seed; splits fixed,1,100,100,[20],0.001,0.0001,4,"[30, 30]",60,0.01,0.001,credit/seed456/natural/fnf_core5_gamma0_made50,,,,,,,,,,,,,,,,
credit,456,natural,fnf,categorical,,1.0,core5,100,False,model seed = shard seed; splits fixed,1,100,100,[20],0.001,0.0001,4,"[30, 30]",60,0.01,0.001,credit/seed456/natural/fnf_core5_gamma1_made100,,,,,,,,,,,,,,,,
credit,456,natural,fnf,categorical,,1.0,core5,50,False,model seed = shard seed; splits fixed,1,100,100,[20],0.001,0.0001,4,"[30, 30]",60,0.01,0.001,credit/seed456/natural/fnf_core5_gamma1_made50,,,,,,,,,,,,,,,,
credit,456,natural,fnf,categorical,,0.02,extended8,100,False,model seed = shard seed; splits fixed,1,100,100,[20],0.001,0.0001,4,"[30, 30]",60,0.01,0.001,credit/seed456/natural/fnf_extended8_gamma0.02_made100,,,,,,,,,,,,,,,,
credit,456,natural,fnf,categorical,,0.02,extended8,50,False,model seed = shard seed; splits fixed,1,100,100,[20],0.001,0.0001,4,"[30, 30]",60,0.01,0.001,credit/seed456/natural/fnf_extended8_gamma0.02_made50,,,,,,,,,,,,,,,,
credit,456,natural,fnf,categorical,,0.1,extended8,100,False,model seed = shard seed; splits fixed,1,100,100,[20],0.001,0.0001,4,"[30, 30]",60,0.01,0.001,credit/seed456/natural/fnf_extended8_gamma0.1_made100,,,,,,,,,,,,,,,,
credit,456,natural,fnf,categorical,,0.1,extended8,50,False,model seed = shard seed; splits fixed,1,100,100,[20],0.001,0.0001,4,"[30, 30]",60,0.01,0.001,credit/seed456/natural/fnf_extended8_gamma0.1_made50,,,,,,,,,,,,,,,,
credit,456,natural,fnf,categorical,,0.2,extended8,100,False,model seed = shard seed; splits fixed,1,100,100,[20],0.001,0.0001,4,"[30, 30]",60,0.01,0.001,credit/seed456/natural/fnf_extended8_gamma0.2_made100,,,,,,,,,,,,,,,,
credit,456,natural,fnf,categorical,,0.2,extended8,50,False,model seed = shard seed; splits fixed,1,100,100,[20],0.001,0.0001,4,"[30, 30]",60,0.01,0.001,credit/seed456/natural/fnf_extended8_gamma0.2_made50,,,,,,,,,,,,,,,,
credit,456,natural,fnf,categorical,,0.5,extended8,100,False,model seed = shard seed; splits fixed,1,100,100,[20],0.001,0.0001,4,"[30, 30]",60,0.01,0.001,credit/seed456/natural/fnf_extended8_gamma0.5_made100,,,,,,,,,,,,,,,,
credit,456,natural,fnf,categorical,,0.5,extended8,50,False,model seed = shard seed; splits fixed,1,100,100,[20],0.001,0.0001,4,"[30, 30]",60,0.01,0.001,credit/seed456/natural/fnf_extended8_gamma0.5_made50,,,,,,,,,,,,,,,,
credit,456,natural,fnf,categorical,,0.9,extended8,100,False,model seed = shard seed; splits fixed,1,100,100,[20],0.001,0.0001,4,"[30, 30]",60,0.01,0.001,credit/seed456/natural/fnf_extended8_gamma0.9_made100,,,,,,,,,,,,,,,,
credit,456,natural,fnf,categorical,,0.9,extended8,50,False,model seed = shard seed; splits fixed,1,100,100,[20],0.001,0.0001,4,"[30, 30]",60,0.01,0.001,credit/seed456/natural/fnf_extended8_gamma0.9_made50,,,,,,,,,,,,,,,,
credit,456,natural,fnf,categorical,,0.0,extended8,100,False,model seed = shard seed; splits fixed,1,100,100,[20],0.001,0.0001,4,"[30, 30]",60,0.01,0.001,credit/seed456/natural/fnf_extended8_gamma0_made100,,,,,,,,,,,,,,,,
credit,456,natural,fnf,categorical,,0.0,extended8,50,False,model seed = shard seed; splits fixed,1,100,100,[20],0.001,0.0001,4,"[30, 30]",60,0.01,0.001,credit/seed456/natural/fnf_extended8_gamma0_made50,,,,,,,,,,,,,,,,
credit,456,natural,fnf,categorical,,1.0,extended8,100,False,model seed = shard seed; splits fixed,1,100,100,[20],0.001,0.0001,4,"[30, 30]",60,0.01,0.001,credit/seed456/natural/fnf_extended8_gamma1_made100,,,,,,,,,,,,,,,,
credit,456,natural,fnf,categorical,,1.0,extended8,50,False,model seed = shard seed; splits fixed,1,100,100,[20],0.001,0.0001,4,"[30, 30]",60,0.01,0.001,credit/seed456/natural/fnf_extended8_gamma1_made50,,,,,,,,,,,,,,,,
credit,456,shift50,fnf,categorical_conditional,y,0.5,core5,50,False,model seed = shard seed; splits fixed,,100,100,[20],0.001,0.0001,4,"[30, 30]",60,0.01,0.001,credit/seed456/shift50/cfnf_core5_cond-y_gamma0.5_made50,,,,,,,,,,,,,,,,
credit,456,shift50,fnf,categorical_conditional,y,1.0,core5,50,False,model seed = shard seed; splits fixed,,100,100,[20],0.001,0.0001,4,"[30, 30]",60,0.01,0.001,credit/seed456/shift50/cfnf_core5_cond-y_gamma1_made50,,,,,,,,,,,,,,,,
credit,456,shift50,fnf,categorical_conditional,yhat,0.5,core5,50,False,model seed = shard seed; splits fixed,,100,100,[20],0.001,0.0001,4,"[30, 30]",60,0.01,0.001,credit/seed456/shift50/cfnf_core5_cond-yhat_gamma0.5_made50,,,,,,,,,,,,,,,,
credit,456,shift50,fnf,categorical_conditional,yhat,1.0,core5,50,False,model seed = shard seed; splits fixed,,100,100,[20],0.001,0.0001,4,"[30, 30]",60,0.01,0.001,credit/seed456/shift50/cfnf_core5_cond-yhat_gamma1_made50,,,,,,,,,,,,,,,,
credit,456,shift50,erm,,,,core5,,False,model seed = shard seed; splits fixed,,100,100,[20],0.001,0.0001,4,"[30, 30]",60,0.01,0.001,credit/seed456/shift50/erm_core5,,,,,,,,,,,,,,,,
credit,456,shift50,erm,,,,extended8,,False,model seed = shard seed; splits fixed,,100,100,[20],0.001,0.0001,4,"[30, 30]",60,0.01,0.001,credit/seed456/shift50/erm_extended8,,,,,,,,,,,,,,,,
credit,456,shift50,fnf,categorical,,0.02,core5,100,False,model seed = shard seed; splits fixed,1,100,100,[20],0.001,0.0001,4,"[30, 30]",60,0.01,0.001,credit/seed456/shift50/fnf_core5_gamma0.02_made100,,,,,,,,,,,,,,,,
credit,456,shift50,fnf,categorical,,0.02,core5,50,False,model seed = shard seed; splits fixed,1,100,100,[20],0.001,0.0001,4,"[30, 30]",60,0.01,0.001,credit/seed456/shift50/fnf_core5_gamma0.02_made50,,,,,,,,,,,,,,,,
credit,456,shift50,fnf,categorical,,0.1,core5,100,False,model seed = shard seed; splits fixed,1,100,100,[20],0.001,0.0001,4,"[30, 30]",60,0.01,0.001,credit/seed456/shift50/fnf_core5_gamma0.1_made100,,,,,,,,,,,,,,,,
credit,456,shift50,fnf,categorical,,0.1,core5,50,False,model seed = shard seed; splits fixed,1,100,100,[20],0.001,0.0001,4,"[30, 30]",60,0.01,0.001,credit/seed456/shift50/fnf_core5_gamma0.1_made50,,,,,,,,,,,,,,,,
credit,456,shift50,fnf,categorical,,0.2,core5,100,False,model seed = shard seed; splits fixed,1,100,100,[20],0.001,0.0001,4,"[30, 30]",60,0.01,0.001,credit/seed456/shift50/fnf_core5_gamma0.2_made100,,,,,,,,,,,,,,,,
credit,456,shift50,fnf,categorical,,0.2,core5,50,False,model seed = shard seed; splits fixed,1,100,100,[20],0.001,0.0001,4,"[30, 30]",60,0.01,0.001,credit/seed456/shift50/fnf_core5_gamma0.2_made50,,,,,,,,,,,,,,,,
credit,456,shift50,fnf,categorical,,0.5,core5,100,False,model seed = shard seed; splits fixed,1,100,100,[20],0.001,0.0001,4,"[30, 30]",60,0.01,0.001,credit/seed456/shift50/fnf_core5_gamma0.5_made100,,,,,,,,,,,,,,,,
credit,456,shift50,fnf,categorical,,0.5,core5,50,False,model seed = shard seed; splits fixed,1,100,100,[20],0.001,0.0001,4,"[30, 30]",60,0.01,0.001,credit/seed456/shift50/fnf_core5_gamma0.5_made50,,,,,,,,,,,,,,,,
credit,456,shift50,fnf,categorical,,0.9,core5,100,False,model seed = shard seed; splits fixed,1,100,100,[20],0.001,0.0001,4,"[30, 30]",60,0.01,0.001,credit/seed456/shift50/fnf_core5_gamma0.9_made100,,,,,,,,,,,,,,,,
credit,456,shift50,fnf,categorical,,0.9,core5,50,False,model seed = shard seed; splits fixed,1,100,100,[20],0.001,0.0001,4,"[30, 30]",60,0.01,0.001,credit/seed456/shift50/fnf_core5_gamma0.9_made50,,,,,,,,,,,,,,,,
credit,456,shift50,fnf,categorical,,0.0,core5,100,False,model seed = shard seed; splits fixed,1,100,100,[20],0.001,0.0001,4,"[30, 30]",60,0.01,0.001,credit/seed456/shift50/fnf_core5_gamma0_made100,,,,,,,,,,,,,,,,
credit,456,shift50,fnf,categorical,,0.0,core5,50,False,model seed = shard seed; splits fixed,1,100,100,[20],0.001,0.0001,4,"[30, 30]",60,0.01,0.001,credit/seed456/shift50/fnf_core5_gamma0_made50,,,,,,,,,,,,,,,,
credit,456,shift50,fnf,categorical,,1.0,core5,100,False,model seed = shard seed; splits fixed,1,100,100,[20],0.001,0.0001,4,"[30, 30]",60,0.01,0.001,credit/seed456/shift50/fnf_core5_gamma1_made100,,,,,,,,,,,,,,,,
credit,456,shift50,fnf,categorical,,1.0,core5,50,False,model seed = shard seed; splits fixed,1,100,100,[20],0.001,0.0001,4,"[30, 30]",60,0.01,0.001,credit/seed456/shift50/fnf_core5_gamma1_made50,,,,,,,,,,,,,,,,
credit,456,shift50,fnf,categorical,,0.02,extended8,100,False,model seed = shard seed; splits fixed,1,100,100,[20],0.001,0.0001,4,"[30, 30]",60,0.01,0.001,credit/seed456/shift50/fnf_extended8_gamma0.02_made100,,,,,,,,,,,,,,,,
credit,456,shift50,fnf,categorical,,0.02,extended8,50,False,model seed = shard seed; splits fixed,1,100,100,[20],0.001,0.0001,4,"[30, 30]",60,0.01,0.001,credit/seed456/shift50/fnf_extended8_gamma0.02_made50,,,,,,,,,,,,,,,,
credit,456,shift50,fnf,categorical,,0.1,extended8,100,False,model seed = shard seed; splits fixed,1,100,100,[20],0.001,0.0001,4,"[30, 30]",60,0.01,0.001,credit/seed456/shift50/fnf_extended8_gamma0.1_made100,,,,,,,,,,,,,,,,
credit,456,shift50,fnf,categorical,,0.1,extended8,50,False,model seed = shard seed; splits fixed,1,100,100,[20],0.001,0.0001,4,"[30, 30]",60,0.01,0.001,credit/seed456/shift50/fnf_extended8_gamma0.1_made50,,,,,,,,,,,,,,,,
credit,456,shift50,fnf,categorical,,0.2,extended8,100,False,model seed = shard seed; splits fixed,1,100,100,[20],0.001,0.0001,4,"[30, 30]",60,0.01,0.001,credit/seed456/shift50/fnf_extended8_gamma0.2_made100,,,,,,,,,,,,,,,,
credit,456,shift50,fnf,categorical,,0.2,extended8,50,False,model seed = shard seed; splits fixed,1,100,100,[20],0.001,0.0001,4,"[30, 30]",60,0.01,0.001,credit/seed456/shift50/fnf_extended8_gamma0.2_made50,,,,,,,,,,,,,,,,
credit,456,shift50,fnf,categorical,,0.5,extended8,100,False,model seed = shard seed; splits fixed,1,100,100,[20],0.001,0.0001,4,"[30, 30]",60,0.01,0.001,credit/seed456/shift50/fnf_extended8_gamma0.5_made100,,,,,,,,,,,,,,,,
credit,456,shift50,fnf,categorical,,0.5,extended8,50,False,model seed = shard seed; splits fixed,1,100,100,[20],0.001,0.0001,4,"[30, 30]",60,0.01,0.001,credit/seed456/shift50/fnf_extended8_gamma0.5_made50,,,,,,,,,,,,,,,,
credit,456,shift50,fnf,categorical,,0.9,extended8,100,False,model seed = shard seed; splits fixed,1,100,100,[20],0.001,0.0001,4,"[30, 30]",60,0.01,0.001,credit/seed456/shift50/fnf_extended8_gamma0.9_made100,,,,,,,,,,,,,,,,
credit,456,shift50,fnf,categorical,,0.9,extended8,50,False,model seed = shard seed; splits fixed,1,100,100,[20],0.001,0.0001,4,"[30, 30]",60,0.01,0.001,credit/seed456/shift50/fnf_extended8_gamma0.9_made50,,,,,,,,,,,,,,,,
credit,456,shift50,fnf,categorical,,0.0,extended8,100,False,model seed = shard seed; splits fixed,1,100,100,[20],0.001,0.0001,4,"[30, 30]",60,0.01,0.001,credit/seed456/shift50/fnf_extended8_gamma0_made100,,,,,,,,,,,,,,,,
credit,456,shift50,fnf,categorical,,0.0,extended8,50,False,model seed = shard seed; splits fixed,1,100,100,[20],0.001,0.0001,4,"[30, 30]",60,0.01,0.001,credit/seed456/shift50/fnf_extended8_gamma0_made50,,,,,,,,,,,,,,,,
credit,456,shift50,fnf,categorical,,1.0,extended8,100,False,model seed = shard seed; splits fixed,1,100,100,[20],0.001,0.0001,4,"[30, 30]",60,0.01,0.001,credit/seed456/shift50/fnf_extended8_gamma1_made100,,,,,,,,,,,,,,,,
credit,456,shift50,fnf,categorical,,1.0,extended8,50,False,model seed = shard seed; splits fixed,1,100,100,[20],0.001,0.0001,4,"[30, 30]",60,0.01,0.001,credit/seed456/shift50/fnf_extended8_gamma1_made50,,,,,,,,,,,,,,,,
credit,456,shift75,fnf,categorical_conditional,y,0.5,core5,50,False,model seed = shard seed; splits fixed,,100,100,[20],0.001,0.0001,4,"[30, 30]",60,0.01,0.001,credit/seed456/shift75/cfnf_core5_cond-y_gamma0.5_made50,,,,,,,,,,,,,,,,
credit,456,shift75,fnf,categorical_conditional,y,1.0,core5,50,False,model seed = shard seed; splits fixed,,100,100,[20],0.001,0.0001,4,"[30, 30]",60,0.01,0.001,credit/seed456/shift75/cfnf_core5_cond-y_gamma1_made50,,,,,,,,,,,,,,,,
credit,456,shift75,fnf,categorical_conditional,yhat,0.5,core5,50,False,model seed = shard seed; splits fixed,,100,100,[20],0.001,0.0001,4,"[30, 30]",60,0.01,0.001,credit/seed456/shift75/cfnf_core5_cond-yhat_gamma0.5_made50,,,,,,,,,,,,,,,,
credit,456,shift75,fnf,categorical_conditional,yhat,1.0,core5,50,False,model seed = shard seed; splits fixed,,100,100,[20],0.001,0.0001,4,"[30, 30]",60,0.01,0.001,credit/seed456/shift75/cfnf_core5_cond-yhat_gamma1_made50,,,,,,,,,,,,,,,,
credit,456,shift75,erm,,,,core5,,False,model seed = shard seed; splits fixed,,100,100,[20],0.001,0.0001,4,"[30, 30]",60,0.01,0.001,credit/seed456/shift75/erm_core5,,,,,,,,,,,,,,,,
credit,456,shift75,erm,,,,extended8,,False,model seed = shard seed; splits fixed,,100,100,[20],0.001,0.0001,4,"[30, 30]",60,0.01,0.001,credit/seed456/shift75/erm_extended8,,,,,,,,,,,,,,,,
credit,456,shift75,fnf,categorical,,0.02,core5,100,False,model seed = shard seed; splits fixed,1,100,100,[20],0.001,0.0001,4,"[30, 30]",60,0.01,0.001,credit/seed456/shift75/fnf_core5_gamma0.02_made100,,,,,,,,,,,,,,,,
credit,456,shift75,fnf,categorical,,0.02,core5,50,False,model seed = shard seed; splits fixed,1,100,100,[20],0.001,0.0001,4,"[30, 30]",60,0.01,0.001,credit/seed456/shift75/fnf_core5_gamma0.02_made50,,,,,,,,,,,,,,,,
credit,456,shift75,fnf,categorical,,0.1,core5,100,False,model seed = shard seed; splits fixed,1,100,100,[20],0.001,0.0001,4,"[30, 30]",60,0.01,0.001,credit/seed456/shift75/fnf_core5_gamma0.1_made100,,,,,,,,,,,,,,,,
credit,456,shift75,fnf,categorical,,0.1,core5,50,False,model seed = shard seed; splits fixed,1,100,100,[20],0.001,0.0001,4,"[30, 30]",60,0.01,0.001,credit/seed456/shift75/fnf_core5_gamma0.1_made50,,,,,,,,,,,,,,,,
credit,456,shift75,fnf,categorical,,0.2,core5,100,False,model seed = shard seed; splits fixed,1,100,100,[20],0.001,0.0001,4,"[30, 30]",60,0.01,0.001,credit/seed456/shift75/fnf_core5_gamma0.2_made100,,,,,,,,,,,,,,,,
credit,456,shift75,fnf,categorical,,0.2,core5,50,False,model seed = shard seed; splits fixed,1,100,100,[20],0.001,0.0001,4,"[30, 30]",60,0.01,0.001,credit/seed456/shift75/fnf_core5_gamma0.2_made50,,,,,,,,,,,,,,,,
credit,456,shift75,fnf,categorical,,0.5,core5,100,False,model seed = shard seed; splits fixed,1,100,100,[20],0.001,0.0001,4,"[30, 30]",60,0.01,0.001,credit/seed456/shift75/fnf_core5_gamma0.5_made100,,,,,,,,,,,,,,,,
credit,456,shift75,fnf,categorical,,0.5,core5,50,False,model seed = shard seed; splits fixed,1,100,100,[20],0.001,0.0001,4,"[30, 30]",60,0.01,0.001,credit/seed456/shift75/fnf_core5_gamma0.5_made50,,,,,,,,,,,,,,,,
credit,456,shift75,fnf,categorical,,0.9,core5,100,False,model seed = shard seed; splits fixed,1,100,100,[20],0.001,0.0001,4,"[30, 30]",60,0.01,0.001,credit/seed456/shift75/fnf_core5_gamma0.9_made100,,,,,,,,,,,,,,,,
credit,456,shift75,fnf,categorical,,0.9,core5,50,False,model seed = shard seed; splits fixed,1,100,100,[20],0.001,0.0001,4,"[30, 30]",60,0.01,0.001,credit/seed456/shift75/fnf_core5_gamma0.9_made50,,,,,,,,,,,,,,,,
credit,456,shift75,fnf,categorical,,0.0,core5,100,False,model seed = shard seed; splits fixed,1,100,100,[20],0.001,0.0001,4,"[30, 30]",60,0.01,0.001,credit/seed456/shift75/fnf_core5_gamma0_made100,,,,,,,,,,,,,,,,
credit,456,shift75,fnf,categorical,,0.0,core5,50,False,model seed = shard seed; splits fixed,1,100,100,[20],0.001,0.0001,4,"[30, 30]",60,0.01,0.001,credit/seed456/shift75/fnf_core5_gamma0_made50,,,,,,,,,,,,,,,,
credit,456,shift75,fnf,categorical,,1.0,core5,100,False,model seed = shard seed; splits fixed,1,100,100,[20],0.001,0.0001,4,"[30, 30]",60,0.01,0.001,credit/seed456/shift75/fnf_core5_gamma1_made100,,,,,,,,,,,,,,,,
credit,456,shift75,fnf,categorical,,1.0,core5,50,False,model seed = shard seed; splits fixed,1,100,100,[20],0.001,0.0001,4,"[30, 30]",60,0.01,0.001,credit/seed456/shift75/fnf_core5_gamma1_made50,,,,,,,,,,,,,,,,
credit,456,shift75,fnf,categorical,,0.02,extended8,100,False,model seed = shard seed; splits fixed,1,100,100,[20],0.001,0.0001,4,"[30, 30]",60,0.01,0.001,credit/seed456/shift75/fnf_extended8_gamma0.02_made100,,,,,,,,,,,,,,,,
credit,456,shift75,fnf,categorical,,0.02,extended8,50,False,model seed = shard seed; splits fixed,1,100,100,[20],0.001,0.0001,4,"[30, 30]",60,0.01,0.001,credit/seed456/shift75/fnf_extended8_gamma0.02_made50,,,,,,,,,,,,,,,,
credit,456,shift75,fnf,categorical,,0.1,extended8,100,False,model seed = shard seed; splits fixed,1,100,100,[20],0.001,0.0001,4,"[30, 30]",60,0.01,0.001,credit/seed456/shift75/fnf_extended8_gamma0.1_made100,,,,,,,,,,,,,,,,
credit,456,shift75,fnf,categorical,,0.1,extended8,50,False,model seed = shard seed; splits fixed,1,100,100,[20],0.001,0.0001,4,"[30, 30]",60,0.01,0.001,credit/seed456/shift75/fnf_extended8_gamma0.1_made50,,,,,,,,,,,,,,,,
credit,456,shift75,fnf,categorical,,0.2,extended8,100,False,model seed = shard seed; splits fixed,1,100,100,[20],0.001,0.0001,4,"[30, 30]",60,0.01,0.001,credit/seed456/shift75/fnf_extended8_gamma0.2_made100,,,,,,,,,,,,,,,,
credit,456,shift75,fnf,categorical,,0.2,extended8,50,False,model seed = shard seed; splits fixed,1,100,100,[20],0.001,0.0001,4,"[30, 30]",60,0.01,0.001,credit/seed456/shift75/fnf_extended8_gamma0.2_made50,,,,,,,,,,,,,,,,
credit,456,shift75,fnf,categorical,,0.5,extended8,100,False,model seed = shard seed; splits fixed,1,100,100,[20],0.001,0.0001,4,"[30, 30]",60,0.01,0.001,credit/seed456/shift75/fnf_extended8_gamma0.5_made100,,,,,,,,,,,,,,,,
credit,456,shift75,fnf,categorical,,0.5,extended8,50,False,model seed = shard seed; splits fixed,1,100,100,[20],0.001,0.0001,4,"[30, 30]",60,0.01,0.001,credit/seed456/shift75/fnf_extended8_gamma0.5_made50,,,,,,,,,,,,,,,,
credit,456,shift75,fnf,categorical,,0.9,extended8,100,False,model seed = shard seed; splits fixed,1,100,100,[20],0.001,0.0001,4,"[30, 30]",60,0.01,0.001,credit/seed456/shift75/fnf_extended8_gamma0.9_made100,,,,,,,,,,,,,,,,
credit,456,shift75,fnf,categorical,,0.9,extended8,50,False,model seed = shard seed; splits fixed,1,100,100,[20],0.001,0.0001,4,"[30, 30]",60,0.01,0.001,credit/seed456/shift75/fnf_extended8_gamma0.9_made50,,,,,,,,,,,,,,,,
credit,456,shift75,fnf,categorical,,0.0,extended8,100,False,model seed = shard seed; splits fixed,1,100,100,[20],0.001,0.0001,4,"[30, 30]",60,0.01,0.001,credit/seed456/shift75/fnf_extended8_gamma0_made100,,,,,,,,,,,,,,,,
credit,456,shift75,fnf,categorical,,0.0,extended8,50,False,model seed = shard seed; splits fixed,1,100,100,[20],0.001,0.0001,4,"[30, 30]",60,0.01,0.001,credit/seed456/shift75/fnf_extended8_gamma0_made50,,,,,,,,,,,,,,,,
credit,456,shift75,fnf,categorical,,1.0,extended8,100,False,model seed = shard seed; splits fixed,1,100,100,[20],0.001,0.0001,4,"[30, 30]",60,0.01,0.001,credit/seed456/shift75/fnf_extended8_gamma1_made100,,,,,,,,,,,,,,,,
credit,456,shift75,fnf,categorical,,1.0,extended8,50,False,model seed = shard seed; splits fixed,1,100,100,[20],0.001,0.0001,4,"[30, 30]",60,0.01,0.001,credit/seed456/shift75/fnf_extended8_gamma1_made50,,,,,,,,,,,,,,,,
crime,123,equalized,fnf,categorical_conditional,y,0.5,socio4,50,False,model seed = shard seed; splits fixed,,100,100,[20],0.001,0.0001,4,"[30, 30]",60,0.01,0.001,crime/seed123/equalized/cfnf_socio4_cond-y_gamma0.5_made50,,,,,,,,,,,,,,,,
crime,123,equalized,fnf,categorical_conditional,y,1.0,socio4,50,False,model seed = shard seed; splits fixed,,100,100,[20],0.001,0.0001,4,"[30, 30]",60,0.01,0.001,crime/seed123/equalized/cfnf_socio4_cond-y_gamma1_made50,,,,,,,,,,,,,,,,
crime,123,equalized,fnf,categorical_conditional,yhat,0.5,socio4,50,False,model seed = shard seed; splits fixed,,100,100,[20],0.001,0.0001,4,"[30, 30]",60,0.01,0.001,crime/seed123/equalized/cfnf_socio4_cond-yhat_gamma0.5_made50,,,,,,,,,,,,,,,,
crime,123,equalized,fnf,categorical_conditional,yhat,1.0,socio4,50,False,model seed = shard seed; splits fixed,,100,100,[20],0.001,0.0001,4,"[30, 30]",60,0.01,0.001,crime/seed123/equalized/cfnf_socio4_cond-yhat_gamma1_made50,,,,,,,,,,,,,,,,
crime,123,equalized,erm,,,,socio4,,False,model seed = shard seed; splits fixed,,100,100,[20],0.001,0.0001,4,"[30, 30]",60,0.01,0.001,crime/seed123/equalized/erm_socio4,,,,,,,,,,,,,,,,
crime,123,equalized,erm,,,,socio6,,False,model seed = shard seed; splits fixed,,100,100,[20],0.001,0.0001,4,"[30, 30]",60,0.01,0.001,crime/seed123/equalized/erm_socio6,,,,,,,,,,,,,,,,
crime,123,equalized,fnf,categorical,,0.02,socio4,100,False,model seed = shard seed; splits fixed,1,100,100,[20],0.001,0.0001,4,"[30, 30]",60,0.01,0.001,crime/seed123/equalized/fnf_socio4_gamma0.02_made100,,,,,,,,,,,,,,,,
crime,123,equalized,fnf,categorical,,0.02,socio4,50,False,model seed = shard seed; splits fixed,1,100,100,[20],0.001,0.0001,4,"[30, 30]",60,0.01,0.001,crime/seed123/equalized/fnf_socio4_gamma0.02_made50,,,,,,,,,,,,,,,,
crime,123,equalized,fnf,categorical,,0.1,socio4,100,False,model seed = shard seed; splits fixed,1,100,100,[20],0.001,0.0001,4,"[30, 30]",60,0.01,0.001,crime/seed123/equalized/fnf_socio4_gamma0.1_made100,,,,,,,,,,,,,,,,
crime,123,equalized,fnf,categorical,,0.1,socio4,50,False,model seed = shard seed; splits fixed,1,100,100,[20],0.001,0.0001,4,"[30, 30]",60,0.01,0.001,crime/seed123/equalized/fnf_socio4_gamma0.1_made50,,,,,,,,,,,,,,,,
crime,123,equalized,fnf,categorical,,0.2,socio4,100,False,model seed = shard seed; splits fixed,1,100,100,[20],0.001,0.0001,4,"[30, 30]",60,0.01,0.001,crime/seed123/equalized/fnf_socio4_gamma0.2_made100,,,,,,,,,,,,,,,,
crime,123,equalized,fnf,categorical,,0.2,socio4,50,False,model seed = shard seed; splits fixed,1,100,100,[20],0.001,0.0001,4,"[30, 30]",60,0.01,0.001,crime/seed123/equalized/fnf_socio4_gamma0.2_made50,,,,,,,,,,,,,,,,
crime,123,equalized,fnf,categorical,,0.5,socio4,100,False,model seed = shard seed; splits fixed,1,100,100,[20],0.001,0.0001,4,"[30, 30]",60,0.01,0.001,crime/seed123/equalized/fnf_socio4_gamma0.5_made100,,,,,,,,,,,,,,,,
crime,123,equalized,fnf,categorical,,0.5,socio4,50,False,model seed = shard seed; splits fixed,1,100,100,[20],0.001,0.0001,4,"[30, 30]",60,0.01,0.001,crime/seed123/equalized/fnf_socio4_gamma0.5_made50,,,,,,,,,,,,,,,,
crime,123,equalized,fnf,categorical,,0.9,socio4,100,False,model seed = shard seed; splits fixed,1,100,100,[20],0.001,0.0001,4,"[30, 30]",60,0.01,0.001,crime/seed123/equalized/fnf_socio4_gamma0.9_made100,,,,,,,,,,,,,,,,
crime,123,equalized,fnf,categorical,,0.9,socio4,50,False,model seed = shard seed; splits fixed,1,100,100,[20],0.001,0.0001,4,"[30, 30]",60,0.01,0.001,crime/seed123/equalized/fnf_socio4_gamma0.9_made50,,,,,,,,,,,,,,,,
crime,123,equalized,fnf,categorical,,0.0,socio4,100,False,model seed = shard seed; splits fixed,1,100,100,[20],0.001,0.0001,4,"[30, 30]",60,0.01,0.001,crime/seed123/equalized/fnf_socio4_gamma0_made100,,,,,,,,,,,,,,,,
crime,123,equalized,fnf,categorical,,0.0,socio4,50,False,model seed = shard seed; splits fixed,1,100,100,[20],0.001,0.0001,4,"[30, 30]",60,0.01,0.001,crime/seed123/equalized/fnf_socio4_gamma0_made50,,,,,,,,,,,,,,,,
crime,123,equalized,fnf,categorical,,1.0,socio4,100,False,model seed = shard seed; splits fixed,1,100,100,[20],0.001,0.0001,4,"[30, 30]",60,0.01,0.001,crime/seed123/equalized/fnf_socio4_gamma1_made100,,,,,,,,,,,,,,,,
crime,123,equalized,fnf,categorical,,1.0,socio4,50,False,model seed = shard seed; splits fixed,1,100,100,[20],0.001,0.0001,4,"[30, 30]",60,0.01,0.001,crime/seed123/equalized/fnf_socio4_gamma1_made50,,,,,,,,,,,,,,,,
crime,123,equalized,fnf,categorical,,0.02,socio6,100,False,model seed = shard seed; splits fixed,1,100,100,[20],0.001,0.0001,4,"[30, 30]",60,0.01,0.001,crime/seed123/equalized/fnf_socio6_gamma0.02_made100,,,,,,,,,,,,,,,,
crime,123,equalized,fnf,categorical,,0.02,socio6,50,False,model seed = shard seed; splits fixed,1,100,100,[20],0.001,0.0001,4,"[30, 30]",60,0.01,0.001,crime/seed123/equalized/fnf_socio6_gamma0.02_made50,,,,,,,,,,,,,,,,
crime,123,equalized,fnf,categorical,,0.1,socio6,100,False,model seed = shard seed; splits fixed,1,100,100,[20],0.001,0.0001,4,"[30, 30]",60,0.01,0.001,crime/seed123/equalized/fnf_socio6_gamma0.1_made100,,,,,,,,,,,,,,,,
crime,123,equalized,fnf,categorical,,0.1,socio6,50,False,model seed = shard seed; splits fixed,1,100,100,[20],0.001,0.0001,4,"[30, 30]",60,0.01,0.001,crime/seed123/equalized/fnf_socio6_gamma0.1_made50,,,,,,,,,,,,,,,,
crime,123,equalized,fnf,categorical,,0.2,socio6,100,False,model seed = shard seed; splits fixed,1,100,100,[20],0.001,0.0001,4,"[30, 30]",60,0.01,0.001,crime/seed123/equalized/fnf_socio6_gamma0.2_made100,,,,,,,,,,,,,,,,
crime,123,equalized,fnf,categorical,,0.2,socio6,50,False,model seed = shard seed; splits fixed,1,100,100,[20],0.001,0.0001,4,"[30, 30]",60,0.01,0.001,crime/seed123/equalized/fnf_socio6_gamma0.2_made50,,,,,,,,,,,,,,,,
crime,123,equalized,fnf,categorical,,0.5,socio6,100,False,model seed = shard seed; splits fixed,1,100,100,[20],0.001,0.0001,4,"[30, 30]",60,0.01,0.001,crime/seed123/equalized/fnf_socio6_gamma0.5_made100,,,,,,,,,,,,,,,,
crime,123,equalized,fnf,categorical,,0.5,socio6,50,False,model seed = shard seed; splits fixed,1,100,100,[20],0.001,0.0001,4,"[30, 30]",60,0.01,0.001,crime/seed123/equalized/fnf_socio6_gamma0.5_made50,,,,,,,,,,,,,,,,
crime,123,equalized,fnf,categorical,,0.9,socio6,100,False,model seed = shard seed; splits fixed,1,100,100,[20],0.001,0.0001,4,"[30, 30]",60,0.01,0.001,crime/seed123/equalized/fnf_socio6_gamma0.9_made100,,,,,,,,,,,,,,,,
crime,123,equalized,fnf,categorical,,0.9,socio6,50,False,model seed = shard seed; splits fixed,1,100,100,[20],0.001,0.0001,4,"[30, 30]",60,0.01,0.001,crime/seed123/equalized/fnf_socio6_gamma0.9_made50,,,,,,,,,,,,,,,,
crime,123,equalized,fnf,categorical,,0.0,socio6,100,False,model seed = shard seed; splits fixed,1,100,100,[20],0.001,0.0001,4,"[30, 30]",60,0.01,0.001,crime/seed123/equalized/fnf_socio6_gamma0_made100,,,,,,,,,,,,,,,,
crime,123,equalized,fnf,categorical,,0.0,socio6,50,False,model seed = shard seed; splits fixed,1,100,100,[20],0.001,0.0001,4,"[30, 30]",60,0.01,0.001,crime/seed123/equalized/fnf_socio6_gamma0_made50,,,,,,,,,,,,,,,,
crime,123,equalized,fnf,categorical,,1.0,socio6,100,False,model seed = shard seed; splits fixed,1,100,100,[20],0.001,0.0001,4,"[30, 30]",60,0.01,0.001,crime/seed123/equalized/fnf_socio6_gamma1_made100,,,,,,,,,,,,,,,,
crime,123,equalized,fnf,categorical,,1.0,socio6,50,False,model seed = shard seed; splits fixed,1,100,100,[20],0.001,0.0001,4,"[30, 30]",60,0.01,0.001,crime/seed123/equalized/fnf_socio6_gamma1_made50,,,,,,,,,,,,,,,,
crime,123,natural,fnf,categorical_conditional,y,0.5,socio4,50,False,model seed = shard seed; splits fixed,,100,100,[20],0.001,0.0001,4,"[30, 30]",60,0.01,0.001,crime/seed123/natural/cfnf_socio4_cond-y_gamma0.5_made50,,,,,,,,,,,,,,,,
crime,123,natural,fnf,categorical_conditional,y,1.0,socio4,50,False,model seed = shard seed; splits fixed,,100,100,[20],0.001,0.0001,4,"[30, 30]",60,0.01,0.001,crime/seed123/natural/cfnf_socio4_cond-y_gamma1_made50,,,,,,,,,,,,,,,,
crime,123,natural,fnf,categorical_conditional,yhat,0.5,socio4,50,False,model seed = shard seed; splits fixed,,100,100,[20],0.001,0.0001,4,"[30, 30]",60,0.01,0.001,crime/seed123/natural/cfnf_socio4_cond-yhat_gamma0.5_made50,,,,,,,,,,,,,,,,
crime,123,natural,fnf,categorical_conditional,yhat,1.0,socio4,50,False,model seed = shard seed; splits fixed,,100,100,[20],0.001,0.0001,4,"[30, 30]",60,0.01,0.001,crime/seed123/natural/cfnf_socio4_cond-yhat_gamma1_made50,,,,,,,,,,,,,,,,
crime,123,natural,erm,,,,socio4,,False,model seed = shard seed; splits fixed,,100,100,[20],0.001,0.0001,4,"[30, 30]",60,0.01,0.001,crime/seed123/natural/erm_socio4,,,,,,,,,,,,,,,,
crime,123,natural,erm,,,,socio6,,False,model seed = shard seed; splits fixed,,100,100,[20],0.001,0.0001,4,"[30, 30]",60,0.01,0.001,crime/seed123/natural/erm_socio6,,,,,,,,,,,,,,,,
crime,123,natural,fnf,categorical,,0.02,socio4,100,False,model seed = shard seed; splits fixed,1,100,100,[20],0.001,0.0001,4,"[30, 30]",60,0.01,0.001,crime/seed123/natural/fnf_socio4_gamma0.02_made100,,,,,,,,,,,,,,,,
crime,123,natural,fnf,categorical,,0.02,socio4,50,False,model seed = shard seed; splits fixed,1,100,100,[20],0.001,0.0001,4,"[30, 30]",60,0.01,0.001,crime/seed123/natural/fnf_socio4_gamma0.02_made50,,,,,,,,,,,,,,,,
crime,123,natural,fnf,categorical,,0.1,socio4,100,False,model seed = shard seed; splits fixed,1,100,100,[20],0.001,0.0001,4,"[30, 30]",60,0.01,0.001,crime/seed123/natural/fnf_socio4_gamma0.1_made100,,,,,,,,,,,,,,,,
crime,123,natural,fnf,categorical,,0.1,socio4,50,False,model seed = shard seed; splits fixed,1,100,100,[20],0.001,0.0001,4,"[30, 30]",60,0.01,0.001,crime/seed123/natural/fnf_socio4_gamma0.1_made50,,,,,,,,,,,,,,,,
crime,123,natural,fnf,categorical,,0.2,socio4,100,False,model seed = shard seed; splits fixed,1,100,100,[20],0.001,0.0001,4,"[30, 30]",60,0.01,0.001,crime/seed123/natural/fnf_socio4_gamma0.2_made100,,,,,,,,,,,,,,,,
crime,123,natural,fnf,categorical,,0.2,socio4,50,False,model seed = shard seed; splits fixed,1,100,100,[20],0.001,0.0001,4,"[30, 30]",60,0.01,0.001,crime/seed123/natural/fnf_socio4_gamma0.2_made50,,,,,,,,,,,,,,,,
crime,123,natural,fnf,categorical,,0.5,socio4,100,False,model seed = shard seed; splits fixed,1,100,100,[20],0.001,0.0001,4,"[30, 30]",60,0.01,0.001,crime/seed123/natural/fnf_socio4_gamma0.5_made100,,,,,,,,,,,,,,,,
crime,123,natural,fnf,categorical,,0.5,socio4,50,False,model seed = shard seed; splits fixed,1,100,100,[20],0.001,0.0001,4,"[30, 30]",60,0.01,0.001,crime/seed123/natural/fnf_socio4_gamma0.5_made50,,,,,,,,,,,,,,,,
crime,123,natural,fnf,categorical,,0.9,socio4,100,False,model seed = shard seed; splits fixed,1,100,100,[20],0.001,0.0001,4,"[30, 30]",60,0.01,0.001,crime/seed123/natural/fnf_socio4_gamma0.9_made100,,,,,,,,,,,,,,,,
crime,123,natural,fnf,categorical,,0.9,socio4,50,False,model seed = shard seed; splits fixed,1,100,100,[20],0.001,0.0001,4,"[30, 30]",60,0.01,0.001,crime/seed123/natural/fnf_socio4_gamma0.9_made50,,,,,,,,,,,,,,,,
crime,123,natural,fnf,categorical,,0.0,socio4,100,False,model seed = shard seed; splits fixed,1,100,100,[20],0.001,0.0001,4,"[30, 30]",60,0.01,0.001,crime/seed123/natural/fnf_socio4_gamma0_made100,,,,,,,,,,,,,,,,
crime,123,natural,fnf,categorical,,0.0,socio4,50,False,model seed = shard seed; splits fixed,1,100,100,[20],0.001,0.0001,4,"[30, 30]",60,0.01,0.001,crime/seed123/natural/fnf_socio4_gamma0_made50,,,,,,,,,,,,,,,,
crime,123,natural,fnf,categorical,,1.0,socio4,100,False,model seed = shard seed; splits fixed,1,100,100,[20],0.001,0.0001,4,"[30, 30]",60,0.01,0.001,crime/seed123/natural/fnf_socio4_gamma1_made100,,,,,,,,,,,,,,,,
crime,123,natural,fnf,categorical,,1.0,socio4,50,False,model seed = shard seed; splits fixed,1,100,100,[20],0.001,0.0001,4,"[30, 30]",60,0.01,0.001,crime/seed123/natural/fnf_socio4_gamma1_made50,,,,,,,,,,,,,,,,
crime,123,natural,fnf,categorical,,0.02,socio6,100,False,model seed = shard seed; splits fixed,1,100,100,[20],0.001,0.0001,4,"[30, 30]",60,0.01,0.001,crime/seed123/natural/fnf_socio6_gamma0.02_made100,,,,,,,,,,,,,,,,
crime,123,natural,fnf,categorical,,0.02,socio6,50,False,model seed = shard seed; splits fixed,1,100,100,[20],0.001,0.0001,4,"[30, 30]",60,0.01,0.001,crime/seed123/natural/fnf_socio6_gamma0.02_made50,,,,,,,,,,,,,,,,
crime,123,natural,fnf,categorical,,0.1,socio6,100,False,model seed = shard seed; splits fixed,1,100,100,[20],0.001,0.0001,4,"[30, 30]",60,0.01,0.001,crime/seed123/natural/fnf_socio6_gamma0.1_made100,,,,,,,,,,,,,,,,
crime,123,natural,fnf,categorical,,0.1,socio6,50,False,model seed = shard seed; splits fixed,1,100,100,[20],0.001,0.0001,4,"[30, 30]",60,0.01,0.001,crime/seed123/natural/fnf_socio6_gamma0.1_made50,,,,,,,,,,,,,,,,
crime,123,natural,fnf,categorical,,0.2,socio6,100,False,model seed = shard seed; splits fixed,1,100,100,[20],0.001,0.0001,4,"[30, 30]",60,0.01,0.001,crime/seed123/natural/fnf_socio6_gamma0.2_made100,,,,,,,,,,,,,,,,
crime,123,natural,fnf,categorical,,0.2,socio6,50,False,model seed = shard seed; splits fixed,1,100,100,[20],0.001,0.0001,4,"[30, 30]",60,0.01,0.001,crime/seed123/natural/fnf_socio6_gamma0.2_made50,,,,,,,,,,,,,,,,
crime,123,natural,fnf,categorical,,0.5,socio6,100,False,model seed = shard seed; splits fixed,1,100,100,[20],0.001,0.0001,4,"[30, 30]",60,0.01,0.001,crime/seed123/natural/fnf_socio6_gamma0.5_made100,,,,,,,,,,,,,,,,
crime,123,natural,fnf,categorical,,0.5,socio6,50,False,model seed = shard seed; splits fixed,1,100,100,[20],0.001,0.0001,4,"[30, 30]",60,0.01,0.001,crime/seed123/natural/fnf_socio6_gamma0.5_made50,,,,,,,,,,,,,,,,
crime,123,natural,fnf,categorical,,0.9,socio6,100,False,model seed = shard seed; splits fixed,1,100,100,[20],0.001,0.0001,4,"[30, 30]",60,0.01,0.001,crime/seed123/natural/fnf_socio6_gamma0.9_made100,,,,,,,,,,,,,,,,
crime,123,natural,fnf,categorical,,0.9,socio6,50,False,model seed = shard seed; splits fixed,1,100,100,[20],0.001,0.0001,4,"[30, 30]",60,0.01,0.001,crime/seed123/natural/fnf_socio6_gamma0.9_made50,,,,,,,,,,,,,,,,
crime,123,natural,fnf,categorical,,0.0,socio6,100,False,model seed = shard seed; splits fixed,1,100,100,[20],0.001,0.0001,4,"[30, 30]",60,0.01,0.001,crime/seed123/natural/fnf_socio6_gamma0_made100,,,,,,,,,,,,,,,,
crime,123,natural,fnf,categorical,,0.0,socio6,50,False,model seed = shard seed; splits fixed,1,100,100,[20],0.001,0.0001,4,"[30, 30]",60,0.01,0.001,crime/seed123/natural/fnf_socio6_gamma0_made50,,,,,,,,,,,,,,,,
crime,123,natural,fnf,categorical,,1.0,socio6,100,False,model seed = shard seed; splits fixed,1,100,100,[20],0.001,0.0001,4,"[30, 30]",60,0.01,0.001,crime/seed123/natural/fnf_socio6_gamma1_made100,,,,,,,,,,,,,,,,
crime,123,natural,fnf,categorical,,1.0,socio6,50,False,model seed = shard seed; splits fixed,1,100,100,[20],0.001,0.0001,4,"[30, 30]",60,0.01,0.001,crime/seed123/natural/fnf_socio6_gamma1_made50,,,,,,,,,,,,,,,,
crime,123,shift50,fnf,categorical_conditional,y,0.5,socio4,50,False,model seed = shard seed; splits fixed,,100,100,[20],0.001,0.0001,4,"[30, 30]",60,0.01,0.001,crime/seed123/shift50/cfnf_socio4_cond-y_gamma0.5_made50,,,,,,,,,,,,,,,,
crime,123,shift50,fnf,categorical_conditional,y,1.0,socio4,50,False,model seed = shard seed; splits fixed,,100,100,[20],0.001,0.0001,4,"[30, 30]",60,0.01,0.001,crime/seed123/shift50/cfnf_socio4_cond-y_gamma1_made50,,,,,,,,,,,,,,,,
crime,123,shift50,fnf,categorical_conditional,yhat,0.5,socio4,50,False,model seed = shard seed; splits fixed,,100,100,[20],0.001,0.0001,4,"[30, 30]",60,0.01,0.001,crime/seed123/shift50/cfnf_socio4_cond-yhat_gamma0.5_made50,,,,,,,,,,,,,,,,
crime,123,shift50,fnf,categorical_conditional,yhat,1.0,socio4,50,False,model seed = shard seed; splits fixed,,100,100,[20],0.001,0.0001,4,"[30, 30]",60,0.01,0.001,crime/seed123/shift50/cfnf_socio4_cond-yhat_gamma1_made50,,,,,,,,,,,,,,,,
crime,123,shift50,erm,,,,socio4,,False,model seed = shard seed; splits fixed,,100,100,[20],0.001,0.0001,4,"[30, 30]",60,0.01,0.001,crime/seed123/shift50/erm_socio4,,,,,,,,,,,,,,,,
crime,123,shift50,erm,,,,socio6,,False,model seed = shard seed; splits fixed,,100,100,[20],0.001,0.0001,4,"[30, 30]",60,0.01,0.001,crime/seed123/shift50/erm_socio6,,,,,,,,,,,,,,,,
crime,123,shift50,fnf,categorical,,0.02,socio4,100,False,model seed = shard seed; splits fixed,1,100,100,[20],0.001,0.0001,4,"[30, 30]",60,0.01,0.001,crime/seed123/shift50/fnf_socio4_gamma0.02_made100,,,,,,,,,,,,,,,,
crime,123,shift50,fnf,categorical,,0.02,socio4,50,False,model seed = shard seed; splits fixed,1,100,100,[20],0.001,0.0001,4,"[30, 30]",60,0.01,0.001,crime/seed123/shift50/fnf_socio4_gamma0.02_made50,,,,,,,,,,,,,,,,
crime,123,shift50,fnf,categorical,,0.1,socio4,100,False,model seed = shard seed; splits fixed,1,100,100,[20],0.001,0.0001,4,"[30, 30]",60,0.01,0.001,crime/seed123/shift50/fnf_socio4_gamma0.1_made100,,,,,,,,,,,,,,,,
crime,123,shift50,fnf,categorical,,0.1,socio4,50,False,model seed = shard seed; splits fixed,1,100,100,[20],0.001,0.0001,4,"[30, 30]",60,0.01,0.001,crime/seed123/shift50/fnf_socio4_gamma0.1_made50,,,,,,,,,,,,,,,,
crime,123,shift50,fnf,categorical,,0.2,socio4,100,False,model seed = shard seed; splits fixed,1,100,100,[20],0.001,0.0001,4,"[30, 30]",60,0.01,0.001,crime/seed123/shift50/fnf_socio4_gamma0.2_made100,,,,,,,,,,,,,,,,
crime,123,shift50,fnf,categorical,,0.2,socio4,50,False,model seed = shard seed; splits fixed,1,100,100,[20],0.001,0.0001,4,"[30, 30]",60,0.01,0.001,crime/seed123/shift50/fnf_socio4_gamma0.2_made50,,,,,,,,,,,,,,,,
crime,123,shift50,fnf,categorical,,0.5,socio4,100,False,model seed = shard seed; splits fixed,1,100,100,[20],0.001,0.0001,4,"[30, 30]",60,0.01,0.001,crime/seed123/shift50/fnf_socio4_gamma0.5_made100,,,,,,,,,,,,,,,,
crime,123,shift50,fnf,categorical,,0.5,socio4,50,False,model seed = shard seed; splits fixed,1,100,100,[20],0.001,0.0001,4,"[30, 30]",60,0.01,0.001,crime/seed123/shift50/fnf_socio4_gamma0.5_made50,,,,,,,,,,,,,,,,
crime,123,shift50,fnf,categorical,,0.9,socio4,100,False,model seed = shard seed; splits fixed,1,100,100,[20],0.001,0.0001,4,"[30, 30]",60,0.01,0.001,crime/seed123/shift50/fnf_socio4_gamma0.9_made100,,,,,,,,,,,,,,,,
crime,123,shift50,fnf,categorical,,0.9,socio4,50,False,model seed = shard seed; splits fixed,1,100,100,[20],0.001,0.0001,4,"[30, 30]",60,0.01,0.001,crime/seed123/shift50/fnf_socio4_gamma0.9_made50,,,,,,,,,,,,,,,,
crime,123,shift50,fnf,categorical,,0.0,socio4,100,False,model seed = shard seed; splits fixed,1,100,100,[20],0.001,0.0001,4,"[30, 30]",60,0.01,0.001,crime/seed123/shift50/fnf_socio4_gamma0_made100,,,,,,,,,,,,,,,,
crime,123,shift50,fnf,categorical,,0.0,socio4,50,False,model seed = shard seed; splits fixed,1,100,100,[20],0.001,0.0001,4,"[30, 30]",60,0.01,0.001,crime/seed123/shift50/fnf_socio4_gamma0_made50,,,,,,,,,,,,,,,,
crime,123,shift50,fnf,categorical,,1.0,socio4,100,False,model seed = shard seed; splits fixed,1,100,100,[20],0.001,0.0001,4,"[30, 30]",60,0.01,0.001,crime/seed123/shift50/fnf_socio4_gamma1_made100,,,,,,,,,,,,,,,,
crime,123,shift50,fnf,categorical,,1.0,socio4,50,False,model seed = shard seed; splits fixed,1,100,100,[20],0.001,0.0001,4,"[30, 30]",60,0.01,0.001,crime/seed123/shift50/fnf_socio4_gamma1_made50,,,,,,,,,,,,,,,,
crime,123,shift50,fnf,categorical,,0.02,socio6,100,False,model seed = shard seed; splits fixed,1,100,100,[20],0.001,0.0001,4,"[30, 30]",60,0.01,0.001,crime/seed123/shift50/fnf_socio6_gamma0.02_made100,,,,,,,,,,,,,,,,
crime,123,shift50,fnf,categorical,,0.02,socio6,50,False,model seed = shard seed; splits fixed,1,100,100,[20],0.001,0.0001,4,"[30, 30]",60,0.01,0.001,crime/seed123/shift50/fnf_socio6_gamma0.02_made50,,,,,,,,,,,,,,,,
crime,123,shift50,fnf,categorical,,0.1,socio6,100,False,model seed = shard seed; splits fixed,1,100,100,[20],0.001,0.0001,4,"[30, 30]",60,0.01,0.001,crime/seed123/shift50/fnf_socio6_gamma0.1_made100,,,,,,,,,,,,,,,,
crime,123,shift50,fnf,categorical,,0.1,socio6,50,False,model seed = shard seed; splits fixed,1,100,100,[20],0.001,0.0001,4,"[30, 30]",60,0.01,0.001,crime/seed123/shift50/fnf_socio6_gamma0.1_made50,,,,,,,,,,,,,,,,
crime,123,shift50,fnf,categorical,,0.2,socio6,100,False,model seed = shard seed; splits fixed,1,100,100,[20],0.001,0.0001,4,"[30, 30]",60,0.01,0.001,crime/seed123/shift50/fnf_socio6_gamma0.2_made100,,,,,,,,,,,,,,,,
crime,123,shift50,fnf,categorical,,0.2,socio6,50,False,model seed = shard seed; splits fixed,1,100,100,[20],0.001,0.0001,4,"[30, 30]",60,0.01,0.001,crime/seed123/shift50/fnf_socio6_gamma0.2_made50,,,,,,,,,,,,,,,,
crime,123,shift50,fnf,categorical,,0.5,socio6,100,False,model seed = shard seed; splits fixed,1,100,100,[20],0.001,0.0001,4,"[30, 30]",60,0.01,0.001,crime/seed123/shift50/fnf_socio6_gamma0.5_made100,,,,,,,,,,,,,,,,
crime,123,shift50,fnf,categorical,,0.5,socio6,50,False,model seed = shard seed; splits fixed,1,100,100,[20],0.001,0.0001,4,"[30, 30]",60,0.01,0.001,crime/seed123/shift50/fnf_socio6_gamma0.5_made50,,,,,,,,,,,,,,,,
crime,123,shift50,fnf,categorical,,0.9,socio6,100,False,model seed = shard seed; splits fixed,1,100,100,[20],0.001,0.0001,4,"[30, 30]",60,0.01,0.001,crime/seed123/shift50/fnf_socio6_gamma0.9_made100,,,,,,,,,,,,,,,,
crime,123,shift50,fnf,categorical,,0.9,socio6,50,False,model seed = shard seed; splits fixed,1,100,100,[20],0.001,0.0001,4,"[30, 30]",60,0.01,0.001,crime/seed123/shift50/fnf_socio6_gamma0.9_made50,,,,,,,,,,,,,,,,
crime,123,shift50,fnf,categorical,,0.0,socio6,100,False,model seed = shard seed; splits fixed,1,100,100,[20],0.001,0.0001,4,"[30, 30]",60,0.01,0.001,crime/seed123/shift50/fnf_socio6_gamma0_made100,,,,,,,,,,,,,,,,
crime,123,shift50,fnf,categorical,,0.0,socio6,50,False,model seed = shard seed; splits fixed,1,100,100,[20],0.001,0.0001,4,"[30, 30]",60,0.01,0.001,crime/seed123/shift50/fnf_socio6_gamma0_made50,,,,,,,,,,,,,,,,
crime,123,shift50,fnf,categorical,,1.0,socio6,100,False,model seed = shard seed; splits fixed,1,100,100,[20],0.001,0.0001,4,"[30, 30]",60,0.01,0.001,crime/seed123/shift50/fnf_socio6_gamma1_made100,,,,,,,,,,,,,,,,
crime,123,shift50,fnf,categorical,,1.0,socio6,50,False,model seed = shard seed; splits fixed,1,100,100,[20],0.001,0.0001,4,"[30, 30]",60,0.01,0.001,crime/seed123/shift50/fnf_socio6_gamma1_made50,,,,,,,,,,,,,,,,
crime,123,shift75,fnf,categorical_conditional,y,0.5,socio4,50,False,model seed = shard seed; splits fixed,,100,100,[20],0.001,0.0001,4,"[30, 30]",60,0.01,0.001,crime/seed123/shift75/cfnf_socio4_cond-y_gamma0.5_made50,,,,,,,,,,,,,,,,
crime,123,shift75,fnf,categorical_conditional,y,1.0,socio4,50,False,model seed = shard seed; splits fixed,,100,100,[20],0.001,0.0001,4,"[30, 30]",60,0.01,0.001,crime/seed123/shift75/cfnf_socio4_cond-y_gamma1_made50,,,,,,,,,,,,,,,,
crime,123,shift75,fnf,categorical_conditional,yhat,0.5,socio4,50,False,model seed = shard seed; splits fixed,,100,100,[20],0.001,0.0001,4,"[30, 30]",60,0.01,0.001,crime/seed123/shift75/cfnf_socio4_cond-yhat_gamma0.5_made50,,,,,,,,,,,,,,,,
crime,123,shift75,fnf,categorical_conditional,yhat,1.0,socio4,50,False,model seed = shard seed; splits fixed,,100,100,[20],0.001,0.0001,4,"[30, 30]",60,0.01,0.001,crime/seed123/shift75/cfnf_socio4_cond-yhat_gamma1_made50,,,,,,,,,,,,,,,,
crime,123,shift75,erm,,,,socio4,,False,model seed = shard seed; splits fixed,,100,100,[20],0.001,0.0001,4,"[30, 30]",60,0.01,0.001,crime/seed123/shift75/erm_socio4,,,,,,,,,,,,,,,,
crime,123,shift75,erm,,,,socio6,,False,model seed = shard seed; splits fixed,,100,100,[20],0.001,0.0001,4,"[30, 30]",60,0.01,0.001,crime/seed123/shift75/erm_socio6,,,,,,,,,,,,,,,,
crime,123,shift75,fnf,categorical,,0.02,socio4,100,False,model seed = shard seed; splits fixed,1,100,100,[20],0.001,0.0001,4,"[30, 30]",60,0.01,0.001,crime/seed123/shift75/fnf_socio4_gamma0.02_made100,,,,,,,,,,,,,,,,
crime,123,shift75,fnf,categorical,,0.02,socio4,50,False,model seed = shard seed; splits fixed,1,100,100,[20],0.001,0.0001,4,"[30, 30]",60,0.01,0.001,crime/seed123/shift75/fnf_socio4_gamma0.02_made50,,,,,,,,,,,,,,,,
crime,123,shift75,fnf,categorical,,0.1,socio4,100,False,model seed = shard seed; splits fixed,1,100,100,[20],0.001,0.0001,4,"[30, 30]",60,0.01,0.001,crime/seed123/shift75/fnf_socio4_gamma0.1_made100,,,,,,,,,,,,,,,,
crime,123,shift75,fnf,categorical,,0.1,socio4,50,False,model seed = shard seed; splits fixed,1,100,100,[20],0.001,0.0001,4,"[30, 30]",60,0.01,0.001,crime/seed123/shift75/fnf_socio4_gamma0.1_made50,,,,,,,,,,,,,,,,
crime,123,shift75,fnf,categorical,,0.2,socio4,100,False,model seed = shard seed; splits fixed,1,100,100,[20],0.001,0.0001,4,"[30, 30]",60,0.01,0.001,crime/seed123/shift75/fnf_socio4_gamma0.2_made100,,,,,,,,,,,,,,,,
crime,123,shift75,fnf,categorical,,0.2,socio4,50,False,model seed = shard seed; splits fixed,1,100,100,[20],0.001,0.0001,4,"[30, 30]",60,0.01,0.001,crime/seed123/shift75/fnf_socio4_gamma0.2_made50,,,,,,,,,,,,,,,,
crime,123,shift75,fnf,categorical,,0.5,socio4,100,False,model seed = shard seed; splits fixed,1,100,100,[20],0.001,0.0001,4,"[30, 30]",60,0.01,0.001,crime/seed123/shift75/fnf_socio4_gamma0.5_made100,,,,,,,,,,,,,,,,
crime,123,shift75,fnf,categorical,,0.5,socio4,50,False,model seed = shard seed; splits fixed,1,100,100,[20],0.001,0.0001,4,"[30, 30]",60,0.01,0.001,crime/seed123/shift75/fnf_socio4_gamma0.5_made50,,,,,,,,,,,,,,,,
crime,123,shift75,fnf,categorical,,0.9,socio4,100,False,model seed = shard seed; splits fixed,1,100,100,[20],0.001,0.0001,4,"[30, 30]",60,0.01,0.001,crime/seed123/shift75/fnf_socio4_gamma0.9_made100,,,,,,,,,,,,,,,,
crime,123,shift75,fnf,categorical,,0.9,socio4,50,False,model seed = shard seed; splits fixed,1,100,100,[20],0.001,0.0001,4,"[30, 30]",60,0.01,0.001,crime/seed123/shift75/fnf_socio4_gamma0.9_made50,,,,,,,,,,,,,,,,
crime,123,shift75,fnf,categorical,,0.0,socio4,100,False,model seed = shard seed; splits fixed,1,100,100,[20],0.001,0.0001,4,"[30, 30]",60,0.01,0.001,crime/seed123/shift75/fnf_socio4_gamma0_made100,,,,,,,,,,,,,,,,
crime,123,shift75,fnf,categorical,,0.0,socio4,50,False,model seed = shard seed; splits fixed,1,100,100,[20],0.001,0.0001,4,"[30, 30]",60,0.01,0.001,crime/seed123/shift75/fnf_socio4_gamma0_made50,,,,,,,,,,,,,,,,
crime,123,shift75,fnf,categorical,,1.0,socio4,100,False,model seed = shard seed; splits fixed,1,100,100,[20],0.001,0.0001,4,"[30, 30]",60,0.01,0.001,crime/seed123/shift75/fnf_socio4_gamma1_made100,,,,,,,,,,,,,,,,
crime,123,shift75,fnf,categorical,,1.0,socio4,50,False,model seed = shard seed; splits fixed,1,100,100,[20],0.001,0.0001,4,"[30, 30]",60,0.01,0.001,crime/seed123/shift75/fnf_socio4_gamma1_made50,,,,,,,,,,,,,,,,
crime,123,shift75,fnf,categorical,,0.02,socio6,100,False,model seed = shard seed; splits fixed,1,100,100,[20],0.001,0.0001,4,"[30, 30]",60,0.01,0.001,crime/seed123/shift75/fnf_socio6_gamma0.02_made100,,,,,,,,,,,,,,,,
crime,123,shift75,fnf,categorical,,0.02,socio6,50,False,model seed = shard seed; splits fixed,1,100,100,[20],0.001,0.0001,4,"[30, 30]",60,0.01,0.001,crime/seed123/shift75/fnf_socio6_gamma0.02_made50,,,,,,,,,,,,,,,,
crime,123,shift75,fnf,categorical,,0.1,socio6,100,False,model seed = shard seed; splits fixed,1,100,100,[20],0.001,0.0001,4,"[30, 30]",60,0.01,0.001,crime/seed123/shift75/fnf_socio6_gamma0.1_made100,,,,,,,,,,,,,,,,
crime,123,shift75,fnf,categorical,,0.1,socio6,50,False,model seed = shard seed; splits fixed,1,100,100,[20],0.001,0.0001,4,"[30, 30]",60,0.01,0.001,crime/seed123/shift75/fnf_socio6_gamma0.1_made50,,,,,,,,,,,,,,,,
crime,123,shift75,fnf,categorical,,0.2,socio6,100,False,model seed = shard seed; splits fixed,1,100,100,[20],0.001,0.0001,4,"[30, 30]",60,0.01,0.001,crime/seed123/shift75/fnf_socio6_gamma0.2_made100,,,,,,,,,,,,,,,,
crime,123,shift75,fnf,categorical,,0.2,socio6,50,False,model seed = shard seed; splits fixed,1,100,100,[20],0.001,0.0001,4,"[30, 30]",60,0.01,0.001,crime/seed123/shift75/fnf_socio6_gamma0.2_made50,,,,,,,,,,,,,,,,
crime,123,shift75,fnf,categorical,,0.5,socio6,100,False,model seed = shard seed; splits fixed,1,100,100,[20],0.001,0.0001,4,"[30, 30]",60,0.01,0.001,crime/seed123/shift75/fnf_socio6_gamma0.5_made100,,,,,,,,,,,,,,,,
crime,123,shift75,fnf,categorical,,0.5,socio6,50,False,model seed = shard seed; splits fixed,1,100,100,[20],0.001,0.0001,4,"[30, 30]",60,0.01,0.001,crime/seed123/shift75/fnf_socio6_gamma0.5_made50,,,,,,,,,,,,,,,,
crime,123,shift75,fnf,categorical,,0.9,socio6,100,False,model seed = shard seed; splits fixed,1,100,100,[20],0.001,0.0001,4,"[30, 30]",60,0.01,0.001,crime/seed123/shift75/fnf_socio6_gamma0.9_made100,,,,,,,,,,,,,,,,
crime,123,shift75,fnf,categorical,,0.9,socio6,50,False,model seed = shard seed; splits fixed,1,100,100,[20],0.001,0.0001,4,"[30, 30]",60,0.01,0.001,crime/seed123/shift75/fnf_socio6_gamma0.9_made50,,,,,,,,,,,,,,,,
crime,123,shift75,fnf,categorical,,0.0,socio6,100,False,model seed = shard seed; splits fixed,1,100,100,[20],0.001,0.0001,4,"[30, 30]",60,0.01,0.001,crime/seed123/shift75/fnf_socio6_gamma0_made100,,,,,,,,,,,,,,,,
crime,123,shift75,fnf,categorical,,0.0,socio6,50,False,model seed = shard seed; splits fixed,1,100,100,[20],0.001,0.0001,4,"[30, 30]",60,0.01,0.001,crime/seed123/shift75/fnf_socio6_gamma0_made50,,,,,,,,,,,,,,,,
crime,123,shift75,fnf,categorical,,1.0,socio6,100,False,model seed = shard seed; splits fixed,1,100,100,[20],0.001,0.0001,4,"[30, 30]",60,0.01,0.001,crime/seed123/shift75/fnf_socio6_gamma1_made100,,,,,,,,,,,,,,,,
crime,123,shift75,fnf,categorical,,1.0,socio6,50,False,model seed = shard seed; splits fixed,1,100,100,[20],0.001,0.0001,4,"[30, 30]",60,0.01,0.001,crime/seed123/shift75/fnf_socio6_gamma1_made50,,,,,,,,,,,,,,,,
crime,42,equalized,fnf,categorical_conditional,y,0.5,socio4,50,False,model seed = shard seed; splits fixed,,100,100,[20],0.001,0.0001,4,"[30, 30]",60,0.01,0.001,crime/seed42/equalized/cfnf_socio4_cond-y_gamma0.5_made50,,,,,,,,,,,,,,,,
crime,42,equalized,fnf,categorical_conditional,y,1.0,socio4,50,False,model seed = shard seed; splits fixed,,100,100,[20],0.001,0.0001,4,"[30, 30]",60,0.01,0.001,crime/seed42/equalized/cfnf_socio4_cond-y_gamma1_made50,,,,,,,,,,,,,,,,
crime,42,equalized,fnf,categorical_conditional,yhat,0.5,socio4,50,False,model seed = shard seed; splits fixed,,100,100,[20],0.001,0.0001,4,"[30, 30]",60,0.01,0.001,crime/seed42/equalized/cfnf_socio4_cond-yhat_gamma0.5_made50,,,,,,,,,,,,,,,,
crime,42,equalized,fnf,categorical_conditional,yhat,1.0,socio4,50,False,model seed = shard seed; splits fixed,,100,100,[20],0.001,0.0001,4,"[30, 30]",60,0.01,0.001,crime/seed42/equalized/cfnf_socio4_cond-yhat_gamma1_made50,,,,,,,,,,,,,,,,
crime,42,equalized,erm,,,,socio4,,False,model seed = shard seed; splits fixed,,100,100,[20],0.001,0.0001,4,"[30, 30]",60,0.01,0.001,crime/seed42/equalized/erm_socio4,,,,,,,,,,,,,,,,
crime,42,equalized,erm,,,,socio6,,False,model seed = shard seed; splits fixed,,100,100,[20],0.001,0.0001,4,"[30, 30]",60,0.01,0.001,crime/seed42/equalized/erm_socio6,,,,,,,,,,,,,,,,
crime,42,equalized,fnf,categorical,,0.02,socio4,100,False,model seed = shard seed; splits fixed,1,100,100,[20],0.001,0.0001,4,"[30, 30]",60,0.01,0.001,crime/seed42/equalized/fnf_socio4_gamma0.02_made100,,,,,,,,,,,,,,,,
crime,42,equalized,fnf,categorical,,0.02,socio4,50,False,model seed = shard seed; splits fixed,1,100,100,[20],0.001,0.0001,4,"[30, 30]",60,0.01,0.001,crime/seed42/equalized/fnf_socio4_gamma0.02_made50,,,,,,,,,,,,,,,,
crime,42,equalized,fnf,categorical,,0.1,socio4,100,False,model seed = shard seed; splits fixed,1,100,100,[20],0.001,0.0001,4,"[30, 30]",60,0.01,0.001,crime/seed42/equalized/fnf_socio4_gamma0.1_made100,,,,,,,,,,,,,,,,
crime,42,equalized,fnf,categorical,,0.1,socio4,50,False,model seed = shard seed; splits fixed,1,100,100,[20],0.001,0.0001,4,"[30, 30]",60,0.01,0.001,crime/seed42/equalized/fnf_socio4_gamma0.1_made50,,,,,,,,,,,,,,,,
crime,42,equalized,fnf,categorical,,0.2,socio4,100,False,model seed = shard seed; splits fixed,1,100,100,[20],0.001,0.0001,4,"[30, 30]",60,0.01,0.001,crime/seed42/equalized/fnf_socio4_gamma0.2_made100,,,,,,,,,,,,,,,,
crime,42,equalized,fnf,categorical,,0.2,socio4,50,False,model seed = shard seed; splits fixed,1,100,100,[20],0.001,0.0001,4,"[30, 30]",60,0.01,0.001,crime/seed42/equalized/fnf_socio4_gamma0.2_made50,,,,,,,,,,,,,,,,
crime,42,equalized,fnf,categorical,,0.5,socio4,100,False,model seed = shard seed; splits fixed,1,100,100,[20],0.001,0.0001,4,"[30, 30]",60,0.01,0.001,crime/seed42/equalized/fnf_socio4_gamma0.5_made100,,,,,,,,,,,,,,,,
crime,42,equalized,fnf,categorical,,0.5,socio4,50,False,model seed = shard seed; splits fixed,1,100,100,[20],0.001,0.0001,4,"[30, 30]",60,0.01,0.001,crime/seed42/equalized/fnf_socio4_gamma0.5_made50,,,,,,,,,,,,,,,,
crime,42,equalized,fnf,categorical,,0.9,socio4,100,False,model seed = shard seed; splits fixed,1,100,100,[20],0.001,0.0001,4,"[30, 30]",60,0.01,0.001,crime/seed42/equalized/fnf_socio4_gamma0.9_made100,,,,,,,,,,,,,,,,
crime,42,equalized,fnf,categorical,,0.9,socio4,50,False,model seed = shard seed; splits fixed,1,100,100,[20],0.001,0.0001,4,"[30, 30]",60,0.01,0.001,crime/seed42/equalized/fnf_socio4_gamma0.9_made50,,,,,,,,,,,,,,,,
crime,42,equalized,fnf,categorical,,0.0,socio4,100,False,model seed = shard seed; splits fixed,1,100,100,[20],0.001,0.0001,4,"[30, 30]",60,0.01,0.001,crime/seed42/equalized/fnf_socio4_gamma0_made100,,,,,,,,,,,,,,,,
crime,42,equalized,fnf,categorical,,0.0,socio4,50,False,model seed = shard seed; splits fixed,1,100,100,[20],0.001,0.0001,4,"[30, 30]",60,0.01,0.001,crime/seed42/equalized/fnf_socio4_gamma0_made50,,,,,,,,,,,,,,,,
crime,42,equalized,fnf,categorical,,1.0,socio4,100,False,model seed = shard seed; splits fixed,1,100,100,[20],0.001,0.0001,4,"[30, 30]",60,0.01,0.001,crime/seed42/equalized/fnf_socio4_gamma1_made100,,,,,,,,,,,,,,,,
crime,42,equalized,fnf,categorical,,1.0,socio4,50,False,model seed = shard seed; splits fixed,1,100,100,[20],0.001,0.0001,4,"[30, 30]",60,0.01,0.001,crime/seed42/equalized/fnf_socio4_gamma1_made50,,,,,,,,,,,,,,,,
crime,42,equalized,fnf,categorical,,0.02,socio6,100,False,model seed = shard seed; splits fixed,1,100,100,[20],0.001,0.0001,4,"[30, 30]",60,0.01,0.001,crime/seed42/equalized/fnf_socio6_gamma0.02_made100,,,,,,,,,,,,,,,,
crime,42,equalized,fnf,categorical,,0.02,socio6,50,False,model seed = shard seed; splits fixed,1,100,100,[20],0.001,0.0001,4,"[30, 30]",60,0.01,0.001,crime/seed42/equalized/fnf_socio6_gamma0.02_made50,,,,,,,,,,,,,,,,
crime,42,equalized,fnf,categorical,,0.1,socio6,100,False,model seed = shard seed; splits fixed,1,100,100,[20],0.001,0.0001,4,"[30, 30]",60,0.01,0.001,crime/seed42/equalized/fnf_socio6_gamma0.1_made100,,,,,,,,,,,,,,,,
crime,42,equalized,fnf,categorical,,0.1,socio6,50,False,model seed = shard seed; splits fixed,1,100,100,[20],0.001,0.0001,4,"[30, 30]",60,0.01,0.001,crime/seed42/equalized/fnf_socio6_gamma0.1_made50,,,,,,,,,,,,,,,,
crime,42,equalized,fnf,categorical,,0.2,socio6,100,False,model seed = shard seed; splits fixed,1,100,100,[20],0.001,0.0001,4,"[30, 30]",60,0.01,0.001,crime/seed42/equalized/fnf_socio6_gamma0.2_made100,,,,,,,,,,,,,,,,
crime,42,equalized,fnf,categorical,,0.2,socio6,50,False,model seed = shard seed; splits fixed,1,100,100,[20],0.001,0.0001,4,"[30, 30]",60,0.01,0.001,crime/seed42/equalized/fnf_socio6_gamma0.2_made50,,,,,,,,,,,,,,,,
crime,42,equalized,fnf,categorical,,0.5,socio6,100,False,model seed = shard seed; splits fixed,1,100,100,[20],0.001,0.0001,4,"[30, 30]",60,0.01,0.001,crime/seed42/equalized/fnf_socio6_gamma0.5_made100,,,,,,,,,,,,,,,,
crime,42,equalized,fnf,categorical,,0.5,socio6,50,False,model seed = shard seed; splits fixed,1,100,100,[20],0.001,0.0001,4,"[30, 30]",60,0.01,0.001,crime/seed42/equalized/fnf_socio6_gamma0.5_made50,,,,,,,,,,,,,,,,
crime,42,equalized,fnf,categorical,,0.9,socio6,100,False,model seed = shard seed; splits fixed,1,100,100,[20],0.001,0.0001,4,"[30, 30]",60,0.01,0.001,crime/seed42/equalized/fnf_socio6_gamma0.9_made100,,,,,,,,,,,,,,,,
crime,42,equalized,fnf,categorical,,0.9,socio6,50,False,model seed = shard seed; splits fixed,1,100,100,[20],0.001,0.0001,4,"[30, 30]",60,0.01,0.001,crime/seed42/equalized/fnf_socio6_gamma0.9_made50,,,,,,,,,,,,,,,,
crime,42,equalized,fnf,categorical,,0.0,socio6,100,False,model seed = shard seed; splits fixed,1,100,100,[20],0.001,0.0001,4,"[30, 30]",60,0.01,0.001,crime/seed42/equalized/fnf_socio6_gamma0_made100,,,,,,,,,,,,,,,,
crime,42,equalized,fnf,categorical,,0.0,socio6,50,False,model seed = shard seed; splits fixed,1,100,100,[20],0.001,0.0001,4,"[30, 30]",60,0.01,0.001,crime/seed42/equalized/fnf_socio6_gamma0_made50,,,,,,,,,,,,,,,,
crime,42,equalized,fnf,categorical,,1.0,socio6,100,False,model seed = shard seed; splits fixed,1,100,100,[20],0.001,0.0001,4,"[30, 30]",60,0.01,0.001,crime/seed42/equalized/fnf_socio6_gamma1_made100,,,,,,,,,,,,,,,,
crime,42,equalized,fnf,categorical,,1.0,socio6,50,False,model seed = shard seed; splits fixed,1,100,100,[20],0.001,0.0001,4,"[30, 30]",60,0.01,0.001,crime/seed42/equalized/fnf_socio6_gamma1_made50,,,,,,,,,,,,,,,,
crime,42,natural,fnf,categorical_conditional,y,0.5,socio4,50,False,model seed = shard seed; splits fixed,,100,100,[20],0.001,0.0001,4,"[30, 30]",60,0.01,0.001,crime/seed42/natural/cfnf_socio4_cond-y_gamma0.5_made50,,,,,,,,,,,,,,,,
crime,42,natural,fnf,categorical_conditional,y,1.0,socio4,50,False,model seed = shard seed; splits fixed,,100,100,[20],0.001,0.0001,4,"[30, 30]",60,0.01,0.001,crime/seed42/natural/cfnf_socio4_cond-y_gamma1_made50,,,,,,,,,,,,,,,,
crime,42,natural,fnf,categorical_conditional,yhat,0.5,socio4,50,False,model seed = shard seed; splits fixed,,100,100,[20],0.001,0.0001,4,"[30, 30]",60,0.01,0.001,crime/seed42/natural/cfnf_socio4_cond-yhat_gamma0.5_made50,,,,,,,,,,,,,,,,
crime,42,natural,fnf,categorical_conditional,yhat,1.0,socio4,50,False,model seed = shard seed; splits fixed,,100,100,[20],0.001,0.0001,4,"[30, 30]",60,0.01,0.001,crime/seed42/natural/cfnf_socio4_cond-yhat_gamma1_made50,,,,,,,,,,,,,,,,
crime,42,natural,erm,,,,socio4,,False,model seed = shard seed; splits fixed,,100,100,[20],0.001,0.0001,4,"[30, 30]",60,0.01,0.001,crime/seed42/natural/erm_socio4,,,,,,,,,,,,,,,,
crime,42,natural,erm,,,,socio6,,False,model seed = shard seed; splits fixed,,100,100,[20],0.001,0.0001,4,"[30, 30]",60,0.01,0.001,crime/seed42/natural/erm_socio6,,,,,,,,,,,,,,,,
crime,42,natural,fnf,categorical,,0.02,socio4,100,False,model seed = shard seed; splits fixed,1,100,100,[20],0.001,0.0001,4,"[30, 30]",60,0.01,0.001,crime/seed42/natural/fnf_socio4_gamma0.02_made100,,,,,,,,,,,,,,,,
crime,42,natural,fnf,categorical,,0.02,socio4,50,False,model seed = shard seed; splits fixed,1,100,100,[20],0.001,0.0001,4,"[30, 30]",60,0.01,0.001,crime/seed42/natural/fnf_socio4_gamma0.02_made50,,,,,,,,,,,,,,,,
crime,42,natural,fnf,categorical,,0.1,socio4,100,False,model seed = shard seed; splits fixed,1,100,100,[20],0.001,0.0001,4,"[30, 30]",60,0.01,0.001,crime/seed42/natural/fnf_socio4_gamma0.1_made100,,,,,,,,,,,,,,,,
crime,42,natural,fnf,categorical,,0.1,socio4,50,False,model seed = shard seed; splits fixed,1,100,100,[20],0.001,0.0001,4,"[30, 30]",60,0.01,0.001,crime/seed42/natural/fnf_socio4_gamma0.1_made50,,,,,,,,,,,,,,,,
crime,42,natural,fnf,categorical,,0.2,socio4,100,False,model seed = shard seed; splits fixed,1,100,100,[20],0.001,0.0001,4,"[30, 30]",60,0.01,0.001,crime/seed42/natural/fnf_socio4_gamma0.2_made100,,,,,,,,,,,,,,,,
crime,42,natural,fnf,categorical,,0.2,socio4,50,False,model seed = shard seed; splits fixed,1,100,100,[20],0.001,0.0001,4,"[30, 30]",60,0.01,0.001,crime/seed42/natural/fnf_socio4_gamma0.2_made50,,,,,,,,,,,,,,,,
crime,42,natural,fnf,categorical,,0.5,socio4,100,False,model seed = shard seed; splits fixed,1,100,100,[20],0.001,0.0001,4,"[30, 30]",60,0.01,0.001,crime/seed42/natural/fnf_socio4_gamma0.5_made100,,,,,,,,,,,,,,,,
crime,42,natural,fnf,categorical,,0.5,socio4,50,False,model seed = shard seed; splits fixed,1,100,100,[20],0.001,0.0001,4,"[30, 30]",60,0.01,0.001,crime/seed42/natural/fnf_socio4_gamma0.5_made50,,,,,,,,,,,,,,,,
crime,42,natural,fnf,categorical,,0.9,socio4,100,False,model seed = shard seed; splits fixed,1,100,100,[20],0.001,0.0001,4,"[30, 30]",60,0.01,0.001,crime/seed42/natural/fnf_socio4_gamma0.9_made100,,,,,,,,,,,,,,,,
crime,42,natural,fnf,categorical,,0.9,socio4,50,False,model seed = shard seed; splits fixed,1,100,100,[20],0.001,0.0001,4,"[30, 30]",60,0.01,0.001,crime/seed42/natural/fnf_socio4_gamma0.9_made50,,,,,,,,,,,,,,,,
crime,42,natural,fnf,categorical,,0.0,socio4,100,False,model seed = shard seed; splits fixed,1,100,100,[20],0.001,0.0001,4,"[30, 30]",60,0.01,0.001,crime/seed42/natural/fnf_socio4_gamma0_made100,,,,,,,,,,,,,,,,
crime,42,natural,fnf,categorical,,0.0,socio4,50,False,model seed = shard seed; splits fixed,1,100,100,[20],0.001,0.0001,4,"[30, 30]",60,0.01,0.001,crime/seed42/natural/fnf_socio4_gamma0_made50,,,,,,,,,,,,,,,,
crime,42,natural,fnf,categorical,,1.0,socio4,100,False,model seed = shard seed; splits fixed,1,100,100,[20],0.001,0.0001,4,"[30, 30]",60,0.01,0.001,crime/seed42/natural/fnf_socio4_gamma1_made100,,,,,,,,,,,,,,,,
crime,42,natural,fnf,categorical,,1.0,socio4,50,False,model seed = shard seed; splits fixed,1,100,100,[20],0.001,0.0001,4,"[30, 30]",60,0.01,0.001,crime/seed42/natural/fnf_socio4_gamma1_made50,,,,,,,,,,,,,,,,
crime,42,natural,fnf,categorical,,0.02,socio6,100,False,model seed = shard seed; splits fixed,1,100,100,[20],0.001,0.0001,4,"[30, 30]",60,0.01,0.001,crime/seed42/natural/fnf_socio6_gamma0.02_made100,,,,,,,,,,,,,,,,
crime,42,natural,fnf,categorical,,0.02,socio6,50,False,model seed = shard seed; splits fixed,1,100,100,[20],0.001,0.0001,4,"[30, 30]",60,0.01,0.001,crime/seed42/natural/fnf_socio6_gamma0.02_made50,,,,,,,,,,,,,,,,
crime,42,natural,fnf,categorical,,0.1,socio6,100,False,model seed = shard seed; splits fixed,1,100,100,[20],0.001,0.0001,4,"[30, 30]",60,0.01,0.001,crime/seed42/natural/fnf_socio6_gamma0.1_made100,,,,,,,,,,,,,,,,
crime,42,natural,fnf,categorical,,0.1,socio6,50,False,model seed = shard seed; splits fixed,1,100,100,[20],0.001,0.0001,4,"[30, 30]",60,0.01,0.001,crime/seed42/natural/fnf_socio6_gamma0.1_made50,,,,,,,,,,,,,,,,
crime,42,natural,fnf,categorical,,0.2,socio6,100,False,model seed = shard seed; splits fixed,1,100,100,[20],0.001,0.0001,4,"[30, 30]",60,0.01,0.001,crime/seed42/natural/fnf_socio6_gamma0.2_made100,,,,,,,,,,,,,,,,
crime,42,natural,fnf,categorical,,0.2,socio6,50,False,model seed = shard seed; splits fixed,1,100,100,[20],0.001,0.0001,4,"[30, 30]",60,0.01,0.001,crime/seed42/natural/fnf_socio6_gamma0.2_made50,,,,,,,,,,,,,,,,
crime,42,natural,fnf,categorical,,0.5,socio6,100,False,model seed = shard seed; splits fixed,1,100,100,[20],0.001,0.0001,4,"[30, 30]",60,0.01,0.001,crime/seed42/natural/fnf_socio6_gamma0.5_made100,,,,,,,,,,,,,,,,
crime,42,natural,fnf,categorical,,0.5,socio6,50,False,model seed = shard seed; splits fixed,1,100,100,[20],0.001,0.0001,4,"[30, 30]",60,0.01,0.001,crime/seed42/natural/fnf_socio6_gamma0.5_made50,,,,,,,,,,,,,,,,
crime,42,natural,fnf,categorical,,0.9,socio6,100,False,model seed = shard seed; splits fixed,1,100,100,[20],0.001,0.0001,4,"[30, 30]",60,0.01,0.001,crime/seed42/natural/fnf_socio6_gamma0.9_made100,,,,,,,,,,,,,,,,
crime,42,natural,fnf,categorical,,0.9,socio6,50,False,model seed = shard seed; splits fixed,1,100,100,[20],0.001,0.0001,4,"[30, 30]",60,0.01,0.001,crime/seed42/natural/fnf_socio6_gamma0.9_made50,,,,,,,,,,,,,,,,
crime,42,natural,fnf,categorical,,0.0,socio6,100,False,model seed = shard seed; splits fixed,1,100,100,[20],0.001,0.0001,4,"[30, 30]",60,0.01,0.001,crime/seed42/natural/fnf_socio6_gamma0_made100,,,,,,,,,,,,,,,,
crime,42,natural,fnf,categorical,,0.0,socio6,50,False,model seed = shard seed; splits fixed,1,100,100,[20],0.001,0.0001,4,"[30, 30]",60,0.01,0.001,crime/seed42/natural/fnf_socio6_gamma0_made50,,,,,,,,,,,,,,,,
crime,42,natural,fnf,categorical,,1.0,socio6,100,False,model seed = shard seed; splits fixed,1,100,100,[20],0.001,0.0001,4,"[30, 30]",60,0.01,0.001,crime/seed42/natural/fnf_socio6_gamma1_made100,,,,,,,,,,,,,,,,
crime,42,natural,fnf,categorical,,1.0,socio6,50,False,model seed = shard seed; splits fixed,1,100,100,[20],0.001,0.0001,4,"[30, 30]",60,0.01,0.001,crime/seed42/natural/fnf_socio6_gamma1_made50,,,,,,,,,,,,,,,,
crime,42,shift50,fnf,categorical_conditional,y,0.5,socio4,50,False,model seed = shard seed; splits fixed,,100,100,[20],0.001,0.0001,4,"[30, 30]",60,0.01,0.001,crime/seed42/shift50/cfnf_socio4_cond-y_gamma0.5_made50,,,,,,,,,,,,,,,,
crime,42,shift50,fnf,categorical_conditional,y,1.0,socio4,50,False,model seed = shard seed; splits fixed,,100,100,[20],0.001,0.0001,4,"[30, 30]",60,0.01,0.001,crime/seed42/shift50/cfnf_socio4_cond-y_gamma1_made50,,,,,,,,,,,,,,,,
crime,42,shift50,fnf,categorical_conditional,yhat,0.5,socio4,50,False,model seed = shard seed; splits fixed,,100,100,[20],0.001,0.0001,4,"[30, 30]",60,0.01,0.001,crime/seed42/shift50/cfnf_socio4_cond-yhat_gamma0.5_made50,,,,,,,,,,,,,,,,
crime,42,shift50,fnf,categorical_conditional,yhat,1.0,socio4,50,False,model seed = shard seed; splits fixed,,100,100,[20],0.001,0.0001,4,"[30, 30]",60,0.01,0.001,crime/seed42/shift50/cfnf_socio4_cond-yhat_gamma1_made50,,,,,,,,,,,,,,,,
crime,42,shift50,erm,,,,socio4,,False,model seed = shard seed; splits fixed,,100,100,[20],0.001,0.0001,4,"[30, 30]",60,0.01,0.001,crime/seed42/shift50/erm_socio4,,,,,,,,,,,,,,,,
crime,42,shift50,erm,,,,socio6,,False,model seed = shard seed; splits fixed,,100,100,[20],0.001,0.0001,4,"[30, 30]",60,0.01,0.001,crime/seed42/shift50/erm_socio6,,,,,,,,,,,,,,,,
crime,42,shift50,fnf,categorical,,0.02,socio4,100,False,model seed = shard seed; splits fixed,1,100,100,[20],0.001,0.0001,4,"[30, 30]",60,0.01,0.001,crime/seed42/shift50/fnf_socio4_gamma0.02_made100,,,,,,,,,,,,,,,,
crime,42,shift50,fnf,categorical,,0.02,socio4,50,False,model seed = shard seed; splits fixed,1,100,100,[20],0.001,0.0001,4,"[30, 30]",60,0.01,0.001,crime/seed42/shift50/fnf_socio4_gamma0.02_made50,,,,,,,,,,,,,,,,
crime,42,shift50,fnf,categorical,,0.1,socio4,100,False,model seed = shard seed; splits fixed,1,100,100,[20],0.001,0.0001,4,"[30, 30]",60,0.01,0.001,crime/seed42/shift50/fnf_socio4_gamma0.1_made100,,,,,,,,,,,,,,,,
crime,42,shift50,fnf,categorical,,0.1,socio4,50,False,model seed = shard seed; splits fixed,1,100,100,[20],0.001,0.0001,4,"[30, 30]",60,0.01,0.001,crime/seed42/shift50/fnf_socio4_gamma0.1_made50,,,,,,,,,,,,,,,,
crime,42,shift50,fnf,categorical,,0.2,socio4,100,False,model seed = shard seed; splits fixed,1,100,100,[20],0.001,0.0001,4,"[30, 30]",60,0.01,0.001,crime/seed42/shift50/fnf_socio4_gamma0.2_made100,,,,,,,,,,,,,,,,
crime,42,shift50,fnf,categorical,,0.2,socio4,50,False,model seed = shard seed; splits fixed,1,100,100,[20],0.001,0.0001,4,"[30, 30]",60,0.01,0.001,crime/seed42/shift50/fnf_socio4_gamma0.2_made50,,,,,,,,,,,,,,,,
crime,42,shift50,fnf,categorical,,0.5,socio4,100,False,model seed = shard seed; splits fixed,1,100,100,[20],0.001,0.0001,4,"[30, 30]",60,0.01,0.001,crime/seed42/shift50/fnf_socio4_gamma0.5_made100,,,,,,,,,,,,,,,,
crime,42,shift50,fnf,categorical,,0.5,socio4,50,False,model seed = shard seed; splits fixed,1,100,100,[20],0.001,0.0001,4,"[30, 30]",60,0.01,0.001,crime/seed42/shift50/fnf_socio4_gamma0.5_made50,,,,,,,,,,,,,,,,
crime,42,shift50,fnf,categorical,,0.9,socio4,100,False,model seed = shard seed; splits fixed,1,100,100,[20],0.001,0.0001,4,"[30, 30]",60,0.01,0.001,crime/seed42/shift50/fnf_socio4_gamma0.9_made100,,,,,,,,,,,,,,,,
crime,42,shift50,fnf,categorical,,0.9,socio4,50,False,model seed = shard seed; splits fixed,1,100,100,[20],0.001,0.0001,4,"[30, 30]",60,0.01,0.001,crime/seed42/shift50/fnf_socio4_gamma0.9_made50,,,,,,,,,,,,,,,,
crime,42,shift50,fnf,categorical,,0.0,socio4,100,False,model seed = shard seed; splits fixed,1,100,100,[20],0.001,0.0001,4,"[30, 30]",60,0.01,0.001,crime/seed42/shift50/fnf_socio4_gamma0_made100,,,,,,,,,,,,,,,,
crime,42,shift50,fnf,categorical,,0.0,socio4,50,False,model seed = shard seed; splits fixed,1,100,100,[20],0.001,0.0001,4,"[30, 30]",60,0.01,0.001,crime/seed42/shift50/fnf_socio4_gamma0_made50,,,,,,,,,,,,,,,,
crime,42,shift50,fnf,categorical,,1.0,socio4,100,False,model seed = shard seed; splits fixed,1,100,100,[20],0.001,0.0001,4,"[30, 30]",60,0.01,0.001,crime/seed42/shift50/fnf_socio4_gamma1_made100,,,,,,,,,,,,,,,,
crime,42,shift50,fnf,categorical,,1.0,socio4,50,False,model seed = shard seed; splits fixed,1,100,100,[20],0.001,0.0001,4,"[30, 30]",60,0.01,0.001,crime/seed42/shift50/fnf_socio4_gamma1_made50,,,,,,,,,,,,,,,,
crime,42,shift50,fnf,categorical,,0.02,socio6,100,False,model seed = shard seed; splits fixed,1,100,100,[20],0.001,0.0001,4,"[30, 30]",60,0.01,0.001,crime/seed42/shift50/fnf_socio6_gamma0.02_made100,,,,,,,,,,,,,,,,
crime,42,shift50,fnf,categorical,,0.02,socio6,50,False,model seed = shard seed; splits fixed,1,100,100,[20],0.001,0.0001,4,"[30, 30]",60,0.01,0.001,crime/seed42/shift50/fnf_socio6_gamma0.02_made50,,,,,,,,,,,,,,,,
crime,42,shift50,fnf,categorical,,0.1,socio6,100,False,model seed = shard seed; splits fixed,1,100,100,[20],0.001,0.0001,4,"[30, 30]",60,0.01,0.001,crime/seed42/shift50/fnf_socio6_gamma0.1_made100,,,,,,,,,,,,,,,,
crime,42,shift50,fnf,categorical,,0.1,socio6,50,False,model seed = shard seed; splits fixed,1,100,100,[20],0.001,0.0001,4,"[30, 30]",60,0.01,0.001,crime/seed42/shift50/fnf_socio6_gamma0.1_made50,,,,,,,,,,,,,,,,
crime,42,shift50,fnf,categorical,,0.2,socio6,100,False,model seed = shard seed; splits fixed,1,100,100,[20],0.001,0.0001,4,"[30, 30]",60,0.01,0.001,crime/seed42/shift50/fnf_socio6_gamma0.2_made100,,,,,,,,,,,,,,,,
crime,42,shift50,fnf,categorical,,0.2,socio6,50,False,model seed = shard seed; splits fixed,1,100,100,[20],0.001,0.0001,4,"[30, 30]",60,0.01,0.001,crime/seed42/shift50/fnf_socio6_gamma0.2_made50,,,,,,,,,,,,,,,,
crime,42,shift50,fnf,categorical,,0.5,socio6,100,False,model seed = shard seed; splits fixed,1,100,100,[20],0.001,0.0001,4,"[30, 30]",60,0.01,0.001,crime/seed42/shift50/fnf_socio6_gamma0.5_made100,,,,,,,,,,,,,,,,
crime,42,shift50,fnf,categorical,,0.5,socio6,50,False,model seed = shard seed; splits fixed,1,100,100,[20],0.001,0.0001,4,"[30, 30]",60,0.01,0.001,crime/seed42/shift50/fnf_socio6_gamma0.5_made50,,,,,,,,,,,,,,,,
crime,42,shift50,fnf,categorical,,0.9,socio6,100,False,model seed = shard seed; splits fixed,1,100,100,[20],0.001,0.0001,4,"[30, 30]",60,0.01,0.001,crime/seed42/shift50/fnf_socio6_gamma0.9_made100,,,,,,,,,,,,,,,,
crime,42,shift50,fnf,categorical,,0.9,socio6,50,False,model seed = shard seed; splits fixed,1,100,100,[20],0.001,0.0001,4,"[30, 30]",60,0.01,0.001,crime/seed42/shift50/fnf_socio6_gamma0.9_made50,,,,,,,,,,,,,,,,
crime,42,shift50,fnf,categorical,,0.0,socio6,100,False,model seed = shard seed; splits fixed,1,100,100,[20],0.001,0.0001,4,"[30, 30]",60,0.01,0.001,crime/seed42/shift50/fnf_socio6_gamma0_made100,,,,,,,,,,,,,,,,
crime,42,shift50,fnf,categorical,,0.0,socio6,50,False,model seed = shard seed; splits fixed,1,100,100,[20],0.001,0.0001,4,"[30, 30]",60,0.01,0.001,crime/seed42/shift50/fnf_socio6_gamma0_made50,,,,,,,,,,,,,,,,
crime,42,shift50,fnf,categorical,,1.0,socio6,100,False,model seed = shard seed; splits fixed,1,100,100,[20],0.001,0.0001,4,"[30, 30]",60,0.01,0.001,crime/seed42/shift50/fnf_socio6_gamma1_made100,,,,,,,,,,,,,,,,
crime,42,shift50,fnf,categorical,,1.0,socio6,50,False,model seed = shard seed; splits fixed,1,100,100,[20],0.001,0.0001,4,"[30, 30]",60,0.01,0.001,crime/seed42/shift50/fnf_socio6_gamma1_made50,,,,,,,,,,,,,,,,
crime,42,shift75,fnf,categorical_conditional,y,0.5,socio4,50,False,model seed = shard seed; splits fixed,,100,100,[20],0.001,0.0001,4,"[30, 30]",60,0.01,0.001,crime/seed42/shift75/cfnf_socio4_cond-y_gamma0.5_made50,,,,,,,,,,,,,,,,
crime,42,shift75,fnf,categorical_conditional,y,1.0,socio4,50,False,model seed = shard seed; splits fixed,,100,100,[20],0.001,0.0001,4,"[30, 30]",60,0.01,0.001,crime/seed42/shift75/cfnf_socio4_cond-y_gamma1_made50,,,,,,,,,,,,,,,,
crime,42,shift75,fnf,categorical_conditional,yhat,0.5,socio4,50,False,model seed = shard seed; splits fixed,,100,100,[20],0.001,0.0001,4,"[30, 30]",60,0.01,0.001,crime/seed42/shift75/cfnf_socio4_cond-yhat_gamma0.5_made50,,,,,,,,,,,,,,,,
crime,42,shift75,fnf,categorical_conditional,yhat,1.0,socio4,50,False,model seed = shard seed; splits fixed,,100,100,[20],0.001,0.0001,4,"[30, 30]",60,0.01,0.001,crime/seed42/shift75/cfnf_socio4_cond-yhat_gamma1_made50,,,,,,,,,,,,,,,,
crime,42,shift75,erm,,,,socio4,,False,model seed = shard seed; splits fixed,,100,100,[20],0.001,0.0001,4,"[30, 30]",60,0.01,0.001,crime/seed42/shift75/erm_socio4,,,,,,,,,,,,,,,,
crime,42,shift75,erm,,,,socio6,,False,model seed = shard seed; splits fixed,,100,100,[20],0.001,0.0001,4,"[30, 30]",60,0.01,0.001,crime/seed42/shift75/erm_socio6,,,,,,,,,,,,,,,,
crime,42,shift75,fnf,categorical,,0.02,socio4,100,False,model seed = shard seed; splits fixed,1,100,100,[20],0.001,0.0001,4,"[30, 30]",60,0.01,0.001,crime/seed42/shift75/fnf_socio4_gamma0.02_made100,,,,,,,,,,,,,,,,
crime,42,shift75,fnf,categorical,,0.02,socio4,50,False,model seed = shard seed; splits fixed,1,100,100,[20],0.001,0.0001,4,"[30, 30]",60,0.01,0.001,crime/seed42/shift75/fnf_socio4_gamma0.02_made50,,,,,,,,,,,,,,,,
crime,42,shift75,fnf,categorical,,0.1,socio4,100,False,model seed = shard seed; splits fixed,1,100,100,[20],0.001,0.0001,4,"[30, 30]",60,0.01,0.001,crime/seed42/shift75/fnf_socio4_gamma0.1_made100,,,,,,,,,,,,,,,,
crime,42,shift75,fnf,categorical,,0.1,socio4,50,False,model seed = shard seed; splits fixed,1,100,100,[20],0.001,0.0001,4,"[30, 30]",60,0.01,0.001,crime/seed42/shift75/fnf_socio4_gamma0.1_made50,,,,,,,,,,,,,,,,
crime,42,shift75,fnf,categorical,,0.2,socio4,100,False,model seed = shard seed; splits fixed,1,100,100,[20],0.001,0.0001,4,"[30, 30]",60,0.01,0.001,crime/seed42/shift75/fnf_socio4_gamma0.2_made100,,,,,,,,,,,,,,,,
crime,42,shift75,fnf,categorical,,0.2,socio4,50,False,model seed = shard seed; splits fixed,1,100,100,[20],0.001,0.0001,4,"[30, 30]",60,0.01,0.001,crime/seed42/shift75/fnf_socio4_gamma0.2_made50,,,,,,,,,,,,,,,,
crime,42,shift75,fnf,categorical,,0.5,socio4,100,False,model seed = shard seed; splits fixed,1,100,100,[20],0.001,0.0001,4,"[30, 30]",60,0.01,0.001,crime/seed42/shift75/fnf_socio4_gamma0.5_made100,,,,,,,,,,,,,,,,
crime,42,shift75,fnf,categorical,,0.5,socio4,50,False,model seed = shard seed; splits fixed,1,100,100,[20],0.001,0.0001,4,"[30, 30]",60,0.01,0.001,crime/seed42/shift75/fnf_socio4_gamma0.5_made50,,,,,,,,,,,,,,,,
crime,42,shift75,fnf,categorical,,0.9,socio4,100,False,model seed = shard seed; splits fixed,1,100,100,[20],0.001,0.0001,4,"[30, 30]",60,0.01,0.001,crime/seed42/shift75/fnf_socio4_gamma0.9_made100,,,,,,,,,,,,,,,,
crime,42,shift75,fnf,categorical,,0.9,socio4,50,False,model seed = shard seed; splits fixed,1,100,100,[20],0.001,0.0001,4,"[30, 30]",60,0.01,0.001,crime/seed42/shift75/fnf_socio4_gamma0.9_made50,,,,,,,,,,,,,,,,
crime,42,shift75,fnf,categorical,,0.0,socio4,100,False,model seed = shard seed; splits fixed,1,100,100,[20],0.001,0.0001,4,"[30, 30]",60,0.01,0.001,crime/seed42/shift75/fnf_socio4_gamma0_made100,,,,,,,,,,,,,,,,
crime,42,shift75,fnf,categorical,,0.0,socio4,50,False,model seed = shard seed; splits fixed,1,100,100,[20],0.001,0.0001,4,"[30, 30]",60,0.01,0.001,crime/seed42/shift75/fnf_socio4_gamma0_made50,,,,,,,,,,,,,,,,
crime,42,shift75,fnf,categorical,,1.0,socio4,100,False,model seed = shard seed; splits fixed,1,100,100,[20],0.001,0.0001,4,"[30, 30]",60,0.01,0.001,crime/seed42/shift75/fnf_socio4_gamma1_made100,,,,,,,,,,,,,,,,
crime,42,shift75,fnf,categorical,,1.0,socio4,50,False,model seed = shard seed; splits fixed,1,100,100,[20],0.001,0.0001,4,"[30, 30]",60,0.01,0.001,crime/seed42/shift75/fnf_socio4_gamma1_made50,,,,,,,,,,,,,,,,
crime,42,shift75,fnf,categorical,,0.02,socio6,100,False,model seed = shard seed; splits fixed,1,100,100,[20],0.001,0.0001,4,"[30, 30]",60,0.01,0.001,crime/seed42/shift75/fnf_socio6_gamma0.02_made100,,,,,,,,,,,,,,,,
crime,42,shift75,fnf,categorical,,0.02,socio6,50,False,model seed = shard seed; splits fixed,1,100,100,[20],0.001,0.0001,4,"[30, 30]",60,0.01,0.001,crime/seed42/shift75/fnf_socio6_gamma0.02_made50,,,,,,,,,,,,,,,,
crime,42,shift75,fnf,categorical,,0.1,socio6,100,False,model seed = shard seed; splits fixed,1,100,100,[20],0.001,0.0001,4,"[30, 30]",60,0.01,0.001,crime/seed42/shift75/fnf_socio6_gamma0.1_made100,,,,,,,,,,,,,,,,
crime,42,shift75,fnf,categorical,,0.1,socio6,50,False,model seed = shard seed; splits fixed,1,100,100,[20],0.001,0.0001,4,"[30, 30]",60,0.01,0.001,crime/seed42/shift75/fnf_socio6_gamma0.1_made50,,,,,,,,,,,,,,,,
crime,42,shift75,fnf,categorical,,0.2,socio6,100,False,model seed = shard seed; splits fixed,1,100,100,[20],0.001,0.0001,4,"[30, 30]",60,0.01,0.001,crime/seed42/shift75/fnf_socio6_gamma0.2_made100,,,,,,,,,,,,,,,,
crime,42,shift75,fnf,categorical,,0.2,socio6,50,False,model seed = shard seed; splits fixed,1,100,100,[20],0.001,0.0001,4,"[30, 30]",60,0.01,0.001,crime/seed42/shift75/fnf_socio6_gamma0.2_made50,,,,,,,,,,,,,,,,
crime,42,shift75,fnf,categorical,,0.5,socio6,100,False,model seed = shard seed; splits fixed,1,100,100,[20],0.001,0.0001,4,"[30, 30]",60,0.01,0.001,crime/seed42/shift75/fnf_socio6_gamma0.5_made100,,,,,,,,,,,,,,,,
crime,42,shift75,fnf,categorical,,0.5,socio6,50,False,model seed = shard seed; splits fixed,1,100,100,[20],0.001,0.0001,4,"[30, 30]",60,0.01,0.001,crime/seed42/shift75/fnf_socio6_gamma0.5_made50,,,,,,,,,,,,,,,,
crime,42,shift75,fnf,categorical,,0.9,socio6,100,False,model seed = shard seed; splits fixed,1,100,100,[20],0.001,0.0001,4,"[30, 30]",60,0.01,0.001,crime/seed42/shift75/fnf_socio6_gamma0.9_made100,,,,,,,,,,,,,,,,
crime,42,shift75,fnf,categorical,,0.9,socio6,50,False,model seed = shard seed; splits fixed,1,100,100,[20],0.001,0.0001,4,"[30, 30]",60,0.01,0.001,crime/seed42/shift75/fnf_socio6_gamma0.9_made50,,,,,,,,,,,,,,,,
crime,42,shift75,fnf,categorical,,0.0,socio6,100,False,model seed = shard seed; splits fixed,1,100,100,[20],0.001,0.0001,4,"[30, 30]",60,0.01,0.001,crime/seed42/shift75/fnf_socio6_gamma0_made100,,,,,,,,,,,,,,,,
crime,42,shift75,fnf,categorical,,0.0,socio6,50,False,model seed = shard seed; splits fixed,1,100,100,[20],0.001,0.0001,4,"[30, 30]",60,0.01,0.001,crime/seed42/shift75/fnf_socio6_gamma0_made50,,,,,,,,,,,,,,,,
crime,42,shift75,fnf,categorical,,1.0,socio6,100,False,model seed = shard seed; splits fixed,1,100,100,[20],0.001,0.0001,4,"[30, 30]",60,0.01,0.001,crime/seed42/shift75/fnf_socio6_gamma1_made100,,,,,,,,,,,,,,,,
crime,42,shift75,fnf,categorical,,1.0,socio6,50,False,model seed = shard seed; splits fixed,1,100,100,[20],0.001,0.0001,4,"[30, 30]",60,0.01,0.001,crime/seed42/shift75/fnf_socio6_gamma1_made50,,,,,,,,,,,,,,,,
crime,456,equalized,fnf,categorical_conditional,y,0.5,socio4,50,False,model seed = shard seed; splits fixed,,100,100,[20],0.001,0.0001,4,"[30, 30]",60,0.01,0.001,crime/seed456/equalized/cfnf_socio4_cond-y_gamma0.5_made50,,,,,,,,,,,,,,,,
crime,456,equalized,fnf,categorical_conditional,y,1.0,socio4,50,False,model seed = shard seed; splits fixed,,100,100,[20],0.001,0.0001,4,"[30, 30]",60,0.01,0.001,crime/seed456/equalized/cfnf_socio4_cond-y_gamma1_made50,,,,,,,,,,,,,,,,
crime,456,equalized,fnf,categorical_conditional,yhat,0.5,socio4,50,False,model seed = shard seed; splits fixed,,100,100,[20],0.001,0.0001,4,"[30, 30]",60,0.01,0.001,crime/seed456/equalized/cfnf_socio4_cond-yhat_gamma0.5_made50,,,,,,,,,,,,,,,,
crime,456,equalized,fnf,categorical_conditional,yhat,1.0,socio4,50,False,model seed = shard seed; splits fixed,,100,100,[20],0.001,0.0001,4,"[30, 30]",60,0.01,0.001,crime/seed456/equalized/cfnf_socio4_cond-yhat_gamma1_made50,,,,,,,,,,,,,,,,
crime,456,equalized,erm,,,,socio4,,False,model seed = shard seed; splits fixed,,100,100,[20],0.001,0.0001,4,"[30, 30]",60,0.01,0.001,crime/seed456/equalized/erm_socio4,,,,,,,,,,,,,,,,
crime,456,equalized,erm,,,,socio6,,False,model seed = shard seed; splits fixed,,100,100,[20],0.001,0.0001,4,"[30, 30]",60,0.01,0.001,crime/seed456/equalized/erm_socio6,,,,,,,,,,,,,,,,
crime,456,equalized,fnf,categorical,,0.02,socio4,100,False,model seed = shard seed; splits fixed,1,100,100,[20],0.001,0.0001,4,"[30, 30]",60,0.01,0.001,crime/seed456/equalized/fnf_socio4_gamma0.02_made100,,,,,,,,,,,,,,,,
crime,456,equalized,fnf,categorical,,0.02,socio4,50,False,model seed = shard seed; splits fixed,1,100,100,[20],0.001,0.0001,4,"[30, 30]",60,0.01,0.001,crime/seed456/equalized/fnf_socio4_gamma0.02_made50,,,,,,,,,,,,,,,,
crime,456,equalized,fnf,categorical,,0.1,socio4,100,False,model seed = shard seed; splits fixed,1,100,100,[20],0.001,0.0001,4,"[30, 30]",60,0.01,0.001,crime/seed456/equalized/fnf_socio4_gamma0.1_made100,,,,,,,,,,,,,,,,
crime,456,equalized,fnf,categorical,,0.1,socio4,50,False,model seed = shard seed; splits fixed,1,100,100,[20],0.001,0.0001,4,"[30, 30]",60,0.01,0.001,crime/seed456/equalized/fnf_socio4_gamma0.1_made50,,,,,,,,,,,,,,,,
crime,456,equalized,fnf,categorical,,0.2,socio4,100,False,model seed = shard seed; splits fixed,1,100,100,[20],0.001,0.0001,4,"[30, 30]",60,0.01,0.001,crime/seed456/equalized/fnf_socio4_gamma0.2_made100,,,,,,,,,,,,,,,,
crime,456,equalized,fnf,categorical,,0.2,socio4,50,False,model seed = shard seed; splits fixed,1,100,100,[20],0.001,0.0001,4,"[30, 30]",60,0.01,0.001,crime/seed456/equalized/fnf_socio4_gamma0.2_made50,,,,,,,,,,,,,,,,
crime,456,equalized,fnf,categorical,,0.5,socio4,100,False,model seed = shard seed; splits fixed,1,100,100,[20],0.001,0.0001,4,"[30, 30]",60,0.01,0.001,crime/seed456/equalized/fnf_socio4_gamma0.5_made100,,,,,,,,,,,,,,,,
crime,456,equalized,fnf,categorical,,0.5,socio4,50,False,model seed = shard seed; splits fixed,1,100,100,[20],0.001,0.0001,4,"[30, 30]",60,0.01,0.001,crime/seed456/equalized/fnf_socio4_gamma0.5_made50,,,,,,,,,,,,,,,,
crime,456,equalized,fnf,categorical,,0.9,socio4,100,False,model seed = shard seed; splits fixed,1,100,100,[20],0.001,0.0001,4,"[30, 30]",60,0.01,0.001,crime/seed456/equalized/fnf_socio4_gamma0.9_made100,,,,,,,,,,,,,,,,
crime,456,equalized,fnf,categorical,,0.9,socio4,50,False,model seed = shard seed; splits fixed,1,100,100,[20],0.001,0.0001,4,"[30, 30]",60,0.01,0.001,crime/seed456/equalized/fnf_socio4_gamma0.9_made50,,,,,,,,,,,,,,,,
crime,456,equalized,fnf,categorical,,0.0,socio4,100,False,model seed = shard seed; splits fixed,1,100,100,[20],0.001,0.0001,4,"[30, 30]",60,0.01,0.001,crime/seed456/equalized/fnf_socio4_gamma0_made100,,,,,,,,,,,,,,,,
crime,456,equalized,fnf,categorical,,0.0,socio4,50,False,model seed = shard seed; splits fixed,1,100,100,[20],0.001,0.0001,4,"[30, 30]",60,0.01,0.001,crime/seed456/equalized/fnf_socio4_gamma0_made50,,,,,,,,,,,,,,,,
crime,456,equalized,fnf,categorical,,1.0,socio4,100,False,model seed = shard seed; splits fixed,1,100,100,[20],0.001,0.0001,4,"[30, 30]",60,0.01,0.001,crime/seed456/equalized/fnf_socio4_gamma1_made100,,,,,,,,,,,,,,,,
crime,456,equalized,fnf,categorical,,1.0,socio4,50,False,model seed = shard seed; splits fixed,1,100,100,[20],0.001,0.0001,4,"[30, 30]",60,0.01,0.001,crime/seed456/equalized/fnf_socio4_gamma1_made50,,,,,,,,,,,,,,,,
crime,456,equalized,fnf,categorical,,0.02,socio6,100,False,model seed = shard seed; splits fixed,1,100,100,[20],0.001,0.0001,4,"[30, 30]",60,0.01,0.001,crime/seed456/equalized/fnf_socio6_gamma0.02_made100,,,,,,,,,,,,,,,,
crime,456,equalized,fnf,categorical,,0.02,socio6,50,False,model seed = shard seed; splits fixed,1,100,100,[20],0.001,0.0001,4,"[30, 30]",60,0.01,0.001,crime/seed456/equalized/fnf_socio6_gamma0.02_made50,,,,,,,,,,,,,,,,
crime,456,equalized,fnf,categorical,,0.1,socio6,100,False,model seed = shard seed; splits fixed,1,100,100,[20],0.001,0.0001,4,"[30, 30]",60,0.01,0.001,crime/seed456/equalized/fnf_socio6_gamma0.1_made100,,,,,,,,,,,,,,,,
crime,456,equalized,fnf,categorical,,0.1,socio6,50,False,model seed = shard seed; splits fixed,1,100,100,[20],0.001,0.0001,4,"[30, 30]",60,0.01,0.001,crime/seed456/equalized/fnf_socio6_gamma0.1_made50,,,,,,,,,,,,,,,,
crime,456,equalized,fnf,categorical,,0.2,socio6,100,False,model seed = shard seed; splits fixed,1,100,100,[20],0.001,0.0001,4,"[30, 30]",60,0.01,0.001,crime/seed456/equalized/fnf_socio6_gamma0.2_made100,,,,,,,,,,,,,,,,
crime,456,equalized,fnf,categorical,,0.2,socio6,50,False,model seed = shard seed; splits fixed,1,100,100,[20],0.001,0.0001,4,"[30, 30]",60,0.01,0.001,crime/seed456/equalized/fnf_socio6_gamma0.2_made50,,,,,,,,,,,,,,,,
crime,456,equalized,fnf,categorical,,0.5,socio6,100,False,model seed = shard seed; splits fixed,1,100,100,[20],0.001,0.0001,4,"[30, 30]",60,0.01,0.001,crime/seed456/equalized/fnf_socio6_gamma0.5_made100,,,,,,,,,,,,,,,,
crime,456,equalized,fnf,categorical,,0.5,socio6,50,False,model seed = shard seed; splits fixed,1,100,100,[20],0.001,0.0001,4,"[30, 30]",60,0.01,0.001,crime/seed456/equalized/fnf_socio6_gamma0.5_made50,,,,,,,,,,,,,,,,
crime,456,equalized,fnf,categorical,,0.9,socio6,100,False,model seed = shard seed; splits fixed,1,100,100,[20],0.001,0.0001,4,"[30, 30]",60,0.01,0.001,crime/seed456/equalized/fnf_socio6_gamma0.9_made100,,,,,,,,,,,,,,,,
crime,456,equalized,fnf,categorical,,0.9,socio6,50,False,model seed = shard seed; splits fixed,1,100,100,[20],0.001,0.0001,4,"[30, 30]",60,0.01,0.001,crime/seed456/equalized/fnf_socio6_gamma0.9_made50,,,,,,,,,,,,,,,,
crime,456,equalized,fnf,categorical,,0.0,socio6,100,False,model seed = shard seed; splits fixed,1,100,100,[20],0.001,0.0001,4,"[30, 30]",60,0.01,0.001,crime/seed456/equalized/fnf_socio6_gamma0_made100,,,,,,,,,,,,,,,,
crime,456,equalized,fnf,categorical,,0.0,socio6,50,False,model seed = shard seed; splits fixed,1,100,100,[20],0.001,0.0001,4,"[30, 30]",60,0.01,0.001,crime/seed456/equalized/fnf_socio6_gamma0_made50,,,,,,,,,,,,,,,,
crime,456,equalized,fnf,categorical,,1.0,socio6,100,False,model seed = shard seed; splits fixed,1,100,100,[20],0.001,0.0001,4,"[30, 30]",60,0.01,0.001,crime/seed456/equalized/fnf_socio6_gamma1_made100,,,,,,,,,,,,,,,,
crime,456,equalized,fnf,categorical,,1.0,socio6,50,False,model seed = shard seed; splits fixed,1,100,100,[20],0.001,0.0001,4,"[30, 30]",60,0.01,0.001,crime/seed456/equalized/fnf_socio6_gamma1_made50,,,,,,,,,,,,,,,,
crime,456,natural,fnf,categorical_conditional,y,0.5,socio4,50,False,model seed = shard seed; splits fixed,,100,100,[20],0.001,0.0001,4,"[30, 30]",60,0.01,0.001,crime/seed456/natural/cfnf_socio4_cond-y_gamma0.5_made50,,,,,,,,,,,,,,,,
crime,456,natural,fnf,categorical_conditional,y,1.0,socio4,50,False,model seed = shard seed; splits fixed,,100,100,[20],0.001,0.0001,4,"[30, 30]",60,0.01,0.001,crime/seed456/natural/cfnf_socio4_cond-y_gamma1_made50,,,,,,,,,,,,,,,,
crime,456,natural,fnf,categorical_conditional,yhat,0.5,socio4,50,False,model seed = shard seed; splits fixed,,100,100,[20],0.001,0.0001,4,"[30, 30]",60,0.01,0.001,crime/seed456/natural/cfnf_socio4_cond-yhat_gamma0.5_made50,,,,,,,,,,,,,,,,
crime,456,natural,fnf,categorical_conditional,yhat,1.0,socio4,50,False,model seed = shard seed; splits fixed,,100,100,[20],0.001,0.0001,4,"[30, 30]",60,0.01,0.001,crime/seed456/natural/cfnf_socio4_cond-yhat_gamma1_made50,,,,,,,,,,,,,,,,
crime,456,natural,erm,,,,socio4,,False,model seed = shard seed; splits fixed,,100,100,[20],0.001,0.0001,4,"[30, 30]",60,0.01,0.001,crime/seed456/natural/erm_socio4,,,,,,,,,,,,,,,,
crime,456,natural,erm,,,,socio6,,False,model seed = shard seed; splits fixed,,100,100,[20],0.001,0.0001,4,"[30, 30]",60,0.01,0.001,crime/seed456/natural/erm_socio6,,,,,,,,,,,,,,,,
crime,456,natural,fnf,categorical,,0.02,socio4,100,False,model seed = shard seed; splits fixed,1,100,100,[20],0.001,0.0001,4,"[30, 30]",60,0.01,0.001,crime/seed456/natural/fnf_socio4_gamma0.02_made100,,,,,,,,,,,,,,,,
crime,456,natural,fnf,categorical,,0.02,socio4,50,False,model seed = shard seed; splits fixed,1,100,100,[20],0.001,0.0001,4,"[30, 30]",60,0.01,0.001,crime/seed456/natural/fnf_socio4_gamma0.02_made50,,,,,,,,,,,,,,,,
crime,456,natural,fnf,categorical,,0.1,socio4,100,False,model seed = shard seed; splits fixed,1,100,100,[20],0.001,0.0001,4,"[30, 30]",60,0.01,0.001,crime/seed456/natural/fnf_socio4_gamma0.1_made100,,,,,,,,,,,,,,,,
crime,456,natural,fnf,categorical,,0.1,socio4,50,False,model seed = shard seed; splits fixed,1,100,100,[20],0.001,0.0001,4,"[30, 30]",60,0.01,0.001,crime/seed456/natural/fnf_socio4_gamma0.1_made50,,,,,,,,,,,,,,,,
crime,456,natural,fnf,categorical,,0.2,socio4,100,False,model seed = shard seed; splits fixed,1,100,100,[20],0.001,0.0001,4,"[30, 30]",60,0.01,0.001,crime/seed456/natural/fnf_socio4_gamma0.2_made100,,,,,,,,,,,,,,,,
crime,456,natural,fnf,categorical,,0.2,socio4,50,False,model seed = shard seed; splits fixed,1,100,100,[20],0.001,0.0001,4,"[30, 30]",60,0.01,0.001,crime/seed456/natural/fnf_socio4_gamma0.2_made50,,,,,,,,,,,,,,,,
crime,456,natural,fnf,categorical,,0.5,socio4,100,False,model seed = shard seed; splits fixed,1,100,100,[20],0.001,0.0001,4,"[30, 30]",60,0.01,0.001,crime/seed456/natural/fnf_socio4_gamma0.5_made100,,,,,,,,,,,,,,,,
crime,456,natural,fnf,categorical,,0.5,socio4,50,False,model seed = shard seed; splits fixed,1,100,100,[20],0.001,0.0001,4,"[30, 30]",60,0.01,0.001,crime/seed456/natural/fnf_socio4_gamma0.5_made50,,,,,,,,,,,,,,,,
crime,456,natural,fnf,categorical,,0.9,socio4,100,False,model seed = shard seed; splits fixed,1,100,100,[20],0.001,0.0001,4,"[30, 30]",60,0.01,0.001,crime/seed456/natural/fnf_socio4_gamma0.9_made100,,,,,,,,,,,,,,,,
crime,456,natural,fnf,categorical,,0.9,socio4,50,False,model seed = shard seed; splits fixed,1,100,100,[20],0.001,0.0001,4,"[30, 30]",60,0.01,0.001,crime/seed456/natural/fnf_socio4_gamma0.9_made50,,,,,,,,,,,,,,,,
crime,456,natural,fnf,categorical,,0.0,socio4,100,False,model seed = shard seed; splits fixed,1,100,100,[20],0.001,0.0001,4,"[30, 30]",60,0.01,0.001,crime/seed456/natural/fnf_socio4_gamma0_made100,,,,,,,,,,,,,,,,
crime,456,natural,fnf,categorical,,0.0,socio4,50,False,model seed = shard seed; splits fixed,1,100,100,[20],0.001,0.0001,4,"[30, 30]",60,0.01,0.001,crime/seed456/natural/fnf_socio4_gamma0_made50,,,,,,,,,,,,,,,,
crime,456,natural,fnf,categorical,,1.0,socio4,100,False,model seed = shard seed; splits fixed,1,100,100,[20],0.001,0.0001,4,"[30, 30]",60,0.01,0.001,crime/seed456/natural/fnf_socio4_gamma1_made100,,,,,,,,,,,,,,,,
crime,456,natural,fnf,categorical,,1.0,socio4,50,False,model seed = shard seed; splits fixed,1,100,100,[20],0.001,0.0001,4,"[30, 30]",60,0.01,0.001,crime/seed456/natural/fnf_socio4_gamma1_made50,,,,,,,,,,,,,,,,
crime,456,natural,fnf,categorical,,0.02,socio6,100,False,model seed = shard seed; splits fixed,1,100,100,[20],0.001,0.0001,4,"[30, 30]",60,0.01,0.001,crime/seed456/natural/fnf_socio6_gamma0.02_made100,,,,,,,,,,,,,,,,
crime,456,natural,fnf,categorical,,0.02,socio6,50,False,model seed = shard seed; splits fixed,1,100,100,[20],0.001,0.0001,4,"[30, 30]",60,0.01,0.001,crime/seed456/natural/fnf_socio6_gamma0.02_made50,,,,,,,,,,,,,,,,
crime,456,natural,fnf,categorical,,0.1,socio6,100,False,model seed = shard seed; splits fixed,1,100,100,[20],0.001,0.0001,4,"[30, 30]",60,0.01,0.001,crime/seed456/natural/fnf_socio6_gamma0.1_made100,,,,,,,,,,,,,,,,
crime,456,natural,fnf,categorical,,0.1,socio6,50,False,model seed = shard seed; splits fixed,1,100,100,[20],0.001,0.0001,4,"[30, 30]",60,0.01,0.001,crime/seed456/natural/fnf_socio6_gamma0.1_made50,,,,,,,,,,,,,,,,
crime,456,natural,fnf,categorical,,0.2,socio6,100,False,model seed = shard seed; splits fixed,1,100,100,[20],0.001,0.0001,4,"[30, 30]",60,0.01,0.001,crime/seed456/natural/fnf_socio6_gamma0.2_made100,,,,,,,,,,,,,,,,
crime,456,natural,fnf,categorical,,0.2,socio6,50,False,model seed = shard seed; splits fixed,1,100,100,[20],0.001,0.0001,4,"[30, 30]",60,0.01,0.001,crime/seed456/natural/fnf_socio6_gamma0.2_made50,,,,,,,,,,,,,,,,
crime,456,natural,fnf,categorical,,0.5,socio6,100,False,model seed = shard seed; splits fixed,1,100,100,[20],0.001,0.0001,4,"[30, 30]",60,0.01,0.001,crime/seed456/natural/fnf_socio6_gamma0.5_made100,,,,,,,,,,,,,,,,
crime,456,natural,fnf,categorical,,0.5,socio6,50,False,model seed = shard seed; splits fixed,1,100,100,[20],0.001,0.0001,4,"[30, 30]",60,0.01,0.001,crime/seed456/natural/fnf_socio6_gamma0.5_made50,,,,,,,,,,,,,,,,
crime,456,natural,fnf,categorical,,0.9,socio6,100,False,model seed = shard seed; splits fixed,1,100,100,[20],0.001,0.0001,4,"[30, 30]",60,0.01,0.001,crime/seed456/natural/fnf_socio6_gamma0.9_made100,,,,,,,,,,,,,,,,
crime,456,natural,fnf,categorical,,0.9,socio6,50,False,model seed = shard seed; splits fixed,1,100,100,[20],0.001,0.0001,4,"[30, 30]",60,0.01,0.001,crime/seed456/natural/fnf_socio6_gamma0.9_made50,,,,,,,,,,,,,,,,
crime,456,natural,fnf,categorical,,0.0,socio6,100,False,model seed = shard seed; splits fixed,1,100,100,[20],0.001,0.0001,4,"[30, 30]",60,0.01,0.001,crime/seed456/natural/fnf_socio6_gamma0_made100,,,,,,,,,,,,,,,,
crime,456,natural,fnf,categorical,,0.0,socio6,50,False,model seed = shard seed; splits fixed,1,100,100,[20],0.001,0.0001,4,"[30, 30]",60,0.01,0.001,crime/seed456/natural/fnf_socio6_gamma0_made50,,,,,,,,,,,,,,,,
crime,456,natural,fnf,categorical,,1.0,socio6,100,False,model seed = shard seed; splits fixed,1,100,100,[20],0.001,0.0001,4,"[30, 30]",60,0.01,0.001,crime/seed456/natural/fnf_socio6_gamma1_made100,,,,,,,,,,,,,,,,
crime,456,natural,fnf,categorical,,1.0,socio6,50,False,model seed = shard seed; splits fixed,1,100,100,[20],0.001,0.0001,4,"[30, 30]",60,0.01,0.001,crime/seed456/natural/fnf_socio6_gamma1_made50,,,,,,,,,,,,,,,,
crime,456,shift50,fnf,categorical_conditional,y,0.5,socio4,50,False,model seed = shard seed; splits fixed,,100,100,[20],0.001,0.0001,4,"[30, 30]",60,0.01,0.001,crime/seed456/shift50/cfnf_socio4_cond-y_gamma0.5_made50,,,,,,,,,,,,,,,,
crime,456,shift50,fnf,categorical_conditional,y,1.0,socio4,50,False,model seed = shard seed; splits fixed,,100,100,[20],0.001,0.0001,4,"[30, 30]",60,0.01,0.001,crime/seed456/shift50/cfnf_socio4_cond-y_gamma1_made50,,,,,,,,,,,,,,,,
crime,456,shift50,fnf,categorical_conditional,yhat,0.5,socio4,50,False,model seed = shard seed; splits fixed,,100,100,[20],0.001,0.0001,4,"[30, 30]",60,0.01,0.001,crime/seed456/shift50/cfnf_socio4_cond-yhat_gamma0.5_made50,,,,,,,,,,,,,,,,
crime,456,shift50,fnf,categorical_conditional,yhat,1.0,socio4,50,False,model seed = shard seed; splits fixed,,100,100,[20],0.001,0.0001,4,"[30, 30]",60,0.01,0.001,crime/seed456/shift50/cfnf_socio4_cond-yhat_gamma1_made50,,,,,,,,,,,,,,,,
crime,456,shift50,erm,,,,socio4,,False,model seed = shard seed; splits fixed,,100,100,[20],0.001,0.0001,4,"[30, 30]",60,0.01,0.001,crime/seed456/shift50/erm_socio4,,,,,,,,,,,,,,,,
crime,456,shift50,erm,,,,socio6,,False,model seed = shard seed; splits fixed,,100,100,[20],0.001,0.0001,4,"[30, 30]",60,0.01,0.001,crime/seed456/shift50/erm_socio6,,,,,,,,,,,,,,,,
crime,456,shift50,fnf,categorical,,0.02,socio4,100,False,model seed = shard seed; splits fixed,1,100,100,[20],0.001,0.0001,4,"[30, 30]",60,0.01,0.001,crime/seed456/shift50/fnf_socio4_gamma0.02_made100,,,,,,,,,,,,,,,,
crime,456,shift50,fnf,categorical,,0.02,socio4,50,False,model seed = shard seed; splits fixed,1,100,100,[20],0.001,0.0001,4,"[30, 30]",60,0.01,0.001,crime/seed456/shift50/fnf_socio4_gamma0.02_made50,,,,,,,,,,,,,,,,
crime,456,shift50,fnf,categorical,,0.1,socio4,100,False,model seed = shard seed; splits fixed,1,100,100,[20],0.001,0.0001,4,"[30, 30]",60,0.01,0.001,crime/seed456/shift50/fnf_socio4_gamma0.1_made100,,,,,,,,,,,,,,,,
crime,456,shift50,fnf,categorical,,0.1,socio4,50,False,model seed = shard seed; splits fixed,1,100,100,[20],0.001,0.0001,4,"[30, 30]",60,0.01,0.001,crime/seed456/shift50/fnf_socio4_gamma0.1_made50,,,,,,,,,,,,,,,,
crime,456,shift50,fnf,categorical,,0.2,socio4,100,False,model seed = shard seed; splits fixed,1,100,100,[20],0.001,0.0001,4,"[30, 30]",60,0.01,0.001,crime/seed456/shift50/fnf_socio4_gamma0.2_made100,,,,,,,,,,,,,,,,
crime,456,shift50,fnf,categorical,,0.2,socio4,50,False,model seed = shard seed; splits fixed,1,100,100,[20],0.001,0.0001,4,"[30, 30]",60,0.01,0.001,crime/seed456/shift50/fnf_socio4_gamma0.2_made50,,,,,,,,,,,,,,,,
crime,456,shift50,fnf,categorical,,0.5,socio4,100,False,model seed = shard seed; splits fixed,1,100,100,[20],0.001,0.0001,4,"[30, 30]",60,0.01,0.001,crime/seed456/shift50/fnf_socio4_gamma0.5_made100,,,,,,,,,,,,,,,,
crime,456,shift50,fnf,categorical,,0.5,socio4,50,False,model seed = shard seed; splits fixed,1,100,100,[20],0.001,0.0001,4,"[30, 30]",60,0.01,0.001,crime/seed456/shift50/fnf_socio4_gamma0.5_made50,,,,,,,,,,,,,,,,
crime,456,shift50,fnf,categorical,,0.9,socio4,100,False,model seed = shard seed; splits fixed,1,100,100,[20],0.001,0.0001,4,"[30, 30]",60,0.01,0.001,crime/seed456/shift50/fnf_socio4_gamma0.9_made100,,,,,,,,,,,,,,,,
crime,456,shift50,fnf,categorical,,0.9,socio4,50,False,model seed = shard seed; splits fixed,1,100,100,[20],0.001,0.0001,4,"[30, 30]",60,0.01,0.001,crime/seed456/shift50/fnf_socio4_gamma0.9_made50,,,,,,,,,,,,,,,,
crime,456,shift50,fnf,categorical,,0.0,socio4,100,False,model seed = shard seed; splits fixed,1,100,100,[20],0.001,0.0001,4,"[30, 30]",60,0.01,0.001,crime/seed456/shift50/fnf_socio4_gamma0_made100,,,,,,,,,,,,,,,,
crime,456,shift50,fnf,categorical,,0.0,socio4,50,False,model seed = shard seed; splits fixed,1,100,100,[20],0.001,0.0001,4,"[30, 30]",60,0.01,0.001,crime/seed456/shift50/fnf_socio4_gamma0_made50,,,,,,,,,,,,,,,,
crime,456,shift50,fnf,categorical,,1.0,socio4,100,False,model seed = shard seed; splits fixed,1,100,100,[20],0.001,0.0001,4,"[30, 30]",60,0.01,0.001,crime/seed456/shift50/fnf_socio4_gamma1_made100,,,,,,,,,,,,,,,,
crime,456,shift50,fnf,categorical,,1.0,socio4,50,False,model seed = shard seed; splits fixed,1,100,100,[20],0.001,0.0001,4,"[30, 30]",60,0.01,0.001,crime/seed456/shift50/fnf_socio4_gamma1_made50,,,,,,,,,,,,,,,,
crime,456,shift50,fnf,categorical,,0.02,socio6,100,False,model seed = shard seed; splits fixed,1,100,100,[20],0.001,0.0001,4,"[30, 30]",60,0.01,0.001,crime/seed456/shift50/fnf_socio6_gamma0.02_made100,,,,,,,,,,,,,,,,
crime,456,shift50,fnf,categorical,,0.02,socio6,50,False,model seed = shard seed; splits fixed,1,100,100,[20],0.001,0.0001,4,"[30, 30]",60,0.01,0.001,crime/seed456/shift50/fnf_socio6_gamma0.02_made50,,,,,,,,,,,,,,,,
crime,456,shift50,fnf,categorical,,0.1,socio6,100,False,model seed = shard seed; splits fixed,1,100,100,[20],0.001,0.0001,4,"[30, 30]",60,0.01,0.001,crime/seed456/shift50/fnf_socio6_gamma0.1_made100,,,,,,,,,,,,,,,,
crime,456,shift50,fnf,categorical,,0.1,socio6,50,False,model seed = shard seed; splits fixed,1,100,100,[20],0.001,0.0001,4,"[30, 30]",60,0.01,0.001,crime/seed456/shift50/fnf_socio6_gamma0.1_made50,,,,,,,,,,,,,,,,
crime,456,shift50,fnf,categorical,,0.2,socio6,100,False,model seed = shard seed; splits fixed,1,100,100,[20],0.001,0.0001,4,"[30, 30]",60,0.01,0.001,crime/seed456/shift50/fnf_socio6_gamma0.2_made100,,,,,,,,,,,,,,,,
crime,456,shift50,fnf,categorical,,0.2,socio6,50,False,model seed = shard seed; splits fixed,1,100,100,[20],0.001,0.0001,4,"[30, 30]",60,0.01,0.001,crime/seed456/shift50/fnf_socio6_gamma0.2_made50,,,,,,,,,,,,,,,,
crime,456,shift50,fnf,categorical,,0.5,socio6,100,False,model seed = shard seed; splits fixed,1,100,100,[20],0.001,0.0001,4,"[30, 30]",60,0.01,0.001,crime/seed456/shift50/fnf_socio6_gamma0.5_made100,,,,,,,,,,,,,,,,
crime,456,shift50,fnf,categorical,,0.5,socio6,50,False,model seed = shard seed; splits fixed,1,100,100,[20],0.001,0.0001,4,"[30, 30]",60,0.01,0.001,crime/seed456/shift50/fnf_socio6_gamma0.5_made50,,,,,,,,,,,,,,,,
crime,456,shift50,fnf,categorical,,0.9,socio6,100,False,model seed = shard seed; splits fixed,1,100,100,[20],0.001,0.0001,4,"[30, 30]",60,0.01,0.001,crime/seed456/shift50/fnf_socio6_gamma0.9_made100,,,,,,,,,,,,,,,,
crime,456,shift50,fnf,categorical,,0.9,socio6,50,False,model seed = shard seed; splits fixed,1,100,100,[20],0.001,0.0001,4,"[30, 30]",60,0.01,0.001,crime/seed456/shift50/fnf_socio6_gamma0.9_made50,,,,,,,,,,,,,,,,
crime,456,shift50,fnf,categorical,,0.0,socio6,100,False,model seed = shard seed; splits fixed,1,100,100,[20],0.001,0.0001,4,"[30, 30]",60,0.01,0.001,crime/seed456/shift50/fnf_socio6_gamma0_made100,,,,,,,,,,,,,,,,
crime,456,shift50,fnf,categorical,,0.0,socio6,50,False,model seed = shard seed; splits fixed,1,100,100,[20],0.001,0.0001,4,"[30, 30]",60,0.01,0.001,crime/seed456/shift50/fnf_socio6_gamma0_made50,,,,,,,,,,,,,,,,
crime,456,shift50,fnf,categorical,,1.0,socio6,100,False,model seed = shard seed; splits fixed,1,100,100,[20],0.001,0.0001,4,"[30, 30]",60,0.01,0.001,crime/seed456/shift50/fnf_socio6_gamma1_made100,,,,,,,,,,,,,,,,
crime,456,shift50,fnf,categorical,,1.0,socio6,50,False,model seed = shard seed; splits fixed,1,100,100,[20],0.001,0.0001,4,"[30, 30]",60,0.01,0.001,crime/seed456/shift50/fnf_socio6_gamma1_made50,,,,,,,,,,,,,,,,
crime,456,shift75,fnf,categorical_conditional,y,0.5,socio4,50,False,model seed = shard seed; splits fixed,,100,100,[20],0.001,0.0001,4,"[30, 30]",60,0.01,0.001,crime/seed456/shift75/cfnf_socio4_cond-y_gamma0.5_made50,,,,,,,,,,,,,,,,
crime,456,shift75,fnf,categorical_conditional,y,1.0,socio4,50,False,model seed = shard seed; splits fixed,,100,100,[20],0.001,0.0001,4,"[30, 30]",60,0.01,0.001,crime/seed456/shift75/cfnf_socio4_cond-y_gamma1_made50,,,,,,,,,,,,,,,,
crime,456,shift75,fnf,categorical_conditional,yhat,0.5,socio4,50,False,model seed = shard seed; splits fixed,,100,100,[20],0.001,0.0001,4,"[30, 30]",60,0.01,0.001,crime/seed456/shift75/cfnf_socio4_cond-yhat_gamma0.5_made50,,,,,,,,,,,,,,,,
crime,456,shift75,fnf,categorical_conditional,yhat,1.0,socio4,50,False,model seed = shard seed; splits fixed,,100,100,[20],0.001,0.0001,4,"[30, 30]",60,0.01,0.001,crime/seed456/shift75/cfnf_socio4_cond-yhat_gamma1_made50,,,,,,,,,,,,,,,,
crime,456,shift75,erm,,,,socio4,,False,model seed = shard seed; splits fixed,,100,100,[20],0.001,0.0001,4,"[30, 30]",60,0.01,0.001,crime/seed456/shift75/erm_socio4,,,,,,,,,,,,,,,,
crime,456,shift75,erm,,,,socio6,,False,model seed = shard seed; splits fixed,,100,100,[20],0.001,0.0001,4,"[30, 30]",60,0.01,0.001,crime/seed456/shift75/erm_socio6,,,,,,,,,,,,,,,,
crime,456,shift75,fnf,categorical,,0.02,socio4,100,False,model seed = shard seed; splits fixed,1,100,100,[20],0.001,0.0001,4,"[30, 30]",60,0.01,0.001,crime/seed456/shift75/fnf_socio4_gamma0.02_made100,,,,,,,,,,,,,,,,
crime,456,shift75,fnf,categorical,,0.02,socio4,50,False,model seed = shard seed; splits fixed,1,100,100,[20],0.001,0.0001,4,"[30, 30]",60,0.01,0.001,crime/seed456/shift75/fnf_socio4_gamma0.02_made50,,,,,,,,,,,,,,,,
crime,456,shift75,fnf,categorical,,0.1,socio4,100,False,model seed = shard seed; splits fixed,1,100,100,[20],0.001,0.0001,4,"[30, 30]",60,0.01,0.001,crime/seed456/shift75/fnf_socio4_gamma0.1_made100,,,,,,,,,,,,,,,,
crime,456,shift75,fnf,categorical,,0.1,socio4,50,False,model seed = shard seed; splits fixed,1,100,100,[20],0.001,0.0001,4,"[30, 30]",60,0.01,0.001,crime/seed456/shift75/fnf_socio4_gamma0.1_made50,,,,,,,,,,,,,,,,
crime,456,shift75,fnf,categorical,,0.2,socio4,100,False,model seed = shard seed; splits fixed,1,100,100,[20],0.001,0.0001,4,"[30, 30]",60,0.01,0.001,crime/seed456/shift75/fnf_socio4_gamma0.2_made100,,,,,,,,,,,,,,,,
crime,456,shift75,fnf,categorical,,0.2,socio4,50,False,model seed = shard seed; splits fixed,1,100,100,[20],0.001,0.0001,4,"[30, 30]",60,0.01,0.001,crime/seed456/shift75/fnf_socio4_gamma0.2_made50,,,,,,,,,,,,,,,,
crime,456,shift75,fnf,categorical,,0.5,socio4,100,False,model seed = shard seed; splits fixed,1,100,100,[20],0.001,0.0001,4,"[30, 30]",60,0.01,0.001,crime/seed456/shift75/fnf_socio4_gamma0.5_made100,,,,,,,,,,,,,,,,
crime,456,shift75,fnf,categorical,,0.5,socio4,50,False,model seed = shard seed; splits fixed,1,100,100,[20],0.001,0.0001,4,"[30, 30]",60,0.01,0.001,crime/seed456/shift75/fnf_socio4_gamma0.5_made50,,,,,,,,,,,,,,,,
crime,456,shift75,fnf,categorical,,0.9,socio4,100,False,model seed = shard seed; splits fixed,1,100,100,[20],0.001,0.0001,4,"[30, 30]",60,0.01,0.001,crime/seed456/shift75/fnf_socio4_gamma0.9_made100,,,,,,,,,,,,,,,,
crime,456,shift75,fnf,categorical,,0.9,socio4,50,False,model seed = shard seed; splits fixed,1,100,100,[20],0.001,0.0001,4,"[30, 30]",60,0.01,0.001,crime/seed456/shift75/fnf_socio4_gamma0.9_made50,,,,,,,,,,,,,,,,
crime,456,shift75,fnf,categorical,,0.0,socio4,100,False,model seed = shard seed; splits fixed,1,100,100,[20],0.001,0.0001,4,"[30, 30]",60,0.01,0.001,crime/seed456/shift75/fnf_socio4_gamma0_made100,,,,,,,,,,,,,,,,
crime,456,shift75,fnf,categorical,,0.0,socio4,50,False,model seed = shard seed; splits fixed,1,100,100,[20],0.001,0.0001,4,"[30, 30]",60,0.01,0.001,crime/seed456/shift75/fnf_socio4_gamma0_made50,,,,,,,,,,,,,,,,
crime,456,shift75,fnf,categorical,,1.0,socio4,100,False,model seed = shard seed; splits fixed,1,100,100,[20],0.001,0.0001,4,"[30, 30]",60,0.01,0.001,crime/seed456/shift75/fnf_socio4_gamma1_made100,,,,,,,,,,,,,,,,
crime,456,shift75,fnf,categorical,,1.0,socio4,50,False,model seed = shard seed; splits fixed,1,100,100,[20],0.001,0.0001,4,"[30, 30]",60,0.01,0.001,crime/seed456/shift75/fnf_socio4_gamma1_made50,,,,,,,,,,,,,,,,
crime,456,shift75,fnf,categorical,,0.02,socio6,100,False,model seed = shard seed; splits fixed,1,100,100,[20],0.001,0.0001,4,"[30, 30]",60,0.01,0.001,crime/seed456/shift75/fnf_socio6_gamma0.02_made100,,,,,,,,,,,,,,,,
crime,456,shift75,fnf,categorical,,0.02,socio6,50,False,model seed = shard seed; splits fixed,1,100,100,[20],0.001,0.0001,4,"[30, 30]",60,0.01,0.001,crime/seed456/shift75/fnf_socio6_gamma0.02_made50,,,,,,,,,,,,,,,,
crime,456,shift75,fnf,categorical,,0.1,socio6,100,False,model seed = shard seed; splits fixed,1,100,100,[20],0.001,0.0001,4,"[30, 30]",60,0.01,0.001,crime/seed456/shift75/fnf_socio6_gamma0.1_made100,,,,,,,,,,,,,,,,
crime,456,shift75,fnf,categorical,,0.1,socio6,50,False,model seed = shard seed; splits fixed,1,100,100,[20],0.001,0.0001,4,"[30, 30]",60,0.01,0.001,crime/seed456/shift75/fnf_socio6_gamma0.1_made50,,,,,,,,,,,,,,,,
crime,456,shift75,fnf,categorical,,0.2,socio6,100,False,model seed = shard seed; splits fixed,1,100,100,[20],0.001,0.0001,4,"[30, 30]",60,0.01,0.001,crime/seed456/shift75/fnf_socio6_gamma0.2_made100,,,,,,,,,,,,,,,,
crime,456,shift75,fnf,categorical,,0.2,socio6,50,False,model seed = shard seed; splits fixed,1,100,100,[20],0.001,0.0001,4,"[30, 30]",60,0.01,0.001,crime/seed456/shift75/fnf_socio6_gamma0.2_made50,,,,,,,,,,,,,,,,
crime,456,shift75,fnf,categorical,,0.5,socio6,100,False,model seed = shard seed; splits fixed,1,100,100,[20],0.001,0.0001,4,"[30, 30]",60,0.01,0.001,crime/seed456/shift75/fnf_socio6_gamma0.5_made100,,,,,,,,,,,,,,,,
crime,456,shift75,fnf,categorical,,0.5,socio6,50,False,model seed = shard seed; splits fixed,1,100,100,[20],0.001,0.0001,4,"[30, 30]",60,0.01,0.001,crime/seed456/shift75/fnf_socio6_gamma0.5_made50,,,,,,,,,,,,,,,,
crime,456,shift75,fnf,categorical,,0.9,socio6,100,False,model seed = shard seed; splits fixed,1,100,100,[20],0.001,0.0001,4,"[30, 30]",60,0.01,0.001,crime/seed456/shift75/fnf_socio6_gamma0.9_made100,,,,,,,,,,,,,,,,
crime,456,shift75,fnf,categorical,,0.9,socio6,50,False,model seed = shard seed; splits fixed,1,100,100,[20],0.001,0.0001,4,"[30, 30]",60,0.01,0.001,crime/seed456/shift75/fnf_socio6_gamma0.9_made50,,,,,,,,,,,,,,,,
crime,456,shift75,fnf,categorical,,0.0,socio6,100,False,model seed = shard seed; splits fixed,1,100,100,[20],0.001,0.0001,4,"[30, 30]",60,0.01,0.001,crime/seed456/shift75/fnf_socio6_gamma0_made100,,,,,,,,,,,,,,,,
crime,456,shift75,fnf,categorical,,0.0,socio6,50,False,model seed = shard seed; splits fixed,1,100,100,[20],0.001,0.0001,4,"[30, 30]",60,0.01,0.001,crime/seed456/shift75/fnf_socio6_gamma0_made50,,,,,,,,,,,,,,,,
crime,456,shift75,fnf,categorical,,1.0,socio6,100,False,model seed = shard seed; splits fixed,1,100,100,[20],0.001,0.0001,4,"[30, 30]",60,0.01,0.001,crime/seed456/shift75/fnf_socio6_gamma1_made100,,,,,,,,,,,,,,,,
crime,456,shift75,fnf,categorical,,1.0,socio6,50,False,model seed = shard seed; splits fixed,1,100,100,[20],0.001,0.0001,4,"[30, 30]",60,0.01,0.001,crime/seed456/shift75/fnf_socio6_gamma1_made50,,,,,,,,,,,,,,,,
dutch,123,equalized,fnf,categorical_conditional,y,0.5,core6_hh,50,False,model seed = shard seed; splits fixed,,100,100,[20],0.001,0.0001,4,"[30, 30]",60,0.01,0.001,dutch/seed123/equalized/cfnf_core6_hh_cond-y_gamma0.5_made50,,,,,,,,,,,,,,,,
dutch,123,equalized,fnf,categorical_conditional,y,1.0,core6_hh,50,False,model seed = shard seed; splits fixed,,100,100,[20],0.001,0.0001,4,"[30, 30]",60,0.01,0.001,dutch/seed123/equalized/cfnf_core6_hh_cond-y_gamma1_made50,,,,,,,,,,,,,,,,
dutch,123,equalized,fnf,categorical_conditional,yhat,0.5,core6_hh,50,False,model seed = shard seed; splits fixed,,100,100,[20],0.001,0.0001,4,"[30, 30]",60,0.01,0.001,dutch/seed123/equalized/cfnf_core6_hh_cond-yhat_gamma0.5_made50,,,,,,,,,,,,,,,,
dutch,123,equalized,fnf,categorical_conditional,yhat,1.0,core6_hh,50,False,model seed = shard seed; splits fixed,,100,100,[20],0.001,0.0001,4,"[30, 30]",60,0.01,0.001,dutch/seed123/equalized/cfnf_core6_hh_cond-yhat_gamma1_made50,,,,,,,,,,,,,,,,
dutch,123,equalized,erm,,,,core6,,False,model seed = shard seed; splits fixed,,100,100,[20],0.001,0.0001,4,"[30, 30]",60,0.01,0.001,dutch/seed123/equalized/erm_core6,,,,,,,,,,,,,,,,
dutch,123,equalized,erm,,,,core6_hh,,False,model seed = shard seed; splits fixed,,100,100,[20],0.001,0.0001,4,"[30, 30]",60,0.01,0.001,dutch/seed123/equalized/erm_core6_hh,,,,,,,,,,,,,,,,
dutch,123,equalized,fnf,categorical,,0.02,core6,100,False,model seed = shard seed; splits fixed,1,100,100,[20],0.001,0.0001,4,"[30, 30]",60,0.01,0.001,dutch/seed123/equalized/fnf_core6_gamma0.02_made100,,,,,,,,,,,,,,,,
dutch,123,equalized,fnf,categorical,,0.02,core6,50,False,model seed = shard seed; splits fixed,1,100,100,[20],0.001,0.0001,4,"[30, 30]",60,0.01,0.001,dutch/seed123/equalized/fnf_core6_gamma0.02_made50,,,,,,,,,,,,,,,,
dutch,123,equalized,fnf,categorical,,0.1,core6,100,False,model seed = shard seed; splits fixed,1,100,100,[20],0.001,0.0001,4,"[30, 30]",60,0.01,0.001,dutch/seed123/equalized/fnf_core6_gamma0.1_made100,,,,,,,,,,,,,,,,
dutch,123,equalized,fnf,categorical,,0.1,core6,50,False,model seed = shard seed; splits fixed,1,100,100,[20],0.001,0.0001,4,"[30, 30]",60,0.01,0.001,dutch/seed123/equalized/fnf_core6_gamma0.1_made50,,,,,,,,,,,,,,,,
dutch,123,equalized,fnf,categorical,,0.2,core6,100,False,model seed = shard seed; splits fixed,1,100,100,[20],0.001,0.0001,4,"[30, 30]",60,0.01,0.001,dutch/seed123/equalized/fnf_core6_gamma0.2_made100,,,,,,,,,,,,,,,,
dutch,123,equalized,fnf,categorical,,0.2,core6,50,False,model seed = shard seed; splits fixed,1,100,100,[20],0.001,0.0001,4,"[30, 30]",60,0.01,0.001,dutch/seed123/equalized/fnf_core6_gamma0.2_made50,,,,,,,,,,,,,,,,
dutch,123,equalized,fnf,categorical,,0.5,core6,100,False,model seed = shard seed; splits fixed,1,100,100,[20],0.001,0.0001,4,"[30, 30]",60,0.01,0.001,dutch/seed123/equalized/fnf_core6_gamma0.5_made100,,,,,,,,,,,,,,,,
dutch,123,equalized,fnf,categorical,,0.5,core6,50,False,model seed = shard seed; splits fixed,1,100,100,[20],0.001,0.0001,4,"[30, 30]",60,0.01,0.001,dutch/seed123/equalized/fnf_core6_gamma0.5_made50,,,,,,,,,,,,,,,,
dutch,123,equalized,fnf,categorical,,0.9,core6,100,False,model seed = shard seed; splits fixed,1,100,100,[20],0.001,0.0001,4,"[30, 30]",60,0.01,0.001,dutch/seed123/equalized/fnf_core6_gamma0.9_made100,,,,,,,,,,,,,,,,
dutch,123,equalized,fnf,categorical,,0.9,core6,50,False,model seed = shard seed; splits fixed,1,100,100,[20],0.001,0.0001,4,"[30, 30]",60,0.01,0.001,dutch/seed123/equalized/fnf_core6_gamma0.9_made50,,,,,,,,,,,,,,,,
dutch,123,equalized,fnf,categorical,,0.0,core6,100,False,model seed = shard seed; splits fixed,1,100,100,[20],0.001,0.0001,4,"[30, 30]",60,0.01,0.001,dutch/seed123/equalized/fnf_core6_gamma0_made100,,,,,,,,,,,,,,,,
dutch,123,equalized,fnf,categorical,,0.0,core6,50,False,model seed = shard seed; splits fixed,1,100,100,[20],0.001,0.0001,4,"[30, 30]",60,0.01,0.001,dutch/seed123/equalized/fnf_core6_gamma0_made50,,,,,,,,,,,,,,,,
dutch,123,equalized,fnf,categorical,,1.0,core6,100,False,model seed = shard seed; splits fixed,1,100,100,[20],0.001,0.0001,4,"[30, 30]",60,0.01,0.001,dutch/seed123/equalized/fnf_core6_gamma1_made100,,,,,,,,,,,,,,,,
dutch,123,equalized,fnf,categorical,,1.0,core6,50,False,model seed = shard seed; splits fixed,1,100,100,[20],0.001,0.0001,4,"[30, 30]",60,0.01,0.001,dutch/seed123/equalized/fnf_core6_gamma1_made50,,,,,,,,,,,,,,,,
dutch,123,equalized,fnf,categorical,,0.02,core6_hh,100,False,model seed = shard seed; splits fixed,1,100,100,[20],0.001,0.0001,4,"[30, 30]",60,0.01,0.001,dutch/seed123/equalized/fnf_core6_hh_gamma0.02_made100,,,,,,,,,,,,,,,,
dutch,123,equalized,fnf,categorical,,0.02,core6_hh,50,False,model seed = shard seed; splits fixed,1,100,100,[20],0.001,0.0001,4,"[30, 30]",60,0.01,0.001,dutch/seed123/equalized/fnf_core6_hh_gamma0.02_made50,,,,,,,,,,,,,,,,
dutch,123,equalized,fnf,categorical,,0.1,core6_hh,100,False,model seed = shard seed; splits fixed,1,100,100,[20],0.001,0.0001,4,"[30, 30]",60,0.01,0.001,dutch/seed123/equalized/fnf_core6_hh_gamma0.1_made100,,,,,,,,,,,,,,,,
dutch,123,equalized,fnf,categorical,,0.1,core6_hh,50,False,model seed = shard seed; splits fixed,1,100,100,[20],0.001,0.0001,4,"[30, 30]",60,0.01,0.001,dutch/seed123/equalized/fnf_core6_hh_gamma0.1_made50,,,,,,,,,,,,,,,,
dutch,123,equalized,fnf,categorical,,0.2,core6_hh,100,False,model seed = shard seed; splits fixed,1,100,100,[20],0.001,0.0001,4,"[30, 30]",60,0.01,0.001,dutch/seed123/equalized/fnf_core6_hh_gamma0.2_made100,,,,,,,,,,,,,,,,
dutch,123,equalized,fnf,categorical,,0.2,core6_hh,50,False,model seed = shard seed; splits fixed,1,100,100,[20],0.001,0.0001,4,"[30, 30]",60,0.01,0.001,dutch/seed123/equalized/fnf_core6_hh_gamma0.2_made50,,,,,,,,,,,,,,,,
dutch,123,equalized,fnf,categorical,,0.5,core6_hh,100,False,model seed = shard seed; splits fixed,1,100,100,[20],0.001,0.0001,4,"[30, 30]",60,0.01,0.001,dutch/seed123/equalized/fnf_core6_hh_gamma0.5_made100,,,,,,,,,,,,,,,,
dutch,123,equalized,fnf,categorical,,0.5,core6_hh,50,False,model seed = shard seed; splits fixed,1,100,100,[20],0.001,0.0001,4,"[30, 30]",60,0.01,0.001,dutch/seed123/equalized/fnf_core6_hh_gamma0.5_made50,,,,,,,,,,,,,,,,
dutch,123,equalized,fnf,categorical,,0.9,core6_hh,100,False,model seed = shard seed; splits fixed,1,100,100,[20],0.001,0.0001,4,"[30, 30]",60,0.01,0.001,dutch/seed123/equalized/fnf_core6_hh_gamma0.9_made100,,,,,,,,,,,,,,,,
dutch,123,equalized,fnf,categorical,,0.9,core6_hh,50,False,model seed = shard seed; splits fixed,1,100,100,[20],0.001,0.0001,4,"[30, 30]",60,0.01,0.001,dutch/seed123/equalized/fnf_core6_hh_gamma0.9_made50,,,,,,,,,,,,,,,,
dutch,123,equalized,fnf,categorical,,0.0,core6_hh,100,False,model seed = shard seed; splits fixed,1,100,100,[20],0.001,0.0001,4,"[30, 30]",60,0.01,0.001,dutch/seed123/equalized/fnf_core6_hh_gamma0_made100,,,,,,,,,,,,,,,,
dutch,123,equalized,fnf,categorical,,0.0,core6_hh,50,False,model seed = shard seed; splits fixed,1,100,100,[20],0.001,0.0001,4,"[30, 30]",60,0.01,0.001,dutch/seed123/equalized/fnf_core6_hh_gamma0_made50,,,,,,,,,,,,,,,,
dutch,123,equalized,fnf,categorical,,1.0,core6_hh,100,False,model seed = shard seed; splits fixed,1,100,100,[20],0.001,0.0001,4,"[30, 30]",60,0.01,0.001,dutch/seed123/equalized/fnf_core6_hh_gamma1_made100,,,,,,,,,,,,,,,,
dutch,123,equalized,fnf,categorical,,1.0,core6_hh,50,False,model seed = shard seed; splits fixed,1,100,100,[20],0.001,0.0001,4,"[30, 30]",60,0.01,0.001,dutch/seed123/equalized/fnf_core6_hh_gamma1_made50,,,,,,,,,,,,,,,,
dutch,123,natural,fnf,categorical_conditional,y,0.5,core6_hh,50,False,model seed = shard seed; splits fixed,,100,100,[20],0.001,0.0001,4,"[30, 30]",60,0.01,0.001,dutch/seed123/natural/cfnf_core6_hh_cond-y_gamma0.5_made50,,,,,,,,,,,,,,,,
dutch,123,natural,fnf,categorical_conditional,y,1.0,core6_hh,50,False,model seed = shard seed; splits fixed,,100,100,[20],0.001,0.0001,4,"[30, 30]",60,0.01,0.001,dutch/seed123/natural/cfnf_core6_hh_cond-y_gamma1_made50,,,,,,,,,,,,,,,,
dutch,123,natural,fnf,categorical_conditional,yhat,0.5,core6_hh,50,False,model seed = shard seed; splits fixed,,100,100,[20],0.001,0.0001,4,"[30, 30]",60,0.01,0.001,dutch/seed123/natural/cfnf_core6_hh_cond-yhat_gamma0.5_made50,,,,,,,,,,,,,,,,
dutch,123,natural,fnf,categorical_conditional,yhat,1.0,core6_hh,50,False,model seed = shard seed; splits fixed,,100,100,[20],0.001,0.0001,4,"[30, 30]",60,0.01,0.001,dutch/seed123/natural/cfnf_core6_hh_cond-yhat_gamma1_made50,,,,,,,,,,,,,,,,
dutch,123,natural,erm,,,,core6,,False,model seed = shard seed; splits fixed,,100,100,[20],0.001,0.0001,4,"[30, 30]",60,0.01,0.001,dutch/seed123/natural/erm_core6,,,,,,,,,,,,,,,,
dutch,123,natural,erm,,,,core6_hh,,False,model seed = shard seed; splits fixed,,100,100,[20],0.001,0.0001,4,"[30, 30]",60,0.01,0.001,dutch/seed123/natural/erm_core6_hh,,,,,,,,,,,,,,,,
dutch,123,natural,fnf,categorical,,0.02,core6,100,False,model seed = shard seed; splits fixed,1,100,100,[20],0.001,0.0001,4,"[30, 30]",60,0.01,0.001,dutch/seed123/natural/fnf_core6_gamma0.02_made100,,,,,,,,,,,,,,,,
dutch,123,natural,fnf,categorical,,0.02,core6,50,False,model seed = shard seed; splits fixed,1,100,100,[20],0.001,0.0001,4,"[30, 30]",60,0.01,0.001,dutch/seed123/natural/fnf_core6_gamma0.02_made50,,,,,,,,,,,,,,,,
dutch,123,natural,fnf,categorical,,0.1,core6,100,False,model seed = shard seed; splits fixed,1,100,100,[20],0.001,0.0001,4,"[30, 30]",60,0.01,0.001,dutch/seed123/natural/fnf_core6_gamma0.1_made100,,,,,,,,,,,,,,,,
dutch,123,natural,fnf,categorical,,0.1,core6,50,False,model seed = shard seed; splits fixed,1,100,100,[20],0.001,0.0001,4,"[30, 30]",60,0.01,0.001,dutch/seed123/natural/fnf_core6_gamma0.1_made50,,,,,,,,,,,,,,,,
dutch,123,natural,fnf,categorical,,0.2,core6,100,False,model seed = shard seed; splits fixed,1,100,100,[20],0.001,0.0001,4,"[30, 30]",60,0.01,0.001,dutch/seed123/natural/fnf_core6_gamma0.2_made100,,,,,,,,,,,,,,,,
dutch,123,natural,fnf,categorical,,0.2,core6,50,False,model seed = shard seed; splits fixed,1,100,100,[20],0.001,0.0001,4,"[30, 30]",60,0.01,0.001,dutch/seed123/natural/fnf_core6_gamma0.2_made50,,,,,,,,,,,,,,,,
dutch,123,natural,fnf,categorical,,0.5,core6,100,False,model seed = shard seed; splits fixed,1,100,100,[20],0.001,0.0001,4,"[30, 30]",60,0.01,0.001,dutch/seed123/natural/fnf_core6_gamma0.5_made100,,,,,,,,,,,,,,,,
dutch,123,natural,fnf,categorical,,0.5,core6,50,False,model seed = shard seed; splits fixed,1,100,100,[20],0.001,0.0001,4,"[30, 30]",60,0.01,0.001,dutch/seed123/natural/fnf_core6_gamma0.5_made50,,,,,,,,,,,,,,,,
dutch,123,natural,fnf,categorical,,0.9,core6,100,False,model seed = shard seed; splits fixed,1,100,100,[20],0.001,0.0001,4,"[30, 30]",60,0.01,0.001,dutch/seed123/natural/fnf_core6_gamma0.9_made100,,,,,,,,,,,,,,,,
dutch,123,natural,fnf,categorical,,0.9,core6,50,False,model seed = shard seed; splits fixed,1,100,100,[20],0.001,0.0001,4,"[30, 30]",60,0.01,0.001,dutch/seed123/natural/fnf_core6_gamma0.9_made50,,,,,,,,,,,,,,,,
dutch,123,natural,fnf,categorical,,0.0,core6,100,False,model seed = shard seed; splits fixed,1,100,100,[20],0.001,0.0001,4,"[30, 30]",60,0.01,0.001,dutch/seed123/natural/fnf_core6_gamma0_made100,,,,,,,,,,,,,,,,
dutch,123,natural,fnf,categorical,,0.0,core6,50,False,model seed = shard seed; splits fixed,1,100,100,[20],0.001,0.0001,4,"[30, 30]",60,0.01,0.001,dutch/seed123/natural/fnf_core6_gamma0_made50,,,,,,,,,,,,,,,,
dutch,123,natural,fnf,categorical,,1.0,core6,100,False,model seed = shard seed; splits fixed,1,100,100,[20],0.001,0.0001,4,"[30, 30]",60,0.01,0.001,dutch/seed123/natural/fnf_core6_gamma1_made100,,,,,,,,,,,,,,,,
dutch,123,natural,fnf,categorical,,1.0,core6,50,False,model seed = shard seed; splits fixed,1,100,100,[20],0.001,0.0001,4,"[30, 30]",60,0.01,0.001,dutch/seed123/natural/fnf_core6_gamma1_made50,,,,,,,,,,,,,,,,
dutch,123,natural,fnf,categorical,,0.02,core6_hh,100,False,model seed = shard seed; splits fixed,1,100,100,[20],0.001,0.0001,4,"[30, 30]",60,0.01,0.001,dutch/seed123/natural/fnf_core6_hh_gamma0.02_made100,,,,,,,,,,,,,,,,
dutch,123,natural,fnf,categorical,,0.02,core6_hh,50,False,model seed = shard seed; splits fixed,1,100,100,[20],0.001,0.0001,4,"[30, 30]",60,0.01,0.001,dutch/seed123/natural/fnf_core6_hh_gamma0.02_made50,,,,,,,,,,,,,,,,
dutch,123,natural,fnf,categorical,,0.1,core6_hh,100,False,model seed = shard seed; splits fixed,1,100,100,[20],0.001,0.0001,4,"[30, 30]",60,0.01,0.001,dutch/seed123/natural/fnf_core6_hh_gamma0.1_made100,,,,,,,,,,,,,,,,
dutch,123,natural,fnf,categorical,,0.1,core6_hh,50,False,model seed = shard seed; splits fixed,1,100,100,[20],0.001,0.0001,4,"[30, 30]",60,0.01,0.001,dutch/seed123/natural/fnf_core6_hh_gamma0.1_made50,,,,,,,,,,,,,,,,
dutch,123,natural,fnf,categorical,,0.2,core6_hh,100,False,model seed = shard seed; splits fixed,1,100,100,[20],0.001,0.0001,4,"[30, 30]",60,0.01,0.001,dutch/seed123/natural/fnf_core6_hh_gamma0.2_made100,,,,,,,,,,,,,,,,
dutch,123,natural,fnf,categorical,,0.2,core6_hh,50,False,model seed = shard seed; splits fixed,1,100,100,[20],0.001,0.0001,4,"[30, 30]",60,0.01,0.001,dutch/seed123/natural/fnf_core6_hh_gamma0.2_made50,,,,,,,,,,,,,,,,
dutch,123,natural,fnf,categorical,,0.5,core6_hh,100,False,model seed = shard seed; splits fixed,1,100,100,[20],0.001,0.0001,4,"[30, 30]",60,0.01,0.001,dutch/seed123/natural/fnf_core6_hh_gamma0.5_made100,,,,,,,,,,,,,,,,
dutch,123,natural,fnf,categorical,,0.5,core6_hh,50,False,model seed = shard seed; splits fixed,1,100,100,[20],0.001,0.0001,4,"[30, 30]",60,0.01,0.001,dutch/seed123/natural/fnf_core6_hh_gamma0.5_made50,,,,,,,,,,,,,,,,
dutch,123,natural,fnf,categorical,,0.9,core6_hh,100,False,model seed = shard seed; splits fixed,1,100,100,[20],0.001,0.0001,4,"[30, 30]",60,0.01,0.001,dutch/seed123/natural/fnf_core6_hh_gamma0.9_made100,,,,,,,,,,,,,,,,
dutch,123,natural,fnf,categorical,,0.9,core6_hh,50,False,model seed = shard seed; splits fixed,1,100,100,[20],0.001,0.0001,4,"[30, 30]",60,0.01,0.001,dutch/seed123/natural/fnf_core6_hh_gamma0.9_made50,,,,,,,,,,,,,,,,
dutch,123,natural,fnf,categorical,,0.0,core6_hh,100,False,model seed = shard seed; splits fixed,1,100,100,[20],0.001,0.0001,4,"[30, 30]",60,0.01,0.001,dutch/seed123/natural/fnf_core6_hh_gamma0_made100,,,,,,,,,,,,,,,,
dutch,123,natural,fnf,categorical,,0.0,core6_hh,50,False,model seed = shard seed; splits fixed,1,100,100,[20],0.001,0.0001,4,"[30, 30]",60,0.01,0.001,dutch/seed123/natural/fnf_core6_hh_gamma0_made50,,,,,,,,,,,,,,,,
dutch,123,natural,fnf,categorical,,1.0,core6_hh,100,False,model seed = shard seed; splits fixed,1,100,100,[20],0.001,0.0001,4,"[30, 30]",60,0.01,0.001,dutch/seed123/natural/fnf_core6_hh_gamma1_made100,,,,,,,,,,,,,,,,
dutch,123,natural,fnf,categorical,,1.0,core6_hh,50,False,model seed = shard seed; splits fixed,1,100,100,[20],0.001,0.0001,4,"[30, 30]",60,0.01,0.001,dutch/seed123/natural/fnf_core6_hh_gamma1_made50,,,,,,,,,,,,,,,,
dutch,123,shift50,fnf,categorical_conditional,y,0.5,core6_hh,50,False,model seed = shard seed; splits fixed,,100,100,[20],0.001,0.0001,4,"[30, 30]",60,0.01,0.001,dutch/seed123/shift50/cfnf_core6_hh_cond-y_gamma0.5_made50,,,,,,,,,,,,,,,,
dutch,123,shift50,fnf,categorical_conditional,y,1.0,core6_hh,50,False,model seed = shard seed; splits fixed,,100,100,[20],0.001,0.0001,4,"[30, 30]",60,0.01,0.001,dutch/seed123/shift50/cfnf_core6_hh_cond-y_gamma1_made50,,,,,,,,,,,,,,,,
dutch,123,shift50,fnf,categorical_conditional,yhat,0.5,core6_hh,50,False,model seed = shard seed; splits fixed,,100,100,[20],0.001,0.0001,4,"[30, 30]",60,0.01,0.001,dutch/seed123/shift50/cfnf_core6_hh_cond-yhat_gamma0.5_made50,,,,,,,,,,,,,,,,
dutch,123,shift50,fnf,categorical_conditional,yhat,1.0,core6_hh,50,False,model seed = shard seed; splits fixed,,100,100,[20],0.001,0.0001,4,"[30, 30]",60,0.01,0.001,dutch/seed123/shift50/cfnf_core6_hh_cond-yhat_gamma1_made50,,,,,,,,,,,,,,,,
dutch,123,shift50,erm,,,,core6,,False,model seed = shard seed; splits fixed,,100,100,[20],0.001,0.0001,4,"[30, 30]",60,0.01,0.001,dutch/seed123/shift50/erm_core6,,,,,,,,,,,,,,,,
dutch,123,shift50,erm,,,,core6_hh,,False,model seed = shard seed; splits fixed,,100,100,[20],0.001,0.0001,4,"[30, 30]",60,0.01,0.001,dutch/seed123/shift50/erm_core6_hh,,,,,,,,,,,,,,,,
dutch,123,shift50,fnf,categorical,,0.02,core6,100,False,model seed = shard seed; splits fixed,1,100,100,[20],0.001,0.0001,4,"[30, 30]",60,0.01,0.001,dutch/seed123/shift50/fnf_core6_gamma0.02_made100,,,,,,,,,,,,,,,,
dutch,123,shift50,fnf,categorical,,0.02,core6,50,False,model seed = shard seed; splits fixed,1,100,100,[20],0.001,0.0001,4,"[30, 30]",60,0.01,0.001,dutch/seed123/shift50/fnf_core6_gamma0.02_made50,,,,,,,,,,,,,,,,
dutch,123,shift50,fnf,categorical,,0.1,core6,100,False,model seed = shard seed; splits fixed,1,100,100,[20],0.001,0.0001,4,"[30, 30]",60,0.01,0.001,dutch/seed123/shift50/fnf_core6_gamma0.1_made100,,,,,,,,,,,,,,,,
dutch,123,shift50,fnf,categorical,,0.1,core6,50,False,model seed = shard seed; splits fixed,1,100,100,[20],0.001,0.0001,4,"[30, 30]",60,0.01,0.001,dutch/seed123/shift50/fnf_core6_gamma0.1_made50,,,,,,,,,,,,,,,,
dutch,123,shift50,fnf,categorical,,0.2,core6,100,False,model seed = shard seed; splits fixed,1,100,100,[20],0.001,0.0001,4,"[30, 30]",60,0.01,0.001,dutch/seed123/shift50/fnf_core6_gamma0.2_made100,,,,,,,,,,,,,,,,
dutch,123,shift50,fnf,categorical,,0.2,core6,50,False,model seed = shard seed; splits fixed,1,100,100,[20],0.001,0.0001,4,"[30, 30]",60,0.01,0.001,dutch/seed123/shift50/fnf_core6_gamma0.2_made50,,,,,,,,,,,,,,,,
dutch,123,shift50,fnf,categorical,,0.5,core6,100,False,model seed = shard seed; splits fixed,1,100,100,[20],0.001,0.0001,4,"[30, 30]",60,0.01,0.001,dutch/seed123/shift50/fnf_core6_gamma0.5_made100,,,,,,,,,,,,,,,,
dutch,123,shift50,fnf,categorical,,0.5,core6,50,False,model seed = shard seed; splits fixed,1,100,100,[20],0.001,0.0001,4,"[30, 30]",60,0.01,0.001,dutch/seed123/shift50/fnf_core6_gamma0.5_made50,,,,,,,,,,,,,,,,
dutch,123,shift50,fnf,categorical,,0.9,core6,100,False,model seed = shard seed; splits fixed,1,100,100,[20],0.001,0.0001,4,"[30, 30]",60,0.01,0.001,dutch/seed123/shift50/fnf_core6_gamma0.9_made100,,,,,,,,,,,,,,,,
dutch,123,shift50,fnf,categorical,,0.9,core6,50,False,model seed = shard seed; splits fixed,1,100,100,[20],0.001,0.0001,4,"[30, 30]",60,0.01,0.001,dutch/seed123/shift50/fnf_core6_gamma0.9_made50,,,,,,,,,,,,,,,,
dutch,123,shift50,fnf,categorical,,0.0,core6,100,False,model seed = shard seed; splits fixed,1,100,100,[20],0.001,0.0001,4,"[30, 30]",60,0.01,0.001,dutch/seed123/shift50/fnf_core6_gamma0_made100,,,,,,,,,,,,,,,,
dutch,123,shift50,fnf,categorical,,0.0,core6,50,False,model seed = shard seed; splits fixed,1,100,100,[20],0.001,0.0001,4,"[30, 30]",60,0.01,0.001,dutch/seed123/shift50/fnf_core6_gamma0_made50,,,,,,,,,,,,,,,,
dutch,123,shift50,fnf,categorical,,1.0,core6,100,False,model seed = shard seed; splits fixed,1,100,100,[20],0.001,0.0001,4,"[30, 30]",60,0.01,0.001,dutch/seed123/shift50/fnf_core6_gamma1_made100,,,,,,,,,,,,,,,,
dutch,123,shift50,fnf,categorical,,1.0,core6,50,False,model seed = shard seed; splits fixed,1,100,100,[20],0.001,0.0001,4,"[30, 30]",60,0.01,0.001,dutch/seed123/shift50/fnf_core6_gamma1_made50,,,,,,,,,,,,,,,,
dutch,123,shift50,fnf,categorical,,0.02,core6_hh,100,False,model seed = shard seed; splits fixed,1,100,100,[20],0.001,0.0001,4,"[30, 30]",60,0.01,0.001,dutch/seed123/shift50/fnf_core6_hh_gamma0.02_made100,,,,,,,,,,,,,,,,
dutch,123,shift50,fnf,categorical,,0.02,core6_hh,50,False,model seed = shard seed; splits fixed,1,100,100,[20],0.001,0.0001,4,"[30, 30]",60,0.01,0.001,dutch/seed123/shift50/fnf_core6_hh_gamma0.02_made50,,,,,,,,,,,,,,,,
dutch,123,shift50,fnf,categorical,,0.1,core6_hh,100,False,model seed = shard seed; splits fixed,1,100,100,[20],0.001,0.0001,4,"[30, 30]",60,0.01,0.001,dutch/seed123/shift50/fnf_core6_hh_gamma0.1_made100,,,,,,,,,,,,,,,,
dutch,123,shift50,fnf,categorical,,0.1,core6_hh,50,False,model seed = shard seed; splits fixed,1,100,100,[20],0.001,0.0001,4,"[30, 30]",60,0.01,0.001,dutch/seed123/shift50/fnf_core6_hh_gamma0.1_made50,,,,,,,,,,,,,,,,
dutch,123,shift50,fnf,categorical,,0.2,core6_hh,100,False,model seed = shard seed; splits fixed,1,100,100,[20],0.001,0.0001,4,"[30, 30]",60,0.01,0.001,dutch/seed123/shift50/fnf_core6_hh_gamma0.2_made100,,,,,,,,,,,,,,,,
dutch,123,shift50,fnf,categorical,,0.2,core6_hh,50,False,model seed = shard seed; splits fixed,1,100,100,[20],0.001,0.0001,4,"[30, 30]",60,0.01,0.001,dutch/seed123/shift50/fnf_core6_hh_gamma0.2_made50,,,,,,,,,,,,,,,,
dutch,123,shift50,fnf,categorical,,0.5,core6_hh,100,False,model seed = shard seed; splits fixed,1,100,100,[20],0.001,0.0001,4,"[30, 30]",60,0.01,0.001,dutch/seed123/shift50/fnf_core6_hh_gamma0.5_made100,,,,,,,,,,,,,,,,
dutch,123,shift50,fnf,categorical,,0.5,core6_hh,50,False,model seed = shard seed; splits fixed,1,100,100,[20],0.001,0.0001,4,"[30, 30]",60,0.01,0.001,dutch/seed123/shift50/fnf_core6_hh_gamma0.5_made50,,,,,,,,,,,,,,,,
dutch,123,shift50,fnf,categorical,,0.9,core6_hh,100,False,model seed = shard seed; splits fixed,1,100,100,[20],0.001,0.0001,4,"[30, 30]",60,0.01,0.001,dutch/seed123/shift50/fnf_core6_hh_gamma0.9_made100,,,,,,,,,,,,,,,,
dutch,123,shift50,fnf,categorical,,0.9,core6_hh,50,False,model seed = shard seed; splits fixed,1,100,100,[20],0.001,0.0001,4,"[30, 30]",60,0.01,0.001,dutch/seed123/shift50/fnf_core6_hh_gamma0.9_made50,,,,,,,,,,,,,,,,
dutch,123,shift50,fnf,categorical,,0.0,core6_hh,100,False,model seed = shard seed; splits fixed,1,100,100,[20],0.001,0.0001,4,"[30, 30]",60,0.01,0.001,dutch/seed123/shift50/fnf_core6_hh_gamma0_made100,,,,,,,,,,,,,,,,
dutch,123,shift50,fnf,categorical,,0.0,core6_hh,50,False,model seed = shard seed; splits fixed,1,100,100,[20],0.001,0.0001,4,"[30, 30]",60,0.01,0.001,dutch/seed123/shift50/fnf_core6_hh_gamma0_made50,,,,,,,,,,,,,,,,
dutch,123,shift50,fnf,categorical,,1.0,core6_hh,100,False,model seed = shard seed; splits fixed,1,100,100,[20],0.001,0.0001,4,"[30, 30]",60,0.01,0.001,dutch/seed123/shift50/fnf_core6_hh_gamma1_made100,,,,,,,,,,,,,,,,
dutch,123,shift50,fnf,categorical,,1.0,core6_hh,50,False,model seed = shard seed; splits fixed,1,100,100,[20],0.001,0.0001,4,"[30, 30]",60,0.01,0.001,dutch/seed123/shift50/fnf_core6_hh_gamma1_made50,,,,,,,,,,,,,,,,
dutch,123,shift75,fnf,categorical_conditional,y,0.5,core6_hh,50,False,model seed = shard seed; splits fixed,,100,100,[20],0.001,0.0001,4,"[30, 30]",60,0.01,0.001,dutch/seed123/shift75/cfnf_core6_hh_cond-y_gamma0.5_made50,,,,,,,,,,,,,,,,
dutch,123,shift75,fnf,categorical_conditional,y,1.0,core6_hh,50,False,model seed = shard seed; splits fixed,,100,100,[20],0.001,0.0001,4,"[30, 30]",60,0.01,0.001,dutch/seed123/shift75/cfnf_core6_hh_cond-y_gamma1_made50,,,,,,,,,,,,,,,,
dutch,123,shift75,fnf,categorical_conditional,yhat,0.5,core6_hh,50,False,model seed = shard seed; splits fixed,,100,100,[20],0.001,0.0001,4,"[30, 30]",60,0.01,0.001,dutch/seed123/shift75/cfnf_core6_hh_cond-yhat_gamma0.5_made50,,,,,,,,,,,,,,,,
dutch,123,shift75,fnf,categorical_conditional,yhat,1.0,core6_hh,50,False,model seed = shard seed; splits fixed,,100,100,[20],0.001,0.0001,4,"[30, 30]",60,0.01,0.001,dutch/seed123/shift75/cfnf_core6_hh_cond-yhat_gamma1_made50,,,,,,,,,,,,,,,,
dutch,123,shift75,erm,,,,core6,,False,model seed = shard seed; splits fixed,,100,100,[20],0.001,0.0001,4,"[30, 30]",60,0.01,0.001,dutch/seed123/shift75/erm_core6,,,,,,,,,,,,,,,,
dutch,123,shift75,erm,,,,core6_hh,,False,model seed = shard seed; splits fixed,,100,100,[20],0.001,0.0001,4,"[30, 30]",60,0.01,0.001,dutch/seed123/shift75/erm_core6_hh,,,,,,,,,,,,,,,,
dutch,123,shift75,fnf,categorical,,0.02,core6,100,False,model seed = shard seed; splits fixed,1,100,100,[20],0.001,0.0001,4,"[30, 30]",60,0.01,0.001,dutch/seed123/shift75/fnf_core6_gamma0.02_made100,,,,,,,,,,,,,,,,
dutch,123,shift75,fnf,categorical,,0.02,core6,50,False,model seed = shard seed; splits fixed,1,100,100,[20],0.001,0.0001,4,"[30, 30]",60,0.01,0.001,dutch/seed123/shift75/fnf_core6_gamma0.02_made50,,,,,,,,,,,,,,,,
dutch,123,shift75,fnf,categorical,,0.1,core6,100,False,model seed = shard seed; splits fixed,1,100,100,[20],0.001,0.0001,4,"[30, 30]",60,0.01,0.001,dutch/seed123/shift75/fnf_core6_gamma0.1_made100,,,,,,,,,,,,,,,,
dutch,123,shift75,fnf,categorical,,0.1,core6,50,False,model seed = shard seed; splits fixed,1,100,100,[20],0.001,0.0001,4,"[30, 30]",60,0.01,0.001,dutch/seed123/shift75/fnf_core6_gamma0.1_made50,,,,,,,,,,,,,,,,
dutch,123,shift75,fnf,categorical,,0.2,core6,100,False,model seed = shard seed; splits fixed,1,100,100,[20],0.001,0.0001,4,"[30, 30]",60,0.01,0.001,dutch/seed123/shift75/fnf_core6_gamma0.2_made100,,,,,,,,,,,,,,,,
dutch,123,shift75,fnf,categorical,,0.2,core6,50,False,model seed = shard seed; splits fixed,1,100,100,[20],0.001,0.0001,4,"[30, 30]",60,0.01,0.001,dutch/seed123/shift75/fnf_core6_gamma0.2_made50,,,,,,,,,,,,,,,,
dutch,123,shift75,fnf,categorical,,0.5,core6,100,False,model seed = shard seed; splits fixed,1,100,100,[20],0.001,0.0001,4,"[30, 30]",60,0.01,0.001,dutch/seed123/shift75/fnf_core6_gamma0.5_made100,,,,,,,,,,,,,,,,
dutch,123,shift75,fnf,categorical,,0.5,core6,50,False,model seed = shard seed; splits fixed,1,100,100,[20],0.001,0.0001,4,"[30, 30]",60,0.01,0.001,dutch/seed123/shift75/fnf_core6_gamma0.5_made50,,,,,,,,,,,,,,,,
dutch,123,shift75,fnf,categorical,,0.9,core6,100,False,model seed = shard seed; splits fixed,1,100,100,[20],0.001,0.0001,4,"[30, 30]",60,0.01,0.001,dutch/seed123/shift75/fnf_core6_gamma0.9_made100,,,,,,,,,,,,,,,,
dutch,123,shift75,fnf,categorical,,0.9,core6,50,False,model seed = shard seed; splits fixed,1,100,100,[20],0.001,0.0001,4,"[30, 30]",60,0.01,0.001,dutch/seed123/shift75/fnf_core6_gamma0.9_made50,,,,,,,,,,,,,,,,
dutch,123,shift75,fnf,categorical,,0.0,core6,100,False,model seed = shard seed; splits fixed,1,100,100,[20],0.001,0.0001,4,"[30, 30]",60,0.01,0.001,dutch/seed123/shift75/fnf_core6_gamma0_made100,,,,,,,,,,,,,,,,
dutch,123,shift75,fnf,categorical,,0.0,core6,50,False,model seed = shard seed; splits fixed,1,100,100,[20],0.001,0.0001,4,"[30, 30]",60,0.01,0.001,dutch/seed123/shift75/fnf_core6_gamma0_made50,,,,,,,,,,,,,,,,
dutch,123,shift75,fnf,categorical,,1.0,core6,100,False,model seed = shard seed; splits fixed,1,100,100,[20],0.001,0.0001,4,"[30, 30]",60,0.01,0.001,dutch/seed123/shift75/fnf_core6_gamma1_made100,,,,,,,,,,,,,,,,
dutch,123,shift75,fnf,categorical,,1.0,core6,50,False,model seed = shard seed; splits fixed,1,100,100,[20],0.001,0.0001,4,"[30, 30]",60,0.01,0.001,dutch/seed123/shift75/fnf_core6_gamma1_made50,,,,,,,,,,,,,,,,
dutch,123,shift75,fnf,categorical,,0.02,core6_hh,100,False,model seed = shard seed; splits fixed,1,100,100,[20],0.001,0.0001,4,"[30, 30]",60,0.01,0.001,dutch/seed123/shift75/fnf_core6_hh_gamma0.02_made100,,,,,,,,,,,,,,,,
dutch,123,shift75,fnf,categorical,,0.02,core6_hh,50,False,model seed = shard seed; splits fixed,1,100,100,[20],0.001,0.0001,4,"[30, 30]",60,0.01,0.001,dutch/seed123/shift75/fnf_core6_hh_gamma0.02_made50,,,,,,,,,,,,,,,,
dutch,123,shift75,fnf,categorical,,0.1,core6_hh,100,False,model seed = shard seed; splits fixed,1,100,100,[20],0.001,0.0001,4,"[30, 30]",60,0.01,0.001,dutch/seed123/shift75/fnf_core6_hh_gamma0.1_made100,,,,,,,,,,,,,,,,
dutch,123,shift75,fnf,categorical,,0.1,core6_hh,50,False,model seed = shard seed; splits fixed,1,100,100,[20],0.001,0.0001,4,"[30, 30]",60,0.01,0.001,dutch/seed123/shift75/fnf_core6_hh_gamma0.1_made50,,,,,,,,,,,,,,,,
dutch,123,shift75,fnf,categorical,,0.2,core6_hh,100,False,model seed = shard seed; splits fixed,1,100,100,[20],0.001,0.0001,4,"[30, 30]",60,0.01,0.001,dutch/seed123/shift75/fnf_core6_hh_gamma0.2_made100,,,,,,,,,,,,,,,,
dutch,123,shift75,fnf,categorical,,0.2,core6_hh,50,False,model seed = shard seed; splits fixed,1,100,100,[20],0.001,0.0001,4,"[30, 30]",60,0.01,0.001,dutch/seed123/shift75/fnf_core6_hh_gamma0.2_made50,,,,,,,,,,,,,,,,
dutch,123,shift75,fnf,categorical,,0.5,core6_hh,100,False,model seed = shard seed; splits fixed,1,100,100,[20],0.001,0.0001,4,"[30, 30]",60,0.01,0.001,dutch/seed123/shift75/fnf_core6_hh_gamma0.5_made100,,,,,,,,,,,,,,,,
dutch,123,shift75,fnf,categorical,,0.5,core6_hh,50,False,model seed = shard seed; splits fixed,1,100,100,[20],0.001,0.0001,4,"[30, 30]",60,0.01,0.001,dutch/seed123/shift75/fnf_core6_hh_gamma0.5_made50,,,,,,,,,,,,,,,,
dutch,123,shift75,fnf,categorical,,0.9,core6_hh,100,False,model seed = shard seed; splits fixed,1,100,100,[20],0.001,0.0001,4,"[30, 30]",60,0.01,0.001,dutch/seed123/shift75/fnf_core6_hh_gamma0.9_made100,,,,,,,,,,,,,,,,
dutch,123,shift75,fnf,categorical,,0.9,core6_hh,50,False,model seed = shard seed; splits fixed,1,100,100,[20],0.001,0.0001,4,"[30, 30]",60,0.01,0.001,dutch/seed123/shift75/fnf_core6_hh_gamma0.9_made50,,,,,,,,,,,,,,,,
dutch,123,shift75,fnf,categorical,,0.0,core6_hh,100,False,model seed = shard seed; splits fixed,1,100,100,[20],0.001,0.0001,4,"[30, 30]",60,0.01,0.001,dutch/seed123/shift75/fnf_core6_hh_gamma0_made100,,,,,,,,,,,,,,,,
dutch,123,shift75,fnf,categorical,,0.0,core6_hh,50,False,model seed = shard seed; splits fixed,1,100,100,[20],0.001,0.0001,4,"[30, 30]",60,0.01,0.001,dutch/seed123/shift75/fnf_core6_hh_gamma0_made50,,,,,,,,,,,,,,,,
dutch,123,shift75,fnf,categorical,,1.0,core6_hh,100,False,model seed = shard seed; splits fixed,1,100,100,[20],0.001,0.0001,4,"[30, 30]",60,0.01,0.001,dutch/seed123/shift75/fnf_core6_hh_gamma1_made100,,,,,,,,,,,,,,,,
dutch,123,shift75,fnf,categorical,,1.0,core6_hh,50,False,model seed = shard seed; splits fixed,1,100,100,[20],0.001,0.0001,4,"[30, 30]",60,0.01,0.001,dutch/seed123/shift75/fnf_core6_hh_gamma1_made50,,,,,,,,,,,,,,,,
dutch,42,equalized,fnf,categorical_conditional,y,0.5,core6_hh,50,False,model seed = shard seed; splits fixed,,100,100,[20],0.001,0.0001,4,"[30, 30]",60,0.01,0.001,dutch/seed42/equalized/cfnf_core6_hh_cond-y_gamma0.5_made50,,,,,,,,,,,,,,,,
dutch,42,equalized,fnf,categorical_conditional,y,1.0,core6_hh,50,False,model seed = shard seed; splits fixed,,100,100,[20],0.001,0.0001,4,"[30, 30]",60,0.01,0.001,dutch/seed42/equalized/cfnf_core6_hh_cond-y_gamma1_made50,,,,,,,,,,,,,,,,
dutch,42,equalized,fnf,categorical_conditional,yhat,0.5,core6_hh,50,False,model seed = shard seed; splits fixed,,100,100,[20],0.001,0.0001,4,"[30, 30]",60,0.01,0.001,dutch/seed42/equalized/cfnf_core6_hh_cond-yhat_gamma0.5_made50,,,,,,,,,,,,,,,,
dutch,42,equalized,fnf,categorical_conditional,yhat,1.0,core6_hh,50,False,model seed = shard seed; splits fixed,,100,100,[20],0.001,0.0001,4,"[30, 30]",60,0.01,0.001,dutch/seed42/equalized/cfnf_core6_hh_cond-yhat_gamma1_made50,,,,,,,,,,,,,,,,
dutch,42,equalized,erm,,,,core6,,False,model seed = shard seed; splits fixed,,100,100,[20],0.001,0.0001,4,"[30, 30]",60,0.01,0.001,dutch/seed42/equalized/erm_core6,,,,,,,,,,,,,,,,
dutch,42,equalized,erm,,,,core6_hh,,False,model seed = shard seed; splits fixed,,100,100,[20],0.001,0.0001,4,"[30, 30]",60,0.01,0.001,dutch/seed42/equalized/erm_core6_hh,,,,,,,,,,,,,,,,
dutch,42,equalized,fnf,categorical,,0.02,core6,100,False,model seed = shard seed; splits fixed,1,100,100,[20],0.001,0.0001,4,"[30, 30]",60,0.01,0.001,dutch/seed42/equalized/fnf_core6_gamma0.02_made100,,,,,,,,,,,,,,,,
dutch,42,equalized,fnf,categorical,,0.02,core6,50,False,model seed = shard seed; splits fixed,1,100,100,[20],0.001,0.0001,4,"[30, 30]",60,0.01,0.001,dutch/seed42/equalized/fnf_core6_gamma0.02_made50,,,,,,,,,,,,,,,,
dutch,42,equalized,fnf,categorical,,0.1,core6,100,False,model seed = shard seed; splits fixed,1,100,100,[20],0.001,0.0001,4,"[30, 30]",60,0.01,0.001,dutch/seed42/equalized/fnf_core6_gamma0.1_made100,,,,,,,,,,,,,,,,
dutch,42,equalized,fnf,categorical,,0.1,core6,50,False,model seed = shard seed; splits fixed,1,100,100,[20],0.001,0.0001,4,"[30, 30]",60,0.01,0.001,dutch/seed42/equalized/fnf_core6_gamma0.1_made50,,,,,,,,,,,,,,,,
dutch,42,equalized,fnf,categorical,,0.2,core6,100,False,model seed = shard seed; splits fixed,1,100,100,[20],0.001,0.0001,4,"[30, 30]",60,0.01,0.001,dutch/seed42/equalized/fnf_core6_gamma0.2_made100,,,,,,,,,,,,,,,,
dutch,42,equalized,fnf,categorical,,0.2,core6,50,False,model seed = shard seed; splits fixed,1,100,100,[20],0.001,0.0001,4,"[30, 30]",60,0.01,0.001,dutch/seed42/equalized/fnf_core6_gamma0.2_made50,,,,,,,,,,,,,,,,
dutch,42,equalized,fnf,categorical,,0.5,core6,100,False,model seed = shard seed; splits fixed,1,100,100,[20],0.001,0.0001,4,"[30, 30]",60,0.01,0.001,dutch/seed42/equalized/fnf_core6_gamma0.5_made100,,,,,,,,,,,,,,,,
dutch,42,equalized,fnf,categorical,,0.5,core6,50,False,model seed = shard seed; splits fixed,1,100,100,[20],0.001,0.0001,4,"[30, 30]",60,0.01,0.001,dutch/seed42/equalized/fnf_core6_gamma0.5_made50,,,,,,,,,,,,,,,,
dutch,42,equalized,fnf,categorical,,0.9,core6,100,False,model seed = shard seed; splits fixed,1,100,100,[20],0.001,0.0001,4,"[30, 30]",60,0.01,0.001,dutch/seed42/equalized/fnf_core6_gamma0.9_made100,,,,,,,,,,,,,,,,
dutch,42,equalized,fnf,categorical,,0.9,core6,50,False,model seed = shard seed; splits fixed,1,100,100,[20],0.001,0.0001,4,"[30, 30]",60,0.01,0.001,dutch/seed42/equalized/fnf_core6_gamma0.9_made50,,,,,,,,,,,,,,,,
dutch,42,equalized,fnf,categorical,,0.0,core6,100,False,model seed = shard seed; splits fixed,1,100,100,[20],0.001,0.0001,4,"[30, 30]",60,0.01,0.001,dutch/seed42/equalized/fnf_core6_gamma0_made100,,,,,,,,,,,,,,,,
dutch,42,equalized,fnf,categorical,,0.0,core6,50,False,model seed = shard seed; splits fixed,1,100,100,[20],0.001,0.0001,4,"[30, 30]",60,0.01,0.001,dutch/seed42/equalized/fnf_core6_gamma0_made50,,,,,,,,,,,,,,,,
dutch,42,equalized,fnf,categorical,,1.0,core6,100,False,model seed = shard seed; splits fixed,1,100,100,[20],0.001,0.0001,4,"[30, 30]",60,0.01,0.001,dutch/seed42/equalized/fnf_core6_gamma1_made100,,,,,,,,,,,,,,,,
dutch,42,equalized,fnf,categorical,,1.0,core6,50,False,model seed = shard seed; splits fixed,1,100,100,[20],0.001,0.0001,4,"[30, 30]",60,0.01,0.001,dutch/seed42/equalized/fnf_core6_gamma1_made50,,,,,,,,,,,,,,,,
dutch,42,equalized,fnf,categorical,,0.02,core6_hh,100,False,model seed = shard seed; splits fixed,1,100,100,[20],0.001,0.0001,4,"[30, 30]",60,0.01,0.001,dutch/seed42/equalized/fnf_core6_hh_gamma0.02_made100,,,,,,,,,,,,,,,,
dutch,42,equalized,fnf,categorical,,0.02,core6_hh,50,False,model seed = shard seed; splits fixed,1,100,100,[20],0.001,0.0001,4,"[30, 30]",60,0.01,0.001,dutch/seed42/equalized/fnf_core6_hh_gamma0.02_made50,,,,,,,,,,,,,,,,
dutch,42,equalized,fnf,categorical,,0.1,core6_hh,100,False,model seed = shard seed; splits fixed,1,100,100,[20],0.001,0.0001,4,"[30, 30]",60,0.01,0.001,dutch/seed42/equalized/fnf_core6_hh_gamma0.1_made100,,,,,,,,,,,,,,,,
dutch,42,equalized,fnf,categorical,,0.1,core6_hh,50,False,model seed = shard seed; splits fixed,1,100,100,[20],0.001,0.0001,4,"[30, 30]",60,0.01,0.001,dutch/seed42/equalized/fnf_core6_hh_gamma0.1_made50,,,,,,,,,,,,,,,,
dutch,42,equalized,fnf,categorical,,0.2,core6_hh,100,False,model seed = shard seed; splits fixed,1,100,100,[20],0.001,0.0001,4,"[30, 30]",60,0.01,0.001,dutch/seed42/equalized/fnf_core6_hh_gamma0.2_made100,,,,,,,,,,,,,,,,
dutch,42,equalized,fnf,categorical,,0.2,core6_hh,50,False,model seed = shard seed; splits fixed,1,100,100,[20],0.001,0.0001,4,"[30, 30]",60,0.01,0.001,dutch/seed42/equalized/fnf_core6_hh_gamma0.2_made50,,,,,,,,,,,,,,,,
dutch,42,equalized,fnf,categorical,,0.5,core6_hh,100,False,model seed = shard seed; splits fixed,1,100,100,[20],0.001,0.0001,4,"[30, 30]",60,0.01,0.001,dutch/seed42/equalized/fnf_core6_hh_gamma0.5_made100,,,,,,,,,,,,,,,,
dutch,42,equalized,fnf,categorical,,0.5,core6_hh,50,False,model seed = shard seed; splits fixed,1,100,100,[20],0.001,0.0001,4,"[30, 30]",60,0.01,0.001,dutch/seed42/equalized/fnf_core6_hh_gamma0.5_made50,,,,,,,,,,,,,,,,
dutch,42,equalized,fnf,categorical,,0.9,core6_hh,100,False,model seed = shard seed; splits fixed,1,100,100,[20],0.001,0.0001,4,"[30, 30]",60,0.01,0.001,dutch/seed42/equalized/fnf_core6_hh_gamma0.9_made100,,,,,,,,,,,,,,,,
dutch,42,equalized,fnf,categorical,,0.9,core6_hh,50,False,model seed = shard seed; splits fixed,1,100,100,[20],0.001,0.0001,4,"[30, 30]",60,0.01,0.001,dutch/seed42/equalized/fnf_core6_hh_gamma0.9_made50,,,,,,,,,,,,,,,,
dutch,42,equalized,fnf,categorical,,0.0,core6_hh,100,False,model seed = shard seed; splits fixed,1,100,100,[20],0.001,0.0001,4,"[30, 30]",60,0.01,0.001,dutch/seed42/equalized/fnf_core6_hh_gamma0_made100,,,,,,,,,,,,,,,,
dutch,42,equalized,fnf,categorical,,0.0,core6_hh,50,False,model seed = shard seed; splits fixed,1,100,100,[20],0.001,0.0001,4,"[30, 30]",60,0.01,0.001,dutch/seed42/equalized/fnf_core6_hh_gamma0_made50,,,,,,,,,,,,,,,,
dutch,42,equalized,fnf,categorical,,1.0,core6_hh,100,False,model seed = shard seed; splits fixed,1,100,100,[20],0.001,0.0001,4,"[30, 30]",60,0.01,0.001,dutch/seed42/equalized/fnf_core6_hh_gamma1_made100,,,,,,,,,,,,,,,,
dutch,42,equalized,fnf,categorical,,1.0,core6_hh,50,False,model seed = shard seed; splits fixed,1,100,100,[20],0.001,0.0001,4,"[30, 30]",60,0.01,0.001,dutch/seed42/equalized/fnf_core6_hh_gamma1_made50,,,,,,,,,,,,,,,,
dutch,42,natural,fnf,categorical_conditional,y,0.5,core6_hh,50,False,model seed = shard seed; splits fixed,,100,100,[20],0.001,0.0001,4,"[30, 30]",60,0.01,0.001,dutch/seed42/natural/cfnf_core6_hh_cond-y_gamma0.5_made50,,,,,,,,,,,,,,,,
dutch,42,natural,fnf,categorical_conditional,y,1.0,core6_hh,50,False,model seed = shard seed; splits fixed,,100,100,[20],0.001,0.0001,4,"[30, 30]",60,0.01,0.001,dutch/seed42/natural/cfnf_core6_hh_cond-y_gamma1_made50,,,,,,,,,,,,,,,,
dutch,42,natural,fnf,categorical_conditional,yhat,0.5,core6_hh,50,False,model seed = shard seed; splits fixed,,100,100,[20],0.001,0.0001,4,"[30, 30]",60,0.01,0.001,dutch/seed42/natural/cfnf_core6_hh_cond-yhat_gamma0.5_made50,,,,,,,,,,,,,,,,
dutch,42,natural,fnf,categorical_conditional,yhat,1.0,core6_hh,50,False,model seed = shard seed; splits fixed,,100,100,[20],0.001,0.0001,4,"[30, 30]",60,0.01,0.001,dutch/seed42/natural/cfnf_core6_hh_cond-yhat_gamma1_made50,,,,,,,,,,,,,,,,
dutch,42,natural,erm,,,,core6,,False,model seed = shard seed; splits fixed,,100,100,[20],0.001,0.0001,4,"[30, 30]",60,0.01,0.001,dutch/seed42/natural/erm_core6,,,,,,,,,,,,,,,,
dutch,42,natural,erm,,,,core6_hh,,False,model seed = shard seed; splits fixed,,100,100,[20],0.001,0.0001,4,"[30, 30]",60,0.01,0.001,dutch/seed42/natural/erm_core6_hh,,,,,,,,,,,,,,,,
dutch,42,natural,fnf,categorical,,0.02,core6,100,False,model seed = shard seed; splits fixed,1,100,100,[20],0.001,0.0001,4,"[30, 30]",60,0.01,0.001,dutch/seed42/natural/fnf_core6_gamma0.02_made100,,,,,,,,,,,,,,,,
dutch,42,natural,fnf,categorical,,0.02,core6,50,False,model seed = shard seed; splits fixed,1,100,100,[20],0.001,0.0001,4,"[30, 30]",60,0.01,0.001,dutch/seed42/natural/fnf_core6_gamma0.02_made50,,,,,,,,,,,,,,,,
dutch,42,natural,fnf,categorical,,0.1,core6,100,False,model seed = shard seed; splits fixed,1,100,100,[20],0.001,0.0001,4,"[30, 30]",60,0.01,0.001,dutch/seed42/natural/fnf_core6_gamma0.1_made100,,,,,,,,,,,,,,,,
dutch,42,natural,fnf,categorical,,0.1,core6,50,False,model seed = shard seed; splits fixed,1,100,100,[20],0.001,0.0001,4,"[30, 30]",60,0.01,0.001,dutch/seed42/natural/fnf_core6_gamma0.1_made50,,,,,,,,,,,,,,,,
dutch,42,natural,fnf,categorical,,0.2,core6,100,False,model seed = shard seed; splits fixed,1,100,100,[20],0.001,0.0001,4,"[30, 30]",60,0.01,0.001,dutch/seed42/natural/fnf_core6_gamma0.2_made100,,,,,,,,,,,,,,,,
dutch,42,natural,fnf,categorical,,0.2,core6,50,False,model seed = shard seed; splits fixed,1,100,100,[20],0.001,0.0001,4,"[30, 30]",60,0.01,0.001,dutch/seed42/natural/fnf_core6_gamma0.2_made50,,,,,,,,,,,,,,,,
dutch,42,natural,fnf,categorical,,0.5,core6,100,False,model seed = shard seed; splits fixed,1,100,100,[20],0.001,0.0001,4,"[30, 30]",60,0.01,0.001,dutch/seed42/natural/fnf_core6_gamma0.5_made100,,,,,,,,,,,,,,,,
dutch,42,natural,fnf,categorical,,0.5,core6,50,False,model seed = shard seed; splits fixed,1,100,100,[20],0.001,0.0001,4,"[30, 30]",60,0.01,0.001,dutch/seed42/natural/fnf_core6_gamma0.5_made50,,,,,,,,,,,,,,,,
dutch,42,natural,fnf,categorical,,0.9,core6,100,False,model seed = shard seed; splits fixed,1,100,100,[20],0.001,0.0001,4,"[30, 30]",60,0.01,0.001,dutch/seed42/natural/fnf_core6_gamma0.9_made100,,,,,,,,,,,,,,,,
dutch,42,natural,fnf,categorical,,0.9,core6,50,False,model seed = shard seed; splits fixed,1,100,100,[20],0.001,0.0001,4,"[30, 30]",60,0.01,0.001,dutch/seed42/natural/fnf_core6_gamma0.9_made50,,,,,,,,,,,,,,,,
dutch,42,natural,fnf,categorical,,0.0,core6,100,False,model seed = shard seed; splits fixed,1,100,100,[20],0.001,0.0001,4,"[30, 30]",60,0.01,0.001,dutch/seed42/natural/fnf_core6_gamma0_made100,,,,,,,,,,,,,,,,
dutch,42,natural,fnf,categorical,,0.0,core6,50,False,model seed = shard seed; splits fixed,1,100,100,[20],0.001,0.0001,4,"[30, 30]",60,0.01,0.001,dutch/seed42/natural/fnf_core6_gamma0_made50,,,,,,,,,,,,,,,,
dutch,42,natural,fnf,categorical,,1.0,core6,100,False,model seed = shard seed; splits fixed,1,100,100,[20],0.001,0.0001,4,"[30, 30]",60,0.01,0.001,dutch/seed42/natural/fnf_core6_gamma1_made100,,,,,,,,,,,,,,,,
dutch,42,natural,fnf,categorical,,1.0,core6,50,False,model seed = shard seed; splits fixed,1,100,100,[20],0.001,0.0001,4,"[30, 30]",60,0.01,0.001,dutch/seed42/natural/fnf_core6_gamma1_made50,,,,,,,,,,,,,,,,
dutch,42,natural,fnf,categorical,,0.02,core6_hh,100,False,model seed = shard seed; splits fixed,1,100,100,[20],0.001,0.0001,4,"[30, 30]",60,0.01,0.001,dutch/seed42/natural/fnf_core6_hh_gamma0.02_made100,,,,,,,,,,,,,,,,
dutch,42,natural,fnf,categorical,,0.02,core6_hh,50,False,model seed = shard seed; splits fixed,1,100,100,[20],0.001,0.0001,4,"[30, 30]",60,0.01,0.001,dutch/seed42/natural/fnf_core6_hh_gamma0.02_made50,,,,,,,,,,,,,,,,
dutch,42,natural,fnf,categorical,,0.1,core6_hh,100,False,model seed = shard seed; splits fixed,1,100,100,[20],0.001,0.0001,4,"[30, 30]",60,0.01,0.001,dutch/seed42/natural/fnf_core6_hh_gamma0.1_made100,,,,,,,,,,,,,,,,
dutch,42,natural,fnf,categorical,,0.1,core6_hh,50,False,model seed = shard seed; splits fixed,1,100,100,[20],0.001,0.0001,4,"[30, 30]",60,0.01,0.001,dutch/seed42/natural/fnf_core6_hh_gamma0.1_made50,,,,,,,,,,,,,,,,
dutch,42,natural,fnf,categorical,,0.2,core6_hh,100,False,model seed = shard seed; splits fixed,1,100,100,[20],0.001,0.0001,4,"[30, 30]",60,0.01,0.001,dutch/seed42/natural/fnf_core6_hh_gamma0.2_made100,,,,,,,,,,,,,,,,
dutch,42,natural,fnf,categorical,,0.2,core6_hh,50,False,model seed = shard seed; splits fixed,1,100,100,[20],0.001,0.0001,4,"[30, 30]",60,0.01,0.001,dutch/seed42/natural/fnf_core6_hh_gamma0.2_made50,,,,,,,,,,,,,,,,
dutch,42,natural,fnf,categorical,,0.5,core6_hh,100,False,model seed = shard seed; splits fixed,1,100,100,[20],0.001,0.0001,4,"[30, 30]",60,0.01,0.001,dutch/seed42/natural/fnf_core6_hh_gamma0.5_made100,,,,,,,,,,,,,,,,
dutch,42,natural,fnf,categorical,,0.5,core6_hh,50,False,model seed = shard seed; splits fixed,1,100,100,[20],0.001,0.0001,4,"[30, 30]",60,0.01,0.001,dutch/seed42/natural/fnf_core6_hh_gamma0.5_made50,,,,,,,,,,,,,,,,
dutch,42,natural,fnf,categorical,,0.9,core6_hh,100,False,model seed = shard seed; splits fixed,1,100,100,[20],0.001,0.0001,4,"[30, 30]",60,0.01,0.001,dutch/seed42/natural/fnf_core6_hh_gamma0.9_made100,,,,,,,,,,,,,,,,
dutch,42,natural,fnf,categorical,,0.9,core6_hh,50,False,model seed = shard seed; splits fixed,1,100,100,[20],0.001,0.0001,4,"[30, 30]",60,0.01,0.001,dutch/seed42/natural/fnf_core6_hh_gamma0.9_made50,,,,,,,,,,,,,,,,
dutch,42,natural,fnf,categorical,,0.0,core6_hh,100,False,model seed = shard seed; splits fixed,1,100,100,[20],0.001,0.0001,4,"[30, 30]",60,0.01,0.001,dutch/seed42/natural/fnf_core6_hh_gamma0_made100,,,,,,,,,,,,,,,,
dutch,42,natural,fnf,categorical,,0.0,core6_hh,50,False,model seed = shard seed; splits fixed,1,100,100,[20],0.001,0.0001,4,"[30, 30]",60,0.01,0.001,dutch/seed42/natural/fnf_core6_hh_gamma0_made50,,,,,,,,,,,,,,,,
dutch,42,natural,fnf,categorical,,1.0,core6_hh,100,False,model seed = shard seed; splits fixed,1,100,100,[20],0.001,0.0001,4,"[30, 30]",60,0.01,0.001,dutch/seed42/natural/fnf_core6_hh_gamma1_made100,,,,,,,,,,,,,,,,
dutch,42,natural,fnf,categorical,,1.0,core6_hh,50,False,model seed = shard seed; splits fixed,1,100,100,[20],0.001,0.0001,4,"[30, 30]",60,0.01,0.001,dutch/seed42/natural/fnf_core6_hh_gamma1_made50,,,,,,,,,,,,,,,,
dutch,42,shift50,fnf,categorical_conditional,y,0.5,core6_hh,50,False,model seed = shard seed; splits fixed,,100,100,[20],0.001,0.0001,4,"[30, 30]",60,0.01,0.001,dutch/seed42/shift50/cfnf_core6_hh_cond-y_gamma0.5_made50,,,,,,,,,,,,,,,,
dutch,42,shift50,fnf,categorical_conditional,y,1.0,core6_hh,50,False,model seed = shard seed; splits fixed,,100,100,[20],0.001,0.0001,4,"[30, 30]",60,0.01,0.001,dutch/seed42/shift50/cfnf_core6_hh_cond-y_gamma1_made50,,,,,,,,,,,,,,,,
dutch,42,shift50,fnf,categorical_conditional,yhat,0.5,core6_hh,50,False,model seed = shard seed; splits fixed,,100,100,[20],0.001,0.0001,4,"[30, 30]",60,0.01,0.001,dutch/seed42/shift50/cfnf_core6_hh_cond-yhat_gamma0.5_made50,,,,,,,,,,,,,,,,
dutch,42,shift50,fnf,categorical_conditional,yhat,1.0,core6_hh,50,False,model seed = shard seed; splits fixed,,100,100,[20],0.001,0.0001,4,"[30, 30]",60,0.01,0.001,dutch/seed42/shift50/cfnf_core6_hh_cond-yhat_gamma1_made50,,,,,,,,,,,,,,,,
dutch,42,shift50,erm,,,,core6,,False,model seed = shard seed; splits fixed,,100,100,[20],0.001,0.0001,4,"[30, 30]",60,0.01,0.001,dutch/seed42/shift50/erm_core6,,,,,,,,,,,,,,,,
dutch,42,shift50,erm,,,,core6_hh,,False,model seed = shard seed; splits fixed,,100,100,[20],0.001,0.0001,4,"[30, 30]",60,0.01,0.001,dutch/seed42/shift50/erm_core6_hh,,,,,,,,,,,,,,,,
dutch,42,shift50,fnf,categorical,,0.02,core6,100,False,model seed = shard seed; splits fixed,1,100,100,[20],0.001,0.0001,4,"[30, 30]",60,0.01,0.001,dutch/seed42/shift50/fnf_core6_gamma0.02_made100,,,,,,,,,,,,,,,,
dutch,42,shift50,fnf,categorical,,0.02,core6,50,False,model seed = shard seed; splits fixed,1,100,100,[20],0.001,0.0001,4,"[30, 30]",60,0.01,0.001,dutch/seed42/shift50/fnf_core6_gamma0.02_made50,,,,,,,,,,,,,,,,
dutch,42,shift50,fnf,categorical,,0.1,core6,100,False,model seed = shard seed; splits fixed,1,100,100,[20],0.001,0.0001,4,"[30, 30]",60,0.01,0.001,dutch/seed42/shift50/fnf_core6_gamma0.1_made100,,,,,,,,,,,,,,,,
dutch,42,shift50,fnf,categorical,,0.1,core6,50,False,model seed = shard seed; splits fixed,1,100,100,[20],0.001,0.0001,4,"[30, 30]",60,0.01,0.001,dutch/seed42/shift50/fnf_core6_gamma0.1_made50,,,,,,,,,,,,,,,,
dutch,42,shift50,fnf,categorical,,0.2,core6,100,False,model seed = shard seed; splits fixed,1,100,100,[20],0.001,0.0001,4,"[30, 30]",60,0.01,0.001,dutch/seed42/shift50/fnf_core6_gamma0.2_made100,,,,,,,,,,,,,,,,
dutch,42,shift50,fnf,categorical,,0.2,core6,50,False,model seed = shard seed; splits fixed,1,100,100,[20],0.001,0.0001,4,"[30, 30]",60,0.01,0.001,dutch/seed42/shift50/fnf_core6_gamma0.2_made50,,,,,,,,,,,,,,,,
dutch,42,shift50,fnf,categorical,,0.5,core6,100,False,model seed = shard seed; splits fixed,1,100,100,[20],0.001,0.0001,4,"[30, 30]",60,0.01,0.001,dutch/seed42/shift50/fnf_core6_gamma0.5_made100,,,,,,,,,,,,,,,,
dutch,42,shift50,fnf,categorical,,0.5,core6,50,False,model seed = shard seed; splits fixed,1,100,100,[20],0.001,0.0001,4,"[30, 30]",60,0.01,0.001,dutch/seed42/shift50/fnf_core6_gamma0.5_made50,,,,,,,,,,,,,,,,
dutch,42,shift50,fnf,categorical,,0.9,core6,100,False,model seed = shard seed; splits fixed,1,100,100,[20],0.001,0.0001,4,"[30, 30]",60,0.01,0.001,dutch/seed42/shift50/fnf_core6_gamma0.9_made100,,,,,,,,,,,,,,,,
dutch,42,shift50,fnf,categorical,,0.9,core6,50,False,model seed = shard seed; splits fixed,1,100,100,[20],0.001,0.0001,4,"[30, 30]",60,0.01,0.001,dutch/seed42/shift50/fnf_core6_gamma0.9_made50,,,,,,,,,,,,,,,,
dutch,42,shift50,fnf,categorical,,0.0,core6,100,False,model seed = shard seed; splits fixed,1,100,100,[20],0.001,0.0001,4,"[30, 30]",60,0.01,0.001,dutch/seed42/shift50/fnf_core6_gamma0_made100,,,,,,,,,,,,,,,,
dutch,42,shift50,fnf,categorical,,0.0,core6,50,False,model seed = shard seed; splits fixed,1,100,100,[20],0.001,0.0001,4,"[30, 30]",60,0.01,0.001,dutch/seed42/shift50/fnf_core6_gamma0_made50,,,,,,,,,,,,,,,,
dutch,42,shift50,fnf,categorical,,1.0,core6,100,False,model seed = shard seed; splits fixed,1,100,100,[20],0.001,0.0001,4,"[30, 30]",60,0.01,0.001,dutch/seed42/shift50/fnf_core6_gamma1_made100,,,,,,,,,,,,,,,,
dutch,42,shift50,fnf,categorical,,1.0,core6,50,False,model seed = shard seed; splits fixed,1,100,100,[20],0.001,0.0001,4,"[30, 30]",60,0.01,0.001,dutch/seed42/shift50/fnf_core6_gamma1_made50,,,,,,,,,,,,,,,,
dutch,42,shift50,fnf,categorical,,0.02,core6_hh,100,False,model seed = shard seed; splits fixed,1,100,100,[20],0.001,0.0001,4,"[30, 30]",60,0.01,0.001,dutch/seed42/shift50/fnf_core6_hh_gamma0.02_made100,,,,,,,,,,,,,,,,
dutch,42,shift50,fnf,categorical,,0.02,core6_hh,50,False,model seed = shard seed; splits fixed,1,100,100,[20],0.001,0.0001,4,"[30, 30]",60,0.01,0.001,dutch/seed42/shift50/fnf_core6_hh_gamma0.02_made50,,,,,,,,,,,,,,,,
dutch,42,shift50,fnf,categorical,,0.1,core6_hh,100,False,model seed = shard seed; splits fixed,1,100,100,[20],0.001,0.0001,4,"[30, 30]",60,0.01,0.001,dutch/seed42/shift50/fnf_core6_hh_gamma0.1_made100,,,,,,,,,,,,,,,,
dutch,42,shift50,fnf,categorical,,0.1,core6_hh,50,False,model seed = shard seed; splits fixed,1,100,100,[20],0.001,0.0001,4,"[30, 30]",60,0.01,0.001,dutch/seed42/shift50/fnf_core6_hh_gamma0.1_made50,,,,,,,,,,,,,,,,
dutch,42,shift50,fnf,categorical,,0.2,core6_hh,100,False,model seed = shard seed; splits fixed,1,100,100,[20],0.001,0.0001,4,"[30, 30]",60,0.01,0.001,dutch/seed42/shift50/fnf_core6_hh_gamma0.2_made100,,,,,,,,,,,,,,,,
dutch,42,shift50,fnf,categorical,,0.2,core6_hh,50,False,model seed = shard seed; splits fixed,1,100,100,[20],0.001,0.0001,4,"[30, 30]",60,0.01,0.001,dutch/seed42/shift50/fnf_core6_hh_gamma0.2_made50,,,,,,,,,,,,,,,,
dutch,42,shift50,fnf,categorical,,0.5,core6_hh,100,False,model seed = shard seed; splits fixed,1,100,100,[20],0.001,0.0001,4,"[30, 30]",60,0.01,0.001,dutch/seed42/shift50/fnf_core6_hh_gamma0.5_made100,,,,,,,,,,,,,,,,
dutch,42,shift50,fnf,categorical,,0.5,core6_hh,50,False,model seed = shard seed; splits fixed,1,100,100,[20],0.001,0.0001,4,"[30, 30]",60,0.01,0.001,dutch/seed42/shift50/fnf_core6_hh_gamma0.5_made50,,,,,,,,,,,,,,,,
dutch,42,shift50,fnf,categorical,,0.9,core6_hh,100,False,model seed = shard seed; splits fixed,1,100,100,[20],0.001,0.0001,4,"[30, 30]",60,0.01,0.001,dutch/seed42/shift50/fnf_core6_hh_gamma0.9_made100,,,,,,,,,,,,,,,,
dutch,42,shift50,fnf,categorical,,0.9,core6_hh,50,False,model seed = shard seed; splits fixed,1,100,100,[20],0.001,0.0001,4,"[30, 30]",60,0.01,0.001,dutch/seed42/shift50/fnf_core6_hh_gamma0.9_made50,,,,,,,,,,,,,,,,
dutch,42,shift50,fnf,categorical,,0.0,core6_hh,100,False,model seed = shard seed; splits fixed,1,100,100,[20],0.001,0.0001,4,"[30, 30]",60,0.01,0.001,dutch/seed42/shift50/fnf_core6_hh_gamma0_made100,,,,,,,,,,,,,,,,
dutch,42,shift50,fnf,categorical,,0.0,core6_hh,50,False,model seed = shard seed; splits fixed,1,100,100,[20],0.001,0.0001,4,"[30, 30]",60,0.01,0.001,dutch/seed42/shift50/fnf_core6_hh_gamma0_made50,,,,,,,,,,,,,,,,
dutch,42,shift50,fnf,categorical,,1.0,core6_hh,100,False,model seed = shard seed; splits fixed,1,100,100,[20],0.001,0.0001,4,"[30, 30]",60,0.01,0.001,dutch/seed42/shift50/fnf_core6_hh_gamma1_made100,,,,,,,,,,,,,,,,
dutch,42,shift50,fnf,categorical,,1.0,core6_hh,50,False,model seed = shard seed; splits fixed,1,100,100,[20],0.001,0.0001,4,"[30, 30]",60,0.01,0.001,dutch/seed42/shift50/fnf_core6_hh_gamma1_made50,,,,,,,,,,,,,,,,
dutch,42,shift75,fnf,categorical_conditional,y,0.5,core6_hh,50,False,model seed = shard seed; splits fixed,,100,100,[20],0.001,0.0001,4,"[30, 30]",60,0.01,0.001,dutch/seed42/shift75/cfnf_core6_hh_cond-y_gamma0.5_made50,,,,,,,,,,,,,,,,
dutch,42,shift75,fnf,categorical_conditional,y,1.0,core6_hh,50,False,model seed = shard seed; splits fixed,,100,100,[20],0.001,0.0001,4,"[30, 30]",60,0.01,0.001,dutch/seed42/shift75/cfnf_core6_hh_cond-y_gamma1_made50,,,,,,,,,,,,,,,,
dutch,42,shift75,fnf,categorical_conditional,yhat,0.5,core6_hh,50,False,model seed = shard seed; splits fixed,,100,100,[20],0.001,0.0001,4,"[30, 30]",60,0.01,0.001,dutch/seed42/shift75/cfnf_core6_hh_cond-yhat_gamma0.5_made50,,,,,,,,,,,,,,,,
dutch,42,shift75,fnf,categorical_conditional,yhat,1.0,core6_hh,50,False,model seed = shard seed; splits fixed,,100,100,[20],0.001,0.0001,4,"[30, 30]",60,0.01,0.001,dutch/seed42/shift75/cfnf_core6_hh_cond-yhat_gamma1_made50,,,,,,,,,,,,,,,,
dutch,42,shift75,erm,,,,core6,,False,model seed = shard seed; splits fixed,,100,100,[20],0.001,0.0001,4,"[30, 30]",60,0.01,0.001,dutch/seed42/shift75/erm_core6,,,,,,,,,,,,,,,,
dutch,42,shift75,erm,,,,core6_hh,,False,model seed = shard seed; splits fixed,,100,100,[20],0.001,0.0001,4,"[30, 30]",60,0.01,0.001,dutch/seed42/shift75/erm_core6_hh,,,,,,,,,,,,,,,,
dutch,42,shift75,fnf,categorical,,0.02,core6,100,False,model seed = shard seed; splits fixed,1,100,100,[20],0.001,0.0001,4,"[30, 30]",60,0.01,0.001,dutch/seed42/shift75/fnf_core6_gamma0.02_made100,,,,,,,,,,,,,,,,
dutch,42,shift75,fnf,categorical,,0.02,core6,50,False,model seed = shard seed; splits fixed,1,100,100,[20],0.001,0.0001,4,"[30, 30]",60,0.01,0.001,dutch/seed42/shift75/fnf_core6_gamma0.02_made50,,,,,,,,,,,,,,,,
dutch,42,shift75,fnf,categorical,,0.1,core6,100,False,model seed = shard seed; splits fixed,1,100,100,[20],0.001,0.0001,4,"[30, 30]",60,0.01,0.001,dutch/seed42/shift75/fnf_core6_gamma0.1_made100,,,,,,,,,,,,,,,,
dutch,42,shift75,fnf,categorical,,0.1,core6,50,False,model seed = shard seed; splits fixed,1,100,100,[20],0.001,0.0001,4,"[30, 30]",60,0.01,0.001,dutch/seed42/shift75/fnf_core6_gamma0.1_made50,,,,,,,,,,,,,,,,
dutch,42,shift75,fnf,categorical,,0.2,core6,100,False,model seed = shard seed; splits fixed,1,100,100,[20],0.001,0.0001,4,"[30, 30]",60,0.01,0.001,dutch/seed42/shift75/fnf_core6_gamma0.2_made100,,,,,,,,,,,,,,,,
dutch,42,shift75,fnf,categorical,,0.2,core6,50,False,model seed = shard seed; splits fixed,1,100,100,[20],0.001,0.0001,4,"[30, 30]",60,0.01,0.001,dutch/seed42/shift75/fnf_core6_gamma0.2_made50,,,,,,,,,,,,,,,,
dutch,42,shift75,fnf,categorical,,0.5,core6,100,False,model seed = shard seed; splits fixed,1,100,100,[20],0.001,0.0001,4,"[30, 30]",60,0.01,0.001,dutch/seed42/shift75/fnf_core6_gamma0.5_made100,,,,,,,,,,,,,,,,
dutch,42,shift75,fnf,categorical,,0.5,core6,50,False,model seed = shard seed; splits fixed,1,100,100,[20],0.001,0.0001,4,"[30, 30]",60,0.01,0.001,dutch/seed42/shift75/fnf_core6_gamma0.5_made50,,,,,,,,,,,,,,,,
dutch,42,shift75,fnf,categorical,,0.9,core6,100,False,model seed = shard seed; splits fixed,1,100,100,[20],0.001,0.0001,4,"[30, 30]",60,0.01,0.001,dutch/seed42/shift75/fnf_core6_gamma0.9_made100,,,,,,,,,,,,,,,,
dutch,42,shift75,fnf,categorical,,0.9,core6,50,False,model seed = shard seed; splits fixed,1,100,100,[20],0.001,0.0001,4,"[30, 30]",60,0.01,0.001,dutch/seed42/shift75/fnf_core6_gamma0.9_made50,,,,,,,,,,,,,,,,
dutch,42,shift75,fnf,categorical,,0.0,core6,100,False,model seed = shard seed; splits fixed,1,100,100,[20],0.001,0.0001,4,"[30, 30]",60,0.01,0.001,dutch/seed42/shift75/fnf_core6_gamma0_made100,,,,,,,,,,,,,,,,
dutch,42,shift75,fnf,categorical,,0.0,core6,50,False,model seed = shard seed; splits fixed,1,100,100,[20],0.001,0.0001,4,"[30, 30]",60,0.01,0.001,dutch/seed42/shift75/fnf_core6_gamma0_made50,,,,,,,,,,,,,,,,
dutch,42,shift75,fnf,categorical,,1.0,core6,100,False,model seed = shard seed; splits fixed,1,100,100,[20],0.001,0.0001,4,"[30, 30]",60,0.01,0.001,dutch/seed42/shift75/fnf_core6_gamma1_made100,,,,,,,,,,,,,,,,
dutch,42,shift75,fnf,categorical,,1.0,core6,50,False,model seed = shard seed; splits fixed,1,100,100,[20],0.001,0.0001,4,"[30, 30]",60,0.01,0.001,dutch/seed42/shift75/fnf_core6_gamma1_made50,,,,,,,,,,,,,,,,
dutch,42,shift75,fnf,categorical,,0.02,core6_hh,100,False,model seed = shard seed; splits fixed,1,100,100,[20],0.001,0.0001,4,"[30, 30]",60,0.01,0.001,dutch/seed42/shift75/fnf_core6_hh_gamma0.02_made100,,,,,,,,,,,,,,,,
dutch,42,shift75,fnf,categorical,,0.02,core6_hh,50,False,model seed = shard seed; splits fixed,1,100,100,[20],0.001,0.0001,4,"[30, 30]",60,0.01,0.001,dutch/seed42/shift75/fnf_core6_hh_gamma0.02_made50,,,,,,,,,,,,,,,,
dutch,42,shift75,fnf,categorical,,0.1,core6_hh,100,False,model seed = shard seed; splits fixed,1,100,100,[20],0.001,0.0001,4,"[30, 30]",60,0.01,0.001,dutch/seed42/shift75/fnf_core6_hh_gamma0.1_made100,,,,,,,,,,,,,,,,
dutch,42,shift75,fnf,categorical,,0.1,core6_hh,50,False,model seed = shard seed; splits fixed,1,100,100,[20],0.001,0.0001,4,"[30, 30]",60,0.01,0.001,dutch/seed42/shift75/fnf_core6_hh_gamma0.1_made50,,,,,,,,,,,,,,,,
dutch,42,shift75,fnf,categorical,,0.2,core6_hh,100,False,model seed = shard seed; splits fixed,1,100,100,[20],0.001,0.0001,4,"[30, 30]",60,0.01,0.001,dutch/seed42/shift75/fnf_core6_hh_gamma0.2_made100,,,,,,,,,,,,,,,,
dutch,42,shift75,fnf,categorical,,0.2,core6_hh,50,False,model seed = shard seed; splits fixed,1,100,100,[20],0.001,0.0001,4,"[30, 30]",60,0.01,0.001,dutch/seed42/shift75/fnf_core6_hh_gamma0.2_made50,,,,,,,,,,,,,,,,
dutch,42,shift75,fnf,categorical,,0.5,core6_hh,100,False,model seed = shard seed; splits fixed,1,100,100,[20],0.001,0.0001,4,"[30, 30]",60,0.01,0.001,dutch/seed42/shift75/fnf_core6_hh_gamma0.5_made100,,,,,,,,,,,,,,,,
dutch,42,shift75,fnf,categorical,,0.5,core6_hh,50,False,model seed = shard seed; splits fixed,1,100,100,[20],0.001,0.0001,4,"[30, 30]",60,0.01,0.001,dutch/seed42/shift75/fnf_core6_hh_gamma0.5_made50,,,,,,,,,,,,,,,,
dutch,42,shift75,fnf,categorical,,0.9,core6_hh,100,False,model seed = shard seed; splits fixed,1,100,100,[20],0.001,0.0001,4,"[30, 30]",60,0.01,0.001,dutch/seed42/shift75/fnf_core6_hh_gamma0.9_made100,,,,,,,,,,,,,,,,
dutch,42,shift75,fnf,categorical,,0.9,core6_hh,50,False,model seed = shard seed; splits fixed,1,100,100,[20],0.001,0.0001,4,"[30, 30]",60,0.01,0.001,dutch/seed42/shift75/fnf_core6_hh_gamma0.9_made50,,,,,,,,,,,,,,,,
dutch,42,shift75,fnf,categorical,,0.0,core6_hh,100,False,model seed = shard seed; splits fixed,1,100,100,[20],0.001,0.0001,4,"[30, 30]",60,0.01,0.001,dutch/seed42/shift75/fnf_core6_hh_gamma0_made100,,,,,,,,,,,,,,,,
dutch,42,shift75,fnf,categorical,,0.0,core6_hh,50,False,model seed = shard seed; splits fixed,1,100,100,[20],0.001,0.0001,4,"[30, 30]",60,0.01,0.001,dutch/seed42/shift75/fnf_core6_hh_gamma0_made50,,,,,,,,,,,,,,,,
dutch,42,shift75,fnf,categorical,,1.0,core6_hh,100,False,model seed = shard seed; splits fixed,1,100,100,[20],0.001,0.0001,4,"[30, 30]",60,0.01,0.001,dutch/seed42/shift75/fnf_core6_hh_gamma1_made100,,,,,,,,,,,,,,,,
dutch,42,shift75,fnf,categorical,,1.0,core6_hh,50,False,model seed = shard seed; splits fixed,1,100,100,[20],0.001,0.0001,4,"[30, 30]",60,0.01,0.001,dutch/seed42/shift75/fnf_core6_hh_gamma1_made50,,,,,,,,,,,,,,,,
dutch,456,equalized,fnf,categorical_conditional,y,0.5,core6_hh,50,False,model seed = shard seed; splits fixed,,100,100,[20],0.001,0.0001,4,"[30, 30]",60,0.01,0.001,dutch/seed456/equalized/cfnf_core6_hh_cond-y_gamma0.5_made50,,,,,,,,,,,,,,,,
dutch,456,equalized,fnf,categorical_conditional,y,1.0,core6_hh,50,False,model seed = shard seed; splits fixed,,100,100,[20],0.001,0.0001,4,"[30, 30]",60,0.01,0.001,dutch/seed456/equalized/cfnf_core6_hh_cond-y_gamma1_made50,,,,,,,,,,,,,,,,
dutch,456,equalized,fnf,categorical_conditional,yhat,0.5,core6_hh,50,False,model seed = shard seed; splits fixed,,100,100,[20],0.001,0.0001,4,"[30, 30]",60,0.01,0.001,dutch/seed456/equalized/cfnf_core6_hh_cond-yhat_gamma0.5_made50,,,,,,,,,,,,,,,,
dutch,456,equalized,fnf,categorical_conditional,yhat,1.0,core6_hh,50,False,model seed = shard seed; splits fixed,,100,100,[20],0.001,0.0001,4,"[30, 30]",60,0.01,0.001,dutch/seed456/equalized/cfnf_core6_hh_cond-yhat_gamma1_made50,,,,,,,,,,,,,,,,
dutch,456,equalized,erm,,,,core6,,False,model seed = shard seed; splits fixed,,100,100,[20],0.001,0.0001,4,"[30, 30]",60,0.01,0.001,dutch/seed456/equalized/erm_core6,,,,,,,,,,,,,,,,
dutch,456,equalized,erm,,,,core6_hh,,False,model seed = shard seed; splits fixed,,100,100,[20],0.001,0.0001,4,"[30, 30]",60,0.01,0.001,dutch/seed456/equalized/erm_core6_hh,,,,,,,,,,,,,,,,
dutch,456,equalized,fnf,categorical,,0.02,core6,100,False,model seed = shard seed; splits fixed,1,100,100,[20],0.001,0.0001,4,"[30, 30]",60,0.01,0.001,dutch/seed456/equalized/fnf_core6_gamma0.02_made100,,,,,,,,,,,,,,,,
dutch,456,equalized,fnf,categorical,,0.02,core6,50,False,model seed = shard seed; splits fixed,1,100,100,[20],0.001,0.0001,4,"[30, 30]",60,0.01,0.001,dutch/seed456/equalized/fnf_core6_gamma0.02_made50,,,,,,,,,,,,,,,,
dutch,456,equalized,fnf,categorical,,0.1,core6,100,False,model seed = shard seed; splits fixed,1,100,100,[20],0.001,0.0001,4,"[30, 30]",60,0.01,0.001,dutch/seed456/equalized/fnf_core6_gamma0.1_made100,,,,,,,,,,,,,,,,
dutch,456,equalized,fnf,categorical,,0.1,core6,50,False,model seed = shard seed; splits fixed,1,100,100,[20],0.001,0.0001,4,"[30, 30]",60,0.01,0.001,dutch/seed456/equalized/fnf_core6_gamma0.1_made50,,,,,,,,,,,,,,,,
dutch,456,equalized,fnf,categorical,,0.2,core6,100,False,model seed = shard seed; splits fixed,1,100,100,[20],0.001,0.0001,4,"[30, 30]",60,0.01,0.001,dutch/seed456/equalized/fnf_core6_gamma0.2_made100,,,,,,,,,,,,,,,,
dutch,456,equalized,fnf,categorical,,0.2,core6,50,False,model seed = shard seed; splits fixed,1,100,100,[20],0.001,0.0001,4,"[30, 30]",60,0.01,0.001,dutch/seed456/equalized/fnf_core6_gamma0.2_made50,,,,,,,,,,,,,,,,
dutch,456,equalized,fnf,categorical,,0.5,core6,100,False,model seed = shard seed; splits fixed,1,100,100,[20],0.001,0.0001,4,"[30, 30]",60,0.01,0.001,dutch/seed456/equalized/fnf_core6_gamma0.5_made100,,,,,,,,,,,,,,,,
dutch,456,equalized,fnf,categorical,,0.5,core6,50,False,model seed = shard seed; splits fixed,1,100,100,[20],0.001,0.0001,4,"[30, 30]",60,0.01,0.001,dutch/seed456/equalized/fnf_core6_gamma0.5_made50,,,,,,,,,,,,,,,,
dutch,456,equalized,fnf,categorical,,0.9,core6,100,False,model seed = shard seed; splits fixed,1,100,100,[20],0.001,0.0001,4,"[30, 30]",60,0.01,0.001,dutch/seed456/equalized/fnf_core6_gamma0.9_made100,,,,,,,,,,,,,,,,
dutch,456,equalized,fnf,categorical,,0.9,core6,50,False,model seed = shard seed; splits fixed,1,100,100,[20],0.001,0.0001,4,"[30, 30]",60,0.01,0.001,dutch/seed456/equalized/fnf_core6_gamma0.9_made50,,,,,,,,,,,,,,,,
dutch,456,equalized,fnf,categorical,,0.0,core6,100,False,model seed = shard seed; splits fixed,1,100,100,[20],0.001,0.0001,4,"[30, 30]",60,0.01,0.001,dutch/seed456/equalized/fnf_core6_gamma0_made100,,,,,,,,,,,,,,,,
dutch,456,equalized,fnf,categorical,,0.0,core6,50,False,model seed = shard seed; splits fixed,1,100,100,[20],0.001,0.0001,4,"[30, 30]",60,0.01,0.001,dutch/seed456/equalized/fnf_core6_gamma0_made50,,,,,,,,,,,,,,,,
dutch,456,equalized,fnf,categorical,,1.0,core6,100,False,model seed = shard seed; splits fixed,1,100,100,[20],0.001,0.0001,4,"[30, 30]",60,0.01,0.001,dutch/seed456/equalized/fnf_core6_gamma1_made100,,,,,,,,,,,,,,,,
dutch,456,equalized,fnf,categorical,,1.0,core6,50,False,model seed = shard seed; splits fixed,1,100,100,[20],0.001,0.0001,4,"[30, 30]",60,0.01,0.001,dutch/seed456/equalized/fnf_core6_gamma1_made50,,,,,,,,,,,,,,,,
dutch,456,equalized,fnf,categorical,,0.02,core6_hh,100,False,model seed = shard seed; splits fixed,1,100,100,[20],0.001,0.0001,4,"[30, 30]",60,0.01,0.001,dutch/seed456/equalized/fnf_core6_hh_gamma0.02_made100,,,,,,,,,,,,,,,,
dutch,456,equalized,fnf,categorical,,0.02,core6_hh,50,False,model seed = shard seed; splits fixed,1,100,100,[20],0.001,0.0001,4,"[30, 30]",60,0.01,0.001,dutch/seed456/equalized/fnf_core6_hh_gamma0.02_made50,,,,,,,,,,,,,,,,
dutch,456,equalized,fnf,categorical,,0.1,core6_hh,100,False,model seed = shard seed; splits fixed,1,100,100,[20],0.001,0.0001,4,"[30, 30]",60,0.01,0.001,dutch/seed456/equalized/fnf_core6_hh_gamma0.1_made100,,,,,,,,,,,,,,,,
dutch,456,equalized,fnf,categorical,,0.1,core6_hh,50,False,model seed = shard seed; splits fixed,1,100,100,[20],0.001,0.0001,4,"[30, 30]",60,0.01,0.001,dutch/seed456/equalized/fnf_core6_hh_gamma0.1_made50,,,,,,,,,,,,,,,,
dutch,456,equalized,fnf,categorical,,0.2,core6_hh,100,False,model seed = shard seed; splits fixed,1,100,100,[20],0.001,0.0001,4,"[30, 30]",60,0.01,0.001,dutch/seed456/equalized/fnf_core6_hh_gamma0.2_made100,,,,,,,,,,,,,,,,
dutch,456,equalized,fnf,categorical,,0.2,core6_hh,50,False,model seed = shard seed; splits fixed,1,100,100,[20],0.001,0.0001,4,"[30, 30]",60,0.01,0.001,dutch/seed456/equalized/fnf_core6_hh_gamma0.2_made50,,,,,,,,,,,,,,,,
dutch,456,equalized,fnf,categorical,,0.5,core6_hh,100,False,model seed = shard seed; splits fixed,1,100,100,[20],0.001,0.0001,4,"[30, 30]",60,0.01,0.001,dutch/seed456/equalized/fnf_core6_hh_gamma0.5_made100,,,,,,,,,,,,,,,,
dutch,456,equalized,fnf,categorical,,0.5,core6_hh,50,False,model seed = shard seed; splits fixed,1,100,100,[20],0.001,0.0001,4,"[30, 30]",60,0.01,0.001,dutch/seed456/equalized/fnf_core6_hh_gamma0.5_made50,,,,,,,,,,,,,,,,
dutch,456,equalized,fnf,categorical,,0.9,core6_hh,100,False,model seed = shard seed; splits fixed,1,100,100,[20],0.001,0.0001,4,"[30, 30]",60,0.01,0.001,dutch/seed456/equalized/fnf_core6_hh_gamma0.9_made100,,,,,,,,,,,,,,,,
dutch,456,equalized,fnf,categorical,,0.9,core6_hh,50,False,model seed = shard seed; splits fixed,1,100,100,[20],0.001,0.0001,4,"[30, 30]",60,0.01,0.001,dutch/seed456/equalized/fnf_core6_hh_gamma0.9_made50,,,,,,,,,,,,,,,,
dutch,456,equalized,fnf,categorical,,0.0,core6_hh,100,False,model seed = shard seed; splits fixed,1,100,100,[20],0.001,0.0001,4,"[30, 30]",60,0.01,0.001,dutch/seed456/equalized/fnf_core6_hh_gamma0_made100,,,,,,,,,,,,,,,,
dutch,456,equalized,fnf,categorical,,0.0,core6_hh,50,False,model seed = shard seed; splits fixed,1,100,100,[20],0.001,0.0001,4,"[30, 30]",60,0.01,0.001,dutch/seed456/equalized/fnf_core6_hh_gamma0_made50,,,,,,,,,,,,,,,,
dutch,456,equalized,fnf,categorical,,1.0,core6_hh,100,False,model seed = shard seed; splits fixed,1,100,100,[20],0.001,0.0001,4,"[30, 30]",60,0.01,0.001,dutch/seed456/equalized/fnf_core6_hh_gamma1_made100,,,,,,,,,,,,,,,,
dutch,456,equalized,fnf,categorical,,1.0,core6_hh,50,False,model seed = shard seed; splits fixed,1,100,100,[20],0.001,0.0001,4,"[30, 30]",60,0.01,0.001,dutch/seed456/equalized/fnf_core6_hh_gamma1_made50,,,,,,,,,,,,,,,,
dutch,456,natural,fnf,categorical_conditional,y,0.5,core6_hh,50,False,model seed = shard seed; splits fixed,,100,100,[20],0.001,0.0001,4,"[30, 30]",60,0.01,0.001,dutch/seed456/natural/cfnf_core6_hh_cond-y_gamma0.5_made50,,,,,,,,,,,,,,,,
dutch,456,natural,fnf,categorical_conditional,y,1.0,core6_hh,50,False,model seed = shard seed; splits fixed,,100,100,[20],0.001,0.0001,4,"[30, 30]",60,0.01,0.001,dutch/seed456/natural/cfnf_core6_hh_cond-y_gamma1_made50,,,,,,,,,,,,,,,,
dutch,456,natural,fnf,categorical_conditional,yhat,0.5,core6_hh,50,False,model seed = shard seed; splits fixed,,100,100,[20],0.001,0.0001,4,"[30, 30]",60,0.01,0.001,dutch/seed456/natural/cfnf_core6_hh_cond-yhat_gamma0.5_made50,,,,,,,,,,,,,,,,
dutch,456,natural,fnf,categorical_conditional,yhat,1.0,core6_hh,50,False,model seed = shard seed; splits fixed,,100,100,[20],0.001,0.0001,4,"[30, 30]",60,0.01,0.001,dutch/seed456/natural/cfnf_core6_hh_cond-yhat_gamma1_made50,,,,,,,,,,,,,,,,
dutch,456,natural,erm,,,,core6,,False,model seed = shard seed; splits fixed,,100,100,[20],0.001,0.0001,4,"[30, 30]",60,0.01,0.001,dutch/seed456/natural/erm_core6,,,,,,,,,,,,,,,,
dutch,456,natural,erm,,,,core6_hh,,False,model seed = shard seed; splits fixed,,100,100,[20],0.001,0.0001,4,"[30, 30]",60,0.01,0.001,dutch/seed456/natural/erm_core6_hh,,,,,,,,,,,,,,,,
dutch,456,natural,fnf,categorical,,0.02,core6,100,False,model seed = shard seed; splits fixed,1,100,100,[20],0.001,0.0001,4,"[30, 30]",60,0.01,0.001,dutch/seed456/natural/fnf_core6_gamma0.02_made100,,,,,,,,,,,,,,,,
dutch,456,natural,fnf,categorical,,0.02,core6,50,False,model seed = shard seed; splits fixed,1,100,100,[20],0.001,0.0001,4,"[30, 30]",60,0.01,0.001,dutch/seed456/natural/fnf_core6_gamma0.02_made50,,,,,,,,,,,,,,,,
dutch,456,natural,fnf,categorical,,0.1,core6,100,False,model seed = shard seed; splits fixed,1,100,100,[20],0.001,0.0001,4,"[30, 30]",60,0.01,0.001,dutch/seed456/natural/fnf_core6_gamma0.1_made100,,,,,,,,,,,,,,,,
dutch,456,natural,fnf,categorical,,0.1,core6,50,False,model seed = shard seed; splits fixed,1,100,100,[20],0.001,0.0001,4,"[30, 30]",60,0.01,0.001,dutch/seed456/natural/fnf_core6_gamma0.1_made50,,,,,,,,,,,,,,,,
dutch,456,natural,fnf,categorical,,0.2,core6,100,False,model seed = shard seed; splits fixed,1,100,100,[20],0.001,0.0001,4,"[30, 30]",60,0.01,0.001,dutch/seed456/natural/fnf_core6_gamma0.2_made100,,,,,,,,,,,,,,,,
dutch,456,natural,fnf,categorical,,0.2,core6,50,False,model seed = shard seed; splits fixed,1,100,100,[20],0.001,0.0001,4,"[30, 30]",60,0.01,0.001,dutch/seed456/natural/fnf_core6_gamma0.2_made50,,,,,,,,,,,,,,,,
dutch,456,natural,fnf,categorical,,0.5,core6,100,False,model seed = shard seed; splits fixed,1,100,100,[20],0.001,0.0001,4,"[30, 30]",60,0.01,0.001,dutch/seed456/natural/fnf_core6_gamma0.5_made100,,,,,,,,,,,,,,,,
dutch,456,natural,fnf,categorical,,0.5,core6,50,False,model seed = shard seed; splits fixed,1,100,100,[20],0.001,0.0001,4,"[30, 30]",60,0.01,0.001,dutch/seed456/natural/fnf_core6_gamma0.5_made50,,,,,,,,,,,,,,,,
dutch,456,natural,fnf,categorical,,0.9,core6,100,False,model seed = shard seed; splits fixed,1,100,100,[20],0.001,0.0001,4,"[30, 30]",60,0.01,0.001,dutch/seed456/natural/fnf_core6_gamma0.9_made100,,,,,,,,,,,,,,,,
dutch,456,natural,fnf,categorical,,0.9,core6,50,False,model seed = shard seed; splits fixed,1,100,100,[20],0.001,0.0001,4,"[30, 30]",60,0.01,0.001,dutch/seed456/natural/fnf_core6_gamma0.9_made50,,,,,,,,,,,,,,,,
dutch,456,natural,fnf,categorical,,0.0,core6,100,False,model seed = shard seed; splits fixed,1,100,100,[20],0.001,0.0001,4,"[30, 30]",60,0.01,0.001,dutch/seed456/natural/fnf_core6_gamma0_made100,,,,,,,,,,,,,,,,
dutch,456,natural,fnf,categorical,,0.0,core6,50,False,model seed = shard seed; splits fixed,1,100,100,[20],0.001,0.0001,4,"[30, 30]",60,0.01,0.001,dutch/seed456/natural/fnf_core6_gamma0_made50,,,,,,,,,,,,,,,,
dutch,456,natural,fnf,categorical,,1.0,core6,100,False,model seed = shard seed; splits fixed,1,100,100,[20],0.001,0.0001,4,"[30, 30]",60,0.01,0.001,dutch/seed456/natural/fnf_core6_gamma1_made100,,,,,,,,,,,,,,,,
dutch,456,natural,fnf,categorical,,1.0,core6,50,False,model seed = shard seed; splits fixed,1,100,100,[20],0.001,0.0001,4,"[30, 30]",60,0.01,0.001,dutch/seed456/natural/fnf_core6_gamma1_made50,,,,,,,,,,,,,,,,
dutch,456,natural,fnf,categorical,,0.02,core6_hh,100,False,model seed = shard seed; splits fixed,1,100,100,[20],0.001,0.0001,4,"[30, 30]",60,0.01,0.001,dutch/seed456/natural/fnf_core6_hh_gamma0.02_made100,,,,,,,,,,,,,,,,
dutch,456,natural,fnf,categorical,,0.02,core6_hh,50,False,model seed = shard seed; splits fixed,1,100,100,[20],0.001,0.0001,4,"[30, 30]",60,0.01,0.001,dutch/seed456/natural/fnf_core6_hh_gamma0.02_made50,,,,,,,,,,,,,,,,
dutch,456,natural,fnf,categorical,,0.1,core6_hh,100,False,model seed = shard seed; splits fixed,1,100,100,[20],0.001,0.0001,4,"[30, 30]",60,0.01,0.001,dutch/seed456/natural/fnf_core6_hh_gamma0.1_made100,,,,,,,,,,,,,,,,
dutch,456,natural,fnf,categorical,,0.1,core6_hh,50,False,model seed = shard seed; splits fixed,1,100,100,[20],0.001,0.0001,4,"[30, 30]",60,0.01,0.001,dutch/seed456/natural/fnf_core6_hh_gamma0.1_made50,,,,,,,,,,,,,,,,
dutch,456,natural,fnf,categorical,,0.2,core6_hh,100,False,model seed = shard seed; splits fixed,1,100,100,[20],0.001,0.0001,4,"[30, 30]",60,0.01,0.001,dutch/seed456/natural/fnf_core6_hh_gamma0.2_made100,,,,,,,,,,,,,,,,
dutch,456,natural,fnf,categorical,,0.2,core6_hh,50,False,model seed = shard seed; splits fixed,1,100,100,[20],0.001,0.0001,4,"[30, 30]",60,0.01,0.001,dutch/seed456/natural/fnf_core6_hh_gamma0.2_made50,,,,,,,,,,,,,,,,
dutch,456,natural,fnf,categorical,,0.5,core6_hh,100,False,model seed = shard seed; splits fixed,1,100,100,[20],0.001,0.0001,4,"[30, 30]",60,0.01,0.001,dutch/seed456/natural/fnf_core6_hh_gamma0.5_made100,,,,,,,,,,,,,,,,
dutch,456,natural,fnf,categorical,,0.5,core6_hh,50,False,model seed = shard seed; splits fixed,1,100,100,[20],0.001,0.0001,4,"[30, 30]",60,0.01,0.001,dutch/seed456/natural/fnf_core6_hh_gamma0.5_made50,,,,,,,,,,,,,,,,
dutch,456,natural,fnf,categorical,,0.9,core6_hh,100,False,model seed = shard seed; splits fixed,1,100,100,[20],0.001,0.0001,4,"[30, 30]",60,0.01,0.001,dutch/seed456/natural/fnf_core6_hh_gamma0.9_made100,,,,,,,,,,,,,,,,
dutch,456,natural,fnf,categorical,,0.9,core6_hh,50,False,model seed = shard seed; splits fixed,1,100,100,[20],0.001,0.0001,4,"[30, 30]",60,0.01,0.001,dutch/seed456/natural/fnf_core6_hh_gamma0.9_made50,,,,,,,,,,,,,,,,
dutch,456,natural,fnf,categorical,,0.0,core6_hh,100,False,model seed = shard seed; splits fixed,1,100,100,[20],0.001,0.0001,4,"[30, 30]",60,0.01,0.001,dutch/seed456/natural/fnf_core6_hh_gamma0_made100,,,,,,,,,,,,,,,,
dutch,456,natural,fnf,categorical,,0.0,core6_hh,50,False,model seed = shard seed; splits fixed,1,100,100,[20],0.001,0.0001,4,"[30, 30]",60,0.01,0.001,dutch/seed456/natural/fnf_core6_hh_gamma0_made50,,,,,,,,,,,,,,,,
dutch,456,natural,fnf,categorical,,1.0,core6_hh,100,False,model seed = shard seed; splits fixed,1,100,100,[20],0.001,0.0001,4,"[30, 30]",60,0.01,0.001,dutch/seed456/natural/fnf_core6_hh_gamma1_made100,,,,,,,,,,,,,,,,
dutch,456,natural,fnf,categorical,,1.0,core6_hh,50,False,model seed = shard seed; splits fixed,1,100,100,[20],0.001,0.0001,4,"[30, 30]",60,0.01,0.001,dutch/seed456/natural/fnf_core6_hh_gamma1_made50,,,,,,,,,,,,,,,,
dutch,456,shift50,fnf,categorical_conditional,y,0.5,core6_hh,50,False,model seed = shard seed; splits fixed,,100,100,[20],0.001,0.0001,4,"[30, 30]",60,0.01,0.001,dutch/seed456/shift50/cfnf_core6_hh_cond-y_gamma0.5_made50,,,,,,,,,,,,,,,,
dutch,456,shift50,fnf,categorical_conditional,y,1.0,core6_hh,50,False,model seed = shard seed; splits fixed,,100,100,[20],0.001,0.0001,4,"[30, 30]",60,0.01,0.001,dutch/seed456/shift50/cfnf_core6_hh_cond-y_gamma1_made50,,,,,,,,,,,,,,,,
dutch,456,shift50,fnf,categorical_conditional,yhat,0.5,core6_hh,50,False,model seed = shard seed; splits fixed,,100,100,[20],0.001,0.0001,4,"[30, 30]",60,0.01,0.001,dutch/seed456/shift50/cfnf_core6_hh_cond-yhat_gamma0.5_made50,,,,,,,,,,,,,,,,
dutch,456,shift50,fnf,categorical_conditional,yhat,1.0,core6_hh,50,False,model seed = shard seed; splits fixed,,100,100,[20],0.001,0.0001,4,"[30, 30]",60,0.01,0.001,dutch/seed456/shift50/cfnf_core6_hh_cond-yhat_gamma1_made50,,,,,,,,,,,,,,,,
dutch,456,shift50,erm,,,,core6,,False,model seed = shard seed; splits fixed,,100,100,[20],0.001,0.0001,4,"[30, 30]",60,0.01,0.001,dutch/seed456/shift50/erm_core6,,,,,,,,,,,,,,,,
dutch,456,shift50,erm,,,,core6_hh,,False,model seed = shard seed; splits fixed,,100,100,[20],0.001,0.0001,4,"[30, 30]",60,0.01,0.001,dutch/seed456/shift50/erm_core6_hh,,,,,,,,,,,,,,,,
dutch,456,shift50,fnf,categorical,,0.02,core6,100,False,model seed = shard seed; splits fixed,1,100,100,[20],0.001,0.0001,4,"[30, 30]",60,0.01,0.001,dutch/seed456/shift50/fnf_core6_gamma0.02_made100,,,,,,,,,,,,,,,,
dutch,456,shift50,fnf,categorical,,0.02,core6,50,False,model seed = shard seed; splits fixed,1,100,100,[20],0.001,0.0001,4,"[30, 30]",60,0.01,0.001,dutch/seed456/shift50/fnf_core6_gamma0.02_made50,,,,,,,,,,,,,,,,
dutch,456,shift50,fnf,categorical,,0.1,core6,100,False,model seed = shard seed; splits fixed,1,100,100,[20],0.001,0.0001,4,"[30, 30]",60,0.01,0.001,dutch/seed456/shift50/fnf_core6_gamma0.1_made100,,,,,,,,,,,,,,,,
dutch,456,shift50,fnf,categorical,,0.1,core6,50,False,model seed = shard seed; splits fixed,1,100,100,[20],0.001,0.0001,4,"[30, 30]",60,0.01,0.001,dutch/seed456/shift50/fnf_core6_gamma0.1_made50,,,,,,,,,,,,,,,,
dutch,456,shift50,fnf,categorical,,0.2,core6,100,False,model seed = shard seed; splits fixed,1,100,100,[20],0.001,0.0001,4,"[30, 30]",60,0.01,0.001,dutch/seed456/shift50/fnf_core6_gamma0.2_made100,,,,,,,,,,,,,,,,
dutch,456,shift50,fnf,categorical,,0.2,core6,50,False,model seed = shard seed; splits fixed,1,100,100,[20],0.001,0.0001,4,"[30, 30]",60,0.01,0.001,dutch/seed456/shift50/fnf_core6_gamma0.2_made50,,,,,,,,,,,,,,,,
dutch,456,shift50,fnf,categorical,,0.5,core6,100,False,model seed = shard seed; splits fixed,1,100,100,[20],0.001,0.0001,4,"[30, 30]",60,0.01,0.001,dutch/seed456/shift50/fnf_core6_gamma0.5_made100,,,,,,,,,,,,,,,,
dutch,456,shift50,fnf,categorical,,0.5,core6,50,False,model seed = shard seed; splits fixed,1,100,100,[20],0.001,0.0001,4,"[30, 30]",60,0.01,0.001,dutch/seed456/shift50/fnf_core6_gamma0.5_made50,,,,,,,,,,,,,,,,
dutch,456,shift50,fnf,categorical,,0.9,core6,100,False,model seed = shard seed; splits fixed,1,100,100,[20],0.001,0.0001,4,"[30, 30]",60,0.01,0.001,dutch/seed456/shift50/fnf_core6_gamma0.9_made100,,,,,,,,,,,,,,,,
dutch,456,shift50,fnf,categorical,,0.9,core6,50,False,model seed = shard seed; splits fixed,1,100,100,[20],0.001,0.0001,4,"[30, 30]",60,0.01,0.001,dutch/seed456/shift50/fnf_core6_gamma0.9_made50,,,,,,,,,,,,,,,,
dutch,456,shift50,fnf,categorical,,0.0,core6,100,False,model seed = shard seed; splits fixed,1,100,100,[20],0.001,0.0001,4,"[30, 30]",60,0.01,0.001,dutch/seed456/shift50/fnf_core6_gamma0_made100,,,,,,,,,,,,,,,,
dutch,456,shift50,fnf,categorical,,0.0,core6,50,False,model seed = shard seed; splits fixed,1,100,100,[20],0.001,0.0001,4,"[30, 30]",60,0.01,0.001,dutch/seed456/shift50/fnf_core6_gamma0_made50,,,,,,,,,,,,,,,,
dutch,456,shift50,fnf,categorical,,1.0,core6,100,False,model seed = shard seed; splits fixed,1,100,100,[20],0.001,0.0001,4,"[30, 30]",60,0.01,0.001,dutch/seed456/shift50/fnf_core6_gamma1_made100,,,,,,,,,,,,,,,,
dutch,456,shift50,fnf,categorical,,1.0,core6,50,False,model seed = shard seed; splits fixed,1,100,100,[20],0.001,0.0001,4,"[30, 30]",60,0.01,0.001,dutch/seed456/shift50/fnf_core6_gamma1_made50,,,,,,,,,,,,,,,,
dutch,456,shift50,fnf,categorical,,0.02,core6_hh,100,False,model seed = shard seed; splits fixed,1,100,100,[20],0.001,0.0001,4,"[30, 30]",60,0.01,0.001,dutch/seed456/shift50/fnf_core6_hh_gamma0.02_made100,,,,,,,,,,,,,,,,
dutch,456,shift50,fnf,categorical,,0.02,core6_hh,50,False,model seed = shard seed; splits fixed,1,100,100,[20],0.001,0.0001,4,"[30, 30]",60,0.01,0.001,dutch/seed456/shift50/fnf_core6_hh_gamma0.02_made50,,,,,,,,,,,,,,,,
dutch,456,shift50,fnf,categorical,,0.1,core6_hh,100,False,model seed = shard seed; splits fixed,1,100,100,[20],0.001,0.0001,4,"[30, 30]",60,0.01,0.001,dutch/seed456/shift50/fnf_core6_hh_gamma0.1_made100,,,,,,,,,,,,,,,,
dutch,456,shift50,fnf,categorical,,0.1,core6_hh,50,False,model seed = shard seed; splits fixed,1,100,100,[20],0.001,0.0001,4,"[30, 30]",60,0.01,0.001,dutch/seed456/shift50/fnf_core6_hh_gamma0.1_made50,,,,,,,,,,,,,,,,
dutch,456,shift50,fnf,categorical,,0.2,core6_hh,100,False,model seed = shard seed; splits fixed,1,100,100,[20],0.001,0.0001,4,"[30, 30]",60,0.01,0.001,dutch/seed456/shift50/fnf_core6_hh_gamma0.2_made100,,,,,,,,,,,,,,,,
dutch,456,shift50,fnf,categorical,,0.2,core6_hh,50,False,model seed = shard seed; splits fixed,1,100,100,[20],0.001,0.0001,4,"[30, 30]",60,0.01,0.001,dutch/seed456/shift50/fnf_core6_hh_gamma0.2_made50,,,,,,,,,,,,,,,,
dutch,456,shift50,fnf,categorical,,0.5,core6_hh,100,False,model seed = shard seed; splits fixed,1,100,100,[20],0.001,0.0001,4,"[30, 30]",60,0.01,0.001,dutch/seed456/shift50/fnf_core6_hh_gamma0.5_made100,,,,,,,,,,,,,,,,
dutch,456,shift50,fnf,categorical,,0.5,core6_hh,50,False,model seed = shard seed; splits fixed,1,100,100,[20],0.001,0.0001,4,"[30, 30]",60,0.01,0.001,dutch/seed456/shift50/fnf_core6_hh_gamma0.5_made50,,,,,,,,,,,,,,,,
dutch,456,shift50,fnf,categorical,,0.9,core6_hh,100,False,model seed = shard seed; splits fixed,1,100,100,[20],0.001,0.0001,4,"[30, 30]",60,0.01,0.001,dutch/seed456/shift50/fnf_core6_hh_gamma0.9_made100,,,,,,,,,,,,,,,,
dutch,456,shift50,fnf,categorical,,0.9,core6_hh,50,False,model seed = shard seed; splits fixed,1,100,100,[20],0.001,0.0001,4,"[30, 30]",60,0.01,0.001,dutch/seed456/shift50/fnf_core6_hh_gamma0.9_made50,,,,,,,,,,,,,,,,
dutch,456,shift50,fnf,categorical,,0.0,core6_hh,100,False,model seed = shard seed; splits fixed,1,100,100,[20],0.001,0.0001,4,"[30, 30]",60,0.01,0.001,dutch/seed456/shift50/fnf_core6_hh_gamma0_made100,,,,,,,,,,,,,,,,
dutch,456,shift50,fnf,categorical,,0.0,core6_hh,50,False,model seed = shard seed; splits fixed,1,100,100,[20],0.001,0.0001,4,"[30, 30]",60,0.01,0.001,dutch/seed456/shift50/fnf_core6_hh_gamma0_made50,,,,,,,,,,,,,,,,
dutch,456,shift50,fnf,categorical,,1.0,core6_hh,100,False,model seed = shard seed; splits fixed,1,100,100,[20],0.001,0.0001,4,"[30, 30]",60,0.01,0.001,dutch/seed456/shift50/fnf_core6_hh_gamma1_made100,,,,,,,,,,,,,,,,
dutch,456,shift50,fnf,categorical,,1.0,core6_hh,50,False,model seed = shard seed; splits fixed,1,100,100,[20],0.001,0.0001,4,"[30, 30]",60,0.01,0.001,dutch/seed456/shift50/fnf_core6_hh_gamma1_made50,,,,,,,,,,,,,,,,
dutch,456,shift75,fnf,categorical_conditional,y,0.5,core6_hh,50,False,model seed = shard seed; splits fixed,,100,100,[20],0.001,0.0001,4,"[30, 30]",60,0.01,0.001,dutch/seed456/shift75/cfnf_core6_hh_cond-y_gamma0.5_made50,,,,,,,,,,,,,,,,
dutch,456,shift75,fnf,categorical_conditional,y,1.0,core6_hh,50,False,model seed = shard seed; splits fixed,,100,100,[20],0.001,0.0001,4,"[30, 30]",60,0.01,0.001,dutch/seed456/shift75/cfnf_core6_hh_cond-y_gamma1_made50,,,,,,,,,,,,,,,,
dutch,456,shift75,fnf,categorical_conditional,yhat,0.5,core6_hh,50,False,model seed = shard seed; splits fixed,,100,100,[20],0.001,0.0001,4,"[30, 30]",60,0.01,0.001,dutch/seed456/shift75/cfnf_core6_hh_cond-yhat_gamma0.5_made50,,,,,,,,,,,,,,,,
dutch,456,shift75,fnf,categorical_conditional,yhat,1.0,core6_hh,50,False,model seed = shard seed; splits fixed,,100,100,[20],0.001,0.0001,4,"[30, 30]",60,0.01,0.001,dutch/seed456/shift75/cfnf_core6_hh_cond-yhat_gamma1_made50,,,,,,,,,,,,,,,,
dutch,456,shift75,erm,,,,core6,,False,model seed = shard seed; splits fixed,,100,100,[20],0.001,0.0001,4,"[30, 30]",60,0.01,0.001,dutch/seed456/shift75/erm_core6,,,,,,,,,,,,,,,,
dutch,456,shift75,erm,,,,core6_hh,,False,model seed = shard seed; splits fixed,,100,100,[20],0.001,0.0001,4,"[30, 30]",60,0.01,0.001,dutch/seed456/shift75/erm_core6_hh,,,,,,,,,,,,,,,,
dutch,456,shift75,fnf,categorical,,0.02,core6,100,False,model seed = shard seed; splits fixed,1,100,100,[20],0.001,0.0001,4,"[30, 30]",60,0.01,0.001,dutch/seed456/shift75/fnf_core6_gamma0.02_made100,,,,,,,,,,,,,,,,
dutch,456,shift75,fnf,categorical,,0.02,core6,50,False,model seed = shard seed; splits fixed,1,100,100,[20],0.001,0.0001,4,"[30, 30]",60,0.01,0.001,dutch/seed456/shift75/fnf_core6_gamma0.02_made50,,,,,,,,,,,,,,,,
dutch,456,shift75,fnf,categorical,,0.1,core6,100,False,model seed = shard seed; splits fixed,1,100,100,[20],0.001,0.0001,4,"[30, 30]",60,0.01,0.001,dutch/seed456/shift75/fnf_core6_gamma0.1_made100,,,,,,,,,,,,,,,,
dutch,456,shift75,fnf,categorical,,0.1,core6,50,False,model seed = shard seed; splits fixed,1,100,100,[20],0.001,0.0001,4,"[30, 30]",60,0.01,0.001,dutch/seed456/shift75/fnf_core6_gamma0.1_made50,,,,,,,,,,,,,,,,
dutch,456,shift75,fnf,categorical,,0.2,core6,100,False,model seed = shard seed; splits fixed,1,100,100,[20],0.001,0.0001,4,"[30, 30]",60,0.01,0.001,dutch/seed456/shift75/fnf_core6_gamma0.2_made100,,,,,,,,,,,,,,,,
dutch,456,shift75,fnf,categorical,,0.2,core6,50,False,model seed = shard seed; splits fixed,1,100,100,[20],0.001,0.0001,4,"[30, 30]",60,0.01,0.001,dutch/seed456/shift75/fnf_core6_gamma0.2_made50,,,,,,,,,,,,,,,,
dutch,456,shift75,fnf,categorical,,0.5,core6,100,False,model seed = shard seed; splits fixed,1,100,100,[20],0.001,0.0001,4,"[30, 30]",60,0.01,0.001,dutch/seed456/shift75/fnf_core6_gamma0.5_made100,,,,,,,,,,,,,,,,
dutch,456,shift75,fnf,categorical,,0.5,core6,50,False,model seed = shard seed; splits fixed,1,100,100,[20],0.001,0.0001,4,"[30, 30]",60,0.01,0.001,dutch/seed456/shift75/fnf_core6_gamma0.5_made50,,,,,,,,,,,,,,,,
dutch,456,shift75,fnf,categorical,,0.9,core6,100,False,model seed = shard seed; splits fixed,1,100,100,[20],0.001,0.0001,4,"[30, 30]",60,0.01,0.001,dutch/seed456/shift75/fnf_core6_gamma0.9_made100,,,,,,,,,,,,,,,,
dutch,456,shift75,fnf,categorical,,0.9,core6,50,False,model seed = shard seed; splits fixed,1,100,100,[20],0.001,0.0001,4,"[30, 30]",60,0.01,0.001,dutch/seed456/shift75/fnf_core6_gamma0.9_made50,,,,,,,,,,,,,,,,
dutch,456,shift75,fnf,categorical,,0.0,core6,100,False,model seed = shard seed; splits fixed,1,100,100,[20],0.001,0.0001,4,"[30, 30]",60,0.01,0.001,dutch/seed456/shift75/fnf_core6_gamma0_made100,,,,,,,,,,,,,,,,
dutch,456,shift75,fnf,categorical,,0.0,core6,50,False,model seed = shard seed; splits fixed,1,100,100,[20],0.001,0.0001,4,"[30, 30]",60,0.01,0.001,dutch/seed456/shift75/fnf_core6_gamma0_made50,,,,,,,,,,,,,,,,
dutch,456,shift75,fnf,categorical,,1.0,core6,100,False,model seed = shard seed; splits fixed,1,100,100,[20],0.001,0.0001,4,"[30, 30]",60,0.01,0.001,dutch/seed456/shift75/fnf_core6_gamma1_made100,,,,,,,,,,,,,,,,
dutch,456,shift75,fnf,categorical,,1.0,core6,50,False,model seed = shard seed; splits fixed,1,100,100,[20],0.001,0.0001,4,"[30, 30]",60,0.01,0.001,dutch/seed456/shift75/fnf_core6_gamma1_made50,,,,,,,,,,,,,,,,
dutch,456,shift75,fnf,categorical,,0.02,core6_hh,100,False,model seed = shard seed; splits fixed,1,100,100,[20],0.001,0.0001,4,"[30, 30]",60,0.01,0.001,dutch/seed456/shift75/fnf_core6_hh_gamma0.02_made100,,,,,,,,,,,,,,,,
dutch,456,shift75,fnf,categorical,,0.02,core6_hh,50,False,model seed = shard seed; splits fixed,1,100,100,[20],0.001,0.0001,4,"[30, 30]",60,0.01,0.001,dutch/seed456/shift75/fnf_core6_hh_gamma0.02_made50,,,,,,,,,,,,,,,,
dutch,456,shift75,fnf,categorical,,0.1,core6_hh,100,False,model seed = shard seed; splits fixed,1,100,100,[20],0.001,0.0001,4,"[30, 30]",60,0.01,0.001,dutch/seed456/shift75/fnf_core6_hh_gamma0.1_made100,,,,,,,,,,,,,,,,
dutch,456,shift75,fnf,categorical,,0.1,core6_hh,50,False,model seed = shard seed; splits fixed,1,100,100,[20],0.001,0.0001,4,"[30, 30]",60,0.01,0.001,dutch/seed456/shift75/fnf_core6_hh_gamma0.1_made50,,,,,,,,,,,,,,,,
dutch,456,shift75,fnf,categorical,,0.2,core6_hh,100,False,model seed = shard seed; splits fixed,1,100,100,[20],0.001,0.0001,4,"[30, 30]",60,0.01,0.001,dutch/seed456/shift75/fnf_core6_hh_gamma0.2_made100,,,,,,,,,,,,,,,,
dutch,456,shift75,fnf,categorical,,0.2,core6_hh,50,False,model seed = shard seed; splits fixed,1,100,100,[20],0.001,0.0001,4,"[30, 30]",60,0.01,0.001,dutch/seed456/shift75/fnf_core6_hh_gamma0.2_made50,,,,,,,,,,,,,,,,
dutch,456,shift75,fnf,categorical,,0.5,core6_hh,100,False,model seed = shard seed; splits fixed,1,100,100,[20],0.001,0.0001,4,"[30, 30]",60,0.01,0.001,dutch/seed456/shift75/fnf_core6_hh_gamma0.5_made100,,,,,,,,,,,,,,,,
dutch,456,shift75,fnf,categorical,,0.5,core6_hh,50,False,model seed = shard seed; splits fixed,1,100,100,[20],0.001,0.0001,4,"[30, 30]",60,0.01,0.001,dutch/seed456/shift75/fnf_core6_hh_gamma0.5_made50,,,,,,,,,,,,,,,,
dutch,456,shift75,fnf,categorical,,0.9,core6_hh,100,False,model seed = shard seed; splits fixed,1,100,100,[20],0.001,0.0001,4,"[30, 30]",60,0.01,0.001,dutch/seed456/shift75/fnf_core6_hh_gamma0.9_made100,,,,,,,,,,,,,,,,
dutch,456,shift75,fnf,categorical,,0.9,core6_hh,50,False,model seed = shard seed; splits fixed,1,100,100,[20],0.001,0.0001,4,"[30, 30]",60,0.01,0.001,dutch/seed456/shift75/fnf_core6_hh_gamma0.9_made50,,,,,,,,,,,,,,,,
dutch,456,shift75,fnf,categorical,,0.0,core6_hh,100,False,model seed = shard seed; splits fixed,1,100,100,[20],0.001,0.0001,4,"[30, 30]",60,0.01,0.001,dutch/seed456/shift75/fnf_core6_hh_gamma0_made100,,,,,,,,,,,,,,,,
dutch,456,shift75,fnf,categorical,,0.0,core6_hh,50,False,model seed = shard seed; splits fixed,1,100,100,[20],0.001,0.0001,4,"[30, 30]",60,0.01,0.001,dutch/seed456/shift75/fnf_core6_hh_gamma0_made50,,,,,,,,,,,,,,,,
dutch,456,shift75,fnf,categorical,,1.0,core6_hh,100,False,model seed = shard seed; splits fixed,1,100,100,[20],0.001,0.0001,4,"[30, 30]",60,0.01,0.001,dutch/seed456/shift75/fnf_core6_hh_gamma1_made100,,,,,,,,,,,,,,,,
dutch,456,shift75,fnf,categorical,,1.0,core6_hh,50,False,model seed = shard seed; splits fixed,1,100,100,[20],0.001,0.0001,4,"[30, 30]",60,0.01,0.001,dutch/seed456/shift75/fnf_core6_hh_gamma1_made50,,,,,,,,,,,,,,,,
health,123,equalized,erm,,,,core,,False,model seed = shard seed; splits fixed,,,,"[100, 50, 20]",,,,"[50, 50]",80,0.01,0.0,health/seed123/equalized/erm_core,80,256,0.001,0.0,"[100, 100, 50]",0,10,0.05,10.0,10,"[50, 50]",4,80,4,,
health,123,equalized,erm,,,,extended,,False,model seed = shard seed; splits fixed,,,,"[100, 50, 20]",,,,"[50, 50]",80,0.01,0.0,health/seed123/equalized/erm_extended,80,256,0.001,0.0,"[100, 100, 50]",0,10,0.05,10.0,10,"[50, 50]",4,80,4,,
health,123,equalized,fnf,continuous,,0.05,core,,False,model seed = shard seed; splits fixed,,,,"[100, 50, 20]",,,,"[50, 50]",80,0.01,0.0,health/seed123/equalized/fnf_core_gamma0.05_prior-flow_blocks4,80,256,0.001,0.0,"[100, 100, 50]",0,10,0.05,10.0,10,"[50, 50]",4,80,4,flow,4
health,123,equalized,fnf,continuous,,0.05,core,,False,model seed = shard seed; splits fixed,,,,"[100, 50, 20]",,,,"[50, 50]",80,0.01,0.0,health/seed123/equalized/fnf_core_gamma0.05_prior-flow_blocks6,80,256,0.001,0.0,"[100, 100, 50]",0,10,0.05,10.0,10,"[50, 50]",4,80,4,flow,6
health,123,equalized,fnf,continuous,,0.05,core,,False,model seed = shard seed; splits fixed,,,,"[100, 50, 20]",,,,"[50, 50]",80,0.01,0.0,health/seed123/equalized/fnf_core_gamma0.05_prior-gmm_blocks4,80,256,0.001,0.0,"[100, 100, 50]",0,10,0.05,10.0,10,"[50, 50]",4,80,4,gmm,4
health,123,equalized,fnf,continuous,,0.05,core,,False,model seed = shard seed; splits fixed,,,,"[100, 50, 20]",,,,"[50, 50]",80,0.01,0.0,health/seed123/equalized/fnf_core_gamma0.05_prior-gmm_blocks6,80,256,0.001,0.0,"[100, 100, 50]",0,10,0.05,10.0,10,"[50, 50]",4,80,4,gmm,6
health,123,equalized,fnf,continuous,,0.1,core,,False,model seed = shard seed; splits fixed,,,,"[100, 50, 20]",,,,"[50, 50]",80,0.01,0.0,health/seed123/equalized/fnf_core_gamma0.1_prior-flow_blocks4,80,256,0.001,0.0,"[100, 100, 50]",0,10,0.05,10.0,10,"[50, 50]",4,80,4,flow,4
health,123,equalized,fnf,continuous,,0.1,core,,False,model seed = shard seed; splits fixed,,,,"[100, 50, 20]",,,,"[50, 50]",80,0.01,0.0,health/seed123/equalized/fnf_core_gamma0.1_prior-flow_blocks6,80,256,0.001,0.0,"[100, 100, 50]",0,10,0.05,10.0,10,"[50, 50]",4,80,4,flow,6
health,123,equalized,fnf,continuous,,0.1,core,,False,model seed = shard seed; splits fixed,,,,"[100, 50, 20]",,,,"[50, 50]",80,0.01,0.0,health/seed123/equalized/fnf_core_gamma0.1_prior-gmm_blocks4,80,256,0.001,0.0,"[100, 100, 50]",0,10,0.05,10.0,10,"[50, 50]",4,80,4,gmm,4
health,123,equalized,fnf,continuous,,0.1,core,,False,model seed = shard seed; splits fixed,,,,"[100, 50, 20]",,,,"[50, 50]",80,0.01,0.0,health/seed123/equalized/fnf_core_gamma0.1_prior-gmm_blocks6,80,256,0.001,0.0,"[100, 100, 50]",0,10,0.05,10.0,10,"[50, 50]",4,80,4,gmm,6
health,123,equalized,fnf,continuous,,0.5,core,,False,model seed = shard seed; splits fixed,,,,"[100, 50, 20]",,,,"[50, 50]",80,0.01,0.0,health/seed123/equalized/fnf_core_gamma0.5_prior-flow_blocks4,80,256,0.001,0.0,"[100, 100, 50]",0,10,0.05,10.0,10,"[50, 50]",4,80,4,flow,4
health,123,equalized,fnf,continuous,,0.5,core,,False,model seed = shard seed; splits fixed,,,,"[100, 50, 20]",,,,"[50, 50]",80,0.01,0.0,health/seed123/equalized/fnf_core_gamma0.5_prior-flow_blocks6,80,256,0.001,0.0,"[100, 100, 50]",0,10,0.05,10.0,10,"[50, 50]",4,80,4,flow,6
health,123,equalized,fnf,continuous,,0.5,core,,False,model seed = shard seed; splits fixed,,,,"[100, 50, 20]",,,,"[50, 50]",80,0.01,0.0,health/seed123/equalized/fnf_core_gamma0.5_prior-gmm_blocks4,80,256,0.001,0.0,"[100, 100, 50]",0,10,0.05,10.0,10,"[50, 50]",4,80,4,gmm,4
health,123,equalized,fnf,continuous,,0.5,core,,False,model seed = shard seed; splits fixed,,,,"[100, 50, 20]",,,,"[50, 50]",80,0.01,0.0,health/seed123/equalized/fnf_core_gamma0.5_prior-gmm_blocks6,80,256,0.001,0.0,"[100, 100, 50]",0,10,0.05,10.0,10,"[50, 50]",4,80,4,gmm,6
health,123,equalized,fnf,continuous,,0.95,core,,False,model seed = shard seed; splits fixed,,,,"[100, 50, 20]",,,,"[50, 50]",80,0.01,0.0,health/seed123/equalized/fnf_core_gamma0.95_prior-flow_blocks4,80,256,0.001,0.0,"[100, 100, 50]",0,10,0.05,10.0,10,"[50, 50]",4,80,4,flow,4
health,123,equalized,fnf,continuous,,0.95,core,,False,model seed = shard seed; splits fixed,,,,"[100, 50, 20]",,,,"[50, 50]",80,0.01,0.0,health/seed123/equalized/fnf_core_gamma0.95_prior-flow_blocks6,80,256,0.001,0.0,"[100, 100, 50]",0,10,0.05,10.0,10,"[50, 50]",4,80,4,flow,6
health,123,equalized,fnf,continuous,,0.95,core,,False,model seed = shard seed; splits fixed,,,,"[100, 50, 20]",,,,"[50, 50]",80,0.01,0.0,health/seed123/equalized/fnf_core_gamma0.95_prior-gmm_blocks4,80,256,0.001,0.0,"[100, 100, 50]",0,10,0.05,10.0,10,"[50, 50]",4,80,4,gmm,4
health,123,equalized,fnf,continuous,,0.95,core,,False,model seed = shard seed; splits fixed,,,,"[100, 50, 20]",,,,"[50, 50]",80,0.01,0.0,health/seed123/equalized/fnf_core_gamma0.95_prior-gmm_blocks6,80,256,0.001,0.0,"[100, 100, 50]",0,10,0.05,10.0,10,"[50, 50]",4,80,4,gmm,6
health,123,equalized,fnf,continuous,,0.0,core,,False,model seed = shard seed; splits fixed,,,,"[100, 50, 20]",,,,"[50, 50]",80,0.01,0.0,health/seed123/equalized/fnf_core_gamma0_prior-flow_blocks4,80,256,0.001,0.0,"[100, 100, 50]",0,10,0.05,10.0,10,"[50, 50]",4,80,4,flow,4
health,123,equalized,fnf,continuous,,0.0,core,,False,model seed = shard seed; splits fixed,,,,"[100, 50, 20]",,,,"[50, 50]",80,0.01,0.0,health/seed123/equalized/fnf_core_gamma0_prior-flow_blocks6,80,256,0.001,0.0,"[100, 100, 50]",0,10,0.05,10.0,10,"[50, 50]",4,80,4,flow,6
health,123,equalized,fnf,continuous,,0.0,core,,False,model seed = shard seed; splits fixed,,,,"[100, 50, 20]",,,,"[50, 50]",80,0.01,0.0,health/seed123/equalized/fnf_core_gamma0_prior-gmm_blocks4,80,256,0.001,0.0,"[100, 100, 50]",0,10,0.05,10.0,10,"[50, 50]",4,80,4,gmm,4
health,123,equalized,fnf,continuous,,0.0,core,,False,model seed = shard seed; splits fixed,,,,"[100, 50, 20]",,,,"[50, 50]",80,0.01,0.0,health/seed123/equalized/fnf_core_gamma0_prior-gmm_blocks6,80,256,0.001,0.0,"[100, 100, 50]",0,10,0.05,10.0,10,"[50, 50]",4,80,4,gmm,6
health,123,equalized,fnf,continuous,,0.05,extended,,False,model seed = shard seed; splits fixed,,,,"[100, 50, 20]",,,,"[50, 50]",80,0.01,0.0,health/seed123/equalized/fnf_extended_gamma0.05_prior-flow_blocks4,80,256,0.001,0.0,"[100, 100, 50]",0,10,0.05,10.0,10,"[50, 50]",4,80,4,flow,4
health,123,equalized,fnf,continuous,,0.05,extended,,False,model seed = shard seed; splits fixed,,,,"[100, 50, 20]",,,,"[50, 50]",80,0.01,0.0,health/seed123/equalized/fnf_extended_gamma0.05_prior-flow_blocks6,80,256,0.001,0.0,"[100, 100, 50]",0,10,0.05,10.0,10,"[50, 50]",4,80,4,flow,6
health,123,equalized,fnf,continuous,,0.05,extended,,False,model seed = shard seed; splits fixed,,,,"[100, 50, 20]",,,,"[50, 50]",80,0.01,0.0,health/seed123/equalized/fnf_extended_gamma0.05_prior-gmm_blocks4,80,256,0.001,0.0,"[100, 100, 50]",0,10,0.05,10.0,10,"[50, 50]",4,80,4,gmm,4
health,123,equalized,fnf,continuous,,0.05,extended,,False,model seed = shard seed; splits fixed,,,,"[100, 50, 20]",,,,"[50, 50]",80,0.01,0.0,health/seed123/equalized/fnf_extended_gamma0.05_prior-gmm_blocks6,80,256,0.001,0.0,"[100, 100, 50]",0,10,0.05,10.0,10,"[50, 50]",4,80,4,gmm,6
health,123,equalized,fnf,continuous,,0.1,extended,,False,model seed = shard seed; splits fixed,,,,"[100, 50, 20]",,,,"[50, 50]",80,0.01,0.0,health/seed123/equalized/fnf_extended_gamma0.1_prior-flow_blocks4,80,256,0.001,0.0,"[100, 100, 50]",0,10,0.05,10.0,10,"[50, 50]",4,80,4,flow,4
health,123,equalized,fnf,continuous,,0.1,extended,,False,model seed = shard seed; splits fixed,,,,"[100, 50, 20]",,,,"[50, 50]",80,0.01,0.0,health/seed123/equalized/fnf_extended_gamma0.1_prior-flow_blocks6,80,256,0.001,0.0,"[100, 100, 50]",0,10,0.05,10.0,10,"[50, 50]",4,80,4,flow,6
health,123,equalized,fnf,continuous,,0.1,extended,,False,model seed = shard seed; splits fixed,,,,"[100, 50, 20]",,,,"[50, 50]",80,0.01,0.0,health/seed123/equalized/fnf_extended_gamma0.1_prior-gmm_blocks4,80,256,0.001,0.0,"[100, 100, 50]",0,10,0.05,10.0,10,"[50, 50]",4,80,4,gmm,4
health,123,equalized,fnf,continuous,,0.1,extended,,False,model seed = shard seed; splits fixed,,,,"[100, 50, 20]",,,,"[50, 50]",80,0.01,0.0,health/seed123/equalized/fnf_extended_gamma0.1_prior-gmm_blocks6,80,256,0.001,0.0,"[100, 100, 50]",0,10,0.05,10.0,10,"[50, 50]",4,80,4,gmm,6
health,123,equalized,fnf,continuous,,0.5,extended,,False,model seed = shard seed; splits fixed,,,,"[100, 50, 20]",,,,"[50, 50]",80,0.01,0.0,health/seed123/equalized/fnf_extended_gamma0.5_prior-flow_blocks4,80,256,0.001,0.0,"[100, 100, 50]",0,10,0.05,10.0,10,"[50, 50]",4,80,4,flow,4
health,123,equalized,fnf,continuous,,0.5,extended,,False,model seed = shard seed; splits fixed,,,,"[100, 50, 20]",,,,"[50, 50]",80,0.01,0.0,health/seed123/equalized/fnf_extended_gamma0.5_prior-flow_blocks6,80,256,0.001,0.0,"[100, 100, 50]",0,10,0.05,10.0,10,"[50, 50]",4,80,4,flow,6
health,123,equalized,fnf,continuous,,0.5,extended,,False,model seed = shard seed; splits fixed,,,,"[100, 50, 20]",,,,"[50, 50]",80,0.01,0.0,health/seed123/equalized/fnf_extended_gamma0.5_prior-gmm_blocks4,80,256,0.001,0.0,"[100, 100, 50]",0,10,0.05,10.0,10,"[50, 50]",4,80,4,gmm,4
health,123,equalized,fnf,continuous,,0.5,extended,,False,model seed = shard seed; splits fixed,,,,"[100, 50, 20]",,,,"[50, 50]",80,0.01,0.0,health/seed123/equalized/fnf_extended_gamma0.5_prior-gmm_blocks6,80,256,0.001,0.0,"[100, 100, 50]",0,10,0.05,10.0,10,"[50, 50]",4,80,4,gmm,6
health,123,equalized,fnf,continuous,,0.95,extended,,False,model seed = shard seed; splits fixed,,,,"[100, 50, 20]",,,,"[50, 50]",80,0.01,0.0,health/seed123/equalized/fnf_extended_gamma0.95_prior-flow_blocks4,80,256,0.001,0.0,"[100, 100, 50]",0,10,0.05,10.0,10,"[50, 50]",4,80,4,flow,4
health,123,equalized,fnf,continuous,,0.95,extended,,False,model seed = shard seed; splits fixed,,,,"[100, 50, 20]",,,,"[50, 50]",80,0.01,0.0,health/seed123/equalized/fnf_extended_gamma0.95_prior-flow_blocks6,80,256,0.001,0.0,"[100, 100, 50]",0,10,0.05,10.0,10,"[50, 50]",4,80,4,flow,6
health,123,equalized,fnf,continuous,,0.95,extended,,False,model seed = shard seed; splits fixed,,,,"[100, 50, 20]",,,,"[50, 50]",80,0.01,0.0,health/seed123/equalized/fnf_extended_gamma0.95_prior-gmm_blocks4,80,256,0.001,0.0,"[100, 100, 50]",0,10,0.05,10.0,10,"[50, 50]",4,80,4,gmm,4
health,123,equalized,fnf,continuous,,0.95,extended,,False,model seed = shard seed; splits fixed,,,,"[100, 50, 20]",,,,"[50, 50]",80,0.01,0.0,health/seed123/equalized/fnf_extended_gamma0.95_prior-gmm_blocks6,80,256,0.001,0.0,"[100, 100, 50]",0,10,0.05,10.0,10,"[50, 50]",4,80,4,gmm,6
health,123,equalized,fnf,continuous,,0.0,extended,,False,model seed = shard seed; splits fixed,,,,"[100, 50, 20]",,,,"[50, 50]",80,0.01,0.0,health/seed123/equalized/fnf_extended_gamma0_prior-flow_blocks4,80,256,0.001,0.0,"[100, 100, 50]",0,10,0.05,10.0,10,"[50, 50]",4,80,4,flow,4
health,123,equalized,fnf,continuous,,0.0,extended,,False,model seed = shard seed; splits fixed,,,,"[100, 50, 20]",,,,"[50, 50]",80,0.01,0.0,health/seed123/equalized/fnf_extended_gamma0_prior-flow_blocks6,80,256,0.001,0.0,"[100, 100, 50]",0,10,0.05,10.0,10,"[50, 50]",4,80,4,flow,6
health,123,equalized,fnf,continuous,,0.0,extended,,False,model seed = shard seed; splits fixed,,,,"[100, 50, 20]",,,,"[50, 50]",80,0.01,0.0,health/seed123/equalized/fnf_extended_gamma0_prior-gmm_blocks4,80,256,0.001,0.0,"[100, 100, 50]",0,10,0.05,10.0,10,"[50, 50]",4,80,4,gmm,4
health,123,equalized,fnf,continuous,,0.0,extended,,False,model seed = shard seed; splits fixed,,,,"[100, 50, 20]",,,,"[50, 50]",80,0.01,0.0,health/seed123/equalized/fnf_extended_gamma0_prior-gmm_blocks6,80,256,0.001,0.0,"[100, 100, 50]",0,10,0.05,10.0,10,"[50, 50]",4,80,4,gmm,6
health,123,natural,erm,,,,core,,False,model seed = shard seed; splits fixed,,,,"[100, 50, 20]",,,,"[50, 50]",80,0.01,0.0,health/seed123/natural/erm_core,80,256,0.001,0.0,"[100, 100, 50]",0,10,0.05,10.0,10,"[50, 50]",4,80,4,,
health,123,natural,erm,,,,extended,,False,model seed = shard seed; splits fixed,,,,"[100, 50, 20]",,,,"[50, 50]",80,0.01,0.0,health/seed123/natural/erm_extended,80,256,0.001,0.0,"[100, 100, 50]",0,10,0.05,10.0,10,"[50, 50]",4,80,4,,
health,123,natural,fnf,continuous,,0.05,core,,False,model seed = shard seed; splits fixed,,,,"[100, 50, 20]",,,,"[50, 50]",80,0.01,0.0,health/seed123/natural/fnf_core_gamma0.05_prior-flow_blocks4,80,256,0.001,0.0,"[100, 100, 50]",0,10,0.05,10.0,10,"[50, 50]",4,80,4,flow,4
health,123,natural,fnf,continuous,,0.05,core,,False,model seed = shard seed; splits fixed,,,,"[100, 50, 20]",,,,"[50, 50]",80,0.01,0.0,health/seed123/natural/fnf_core_gamma0.05_prior-flow_blocks6,80,256,0.001,0.0,"[100, 100, 50]",0,10,0.05,10.0,10,"[50, 50]",4,80,4,flow,6
health,123,natural,fnf,continuous,,0.05,core,,False,model seed = shard seed; splits fixed,,,,"[100, 50, 20]",,,,"[50, 50]",80,0.01,0.0,health/seed123/natural/fnf_core_gamma0.05_prior-gmm_blocks4,80,256,0.001,0.0,"[100, 100, 50]",0,10,0.05,10.0,10,"[50, 50]",4,80,4,gmm,4
health,123,natural,fnf,continuous,,0.05,core,,False,model seed = shard seed; splits fixed,,,,"[100, 50, 20]",,,,"[50, 50]",80,0.01,0.0,health/seed123/natural/fnf_core_gamma0.05_prior-gmm_blocks6,80,256,0.001,0.0,"[100, 100, 50]",0,10,0.05,10.0,10,"[50, 50]",4,80,4,gmm,6
health,123,natural,fnf,continuous,,0.1,core,,False,model seed = shard seed; splits fixed,,,,"[100, 50, 20]",,,,"[50, 50]",80,0.01,0.0,health/seed123/natural/fnf_core_gamma0.1_prior-flow_blocks4,80,256,0.001,0.0,"[100, 100, 50]",0,10,0.05,10.0,10,"[50, 50]",4,80,4,flow,4
health,123,natural,fnf,continuous,,0.1,core,,False,model seed = shard seed; splits fixed,,,,"[100, 50, 20]",,,,"[50, 50]",80,0.01,0.0,health/seed123/natural/fnf_core_gamma0.1_prior-flow_blocks6,80,256,0.001,0.0,"[100, 100, 50]",0,10,0.05,10.0,10,"[50, 50]",4,80,4,flow,6
health,123,natural,fnf,continuous,,0.1,core,,False,model seed = shard seed; splits fixed,,,,"[100, 50, 20]",,,,"[50, 50]",80,0.01,0.0,health/seed123/natural/fnf_core_gamma0.1_prior-gmm_blocks4,80,256,0.001,0.0,"[100, 100, 50]",0,10,0.05,10.0,10,"[50, 50]",4,80,4,gmm,4
health,123,natural,fnf,continuous,,0.1,core,,False,model seed = shard seed; splits fixed,,,,"[100, 50, 20]",,,,"[50, 50]",80,0.01,0.0,health/seed123/natural/fnf_core_gamma0.1_prior-gmm_blocks6,80,256,0.001,0.0,"[100, 100, 50]",0,10,0.05,10.0,10,"[50, 50]",4,80,4,gmm,6
health,123,natural,fnf,continuous,,0.5,core,,False,model seed = shard seed; splits fixed,,,,"[100, 50, 20]",,,,"[50, 50]",80,0.01,0.0,health/seed123/natural/fnf_core_gamma0.5_prior-flow_blocks4,80,256,0.001,0.0,"[100, 100, 50]",0,10,0.05,10.0,10,"[50, 50]",4,80,4,flow,4
health,123,natural,fnf,continuous,,0.5,core,,False,model seed = shard seed; splits fixed,,,,"[100, 50, 20]",,,,"[50, 50]",80,0.01,0.0,health/seed123/natural/fnf_core_gamma0.5_prior-flow_blocks6,80,256,0.001,0.0,"[100, 100, 50]",0,10,0.05,10.0,10,"[50, 50]",4,80,4,flow,6
health,123,natural,fnf,continuous,,0.5,core,,False,model seed = shard seed; splits fixed,,,,"[100, 50, 20]",,,,"[50, 50]",80,0.01,0.0,health/seed123/natural/fnf_core_gamma0.5_prior-gmm_blocks4,80,256,0.001,0.0,"[100, 100, 50]",0,10,0.05,10.0,10,"[50, 50]",4,80,4,gmm,4
health,123,natural,fnf,continuous,,0.5,core,,False,model seed = shard seed; splits fixed,,,,"[100, 50, 20]",,,,"[50, 50]",80,0.01,0.0,health/seed123/natural/fnf_core_gamma0.5_prior-gmm_blocks6,80,256,0.001,0.0,"[100, 100, 50]",0,10,0.05,10.0,10,"[50, 50]",4,80,4,gmm,6
health,123,natural,fnf,continuous,,0.95,core,,False,model seed = shard seed; splits fixed,,,,"[100, 50, 20]",,,,"[50, 50]",80,0.01,0.0,health/seed123/natural/fnf_core_gamma0.95_prior-flow_blocks4,80,256,0.001,0.0,"[100, 100, 50]",0,10,0.05,10.0,10,"[50, 50]",4,80,4,flow,4
health,123,natural,fnf,continuous,,0.95,core,,False,model seed = shard seed; splits fixed,,,,"[100, 50, 20]",,,,"[50, 50]",80,0.01,0.0,health/seed123/natural/fnf_core_gamma0.95_prior-flow_blocks6,80,256,0.001,0.0,"[100, 100, 50]",0,10,0.05,10.0,10,"[50, 50]",4,80,4,flow,6
health,123,natural,fnf,continuous,,0.95,core,,False,model seed = shard seed; splits fixed,,,,"[100, 50, 20]",,,,"[50, 50]",80,0.01,0.0,health/seed123/natural/fnf_core_gamma0.95_prior-gmm_blocks4,80,256,0.001,0.0,"[100, 100, 50]",0,10,0.05,10.0,10,"[50, 50]",4,80,4,gmm,4
health,123,natural,fnf,continuous,,0.95,core,,False,model seed = shard seed; splits fixed,,,,"[100, 50, 20]",,,,"[50, 50]",80,0.01,0.0,health/seed123/natural/fnf_core_gamma0.95_prior-gmm_blocks6,80,256,0.001,0.0,"[100, 100, 50]",0,10,0.05,10.0,10,"[50, 50]",4,80,4,gmm,6
health,123,natural,fnf,continuous,,0.0,core,,False,model seed = shard seed; splits fixed,,,,"[100, 50, 20]",,,,"[50, 50]",80,0.01,0.0,health/seed123/natural/fnf_core_gamma0_prior-flow_blocks4,80,256,0.001,0.0,"[100, 100, 50]",0,10,0.05,10.0,10,"[50, 50]",4,80,4,flow,4
health,123,natural,fnf,continuous,,0.0,core,,False,model seed = shard seed; splits fixed,,,,"[100, 50, 20]",,,,"[50, 50]",80,0.01,0.0,health/seed123/natural/fnf_core_gamma0_prior-flow_blocks6,80,256,0.001,0.0,"[100, 100, 50]",0,10,0.05,10.0,10,"[50, 50]",4,80,4,flow,6
health,123,natural,fnf,continuous,,0.0,core,,False,model seed = shard seed; splits fixed,,,,"[100, 50, 20]",,,,"[50, 50]",80,0.01,0.0,health/seed123/natural/fnf_core_gamma0_prior-gmm_blocks4,80,256,0.001,0.0,"[100, 100, 50]",0,10,0.05,10.0,10,"[50, 50]",4,80,4,gmm,4
health,123,natural,fnf,continuous,,0.0,core,,False,model seed = shard seed; splits fixed,,,,"[100, 50, 20]",,,,"[50, 50]",80,0.01,0.0,health/seed123/natural/fnf_core_gamma0_prior-gmm_blocks6,80,256,0.001,0.0,"[100, 100, 50]",0,10,0.05,10.0,10,"[50, 50]",4,80,4,gmm,6
health,123,natural,fnf,continuous,,0.05,extended,,False,model seed = shard seed; splits fixed,,,,"[100, 50, 20]",,,,"[50, 50]",80,0.01,0.0,health/seed123/natural/fnf_extended_gamma0.05_prior-flow_blocks4,80,256,0.001,0.0,"[100, 100, 50]",0,10,0.05,10.0,10,"[50, 50]",4,80,4,flow,4
health,123,natural,fnf,continuous,,0.05,extended,,False,model seed = shard seed; splits fixed,,,,"[100, 50, 20]",,,,"[50, 50]",80,0.01,0.0,health/seed123/natural/fnf_extended_gamma0.05_prior-flow_blocks6,80,256,0.001,0.0,"[100, 100, 50]",0,10,0.05,10.0,10,"[50, 50]",4,80,4,flow,6
health,123,natural,fnf,continuous,,0.05,extended,,False,model seed = shard seed; splits fixed,,,,"[100, 50, 20]",,,,"[50, 50]",80,0.01,0.0,health/seed123/natural/fnf_extended_gamma0.05_prior-gmm_blocks4,80,256,0.001,0.0,"[100, 100, 50]",0,10,0.05,10.0,10,"[50, 50]",4,80,4,gmm,4
health,123,natural,fnf,continuous,,0.05,extended,,False,model seed = shard seed; splits fixed,,,,"[100, 50, 20]",,,,"[50, 50]",80,0.01,0.0,health/seed123/natural/fnf_extended_gamma0.05_prior-gmm_blocks6,80,256,0.001,0.0,"[100, 100, 50]",0,10,0.05,10.0,10,"[50, 50]",4,80,4,gmm,6
health,123,natural,fnf,continuous,,0.1,extended,,False,model seed = shard seed; splits fixed,,,,"[100, 50, 20]",,,,"[50, 50]",80,0.01,0.0,health/seed123/natural/fnf_extended_gamma0.1_prior-flow_blocks4,80,256,0.001,0.0,"[100, 100, 50]",0,10,0.05,10.0,10,"[50, 50]",4,80,4,flow,4
health,123,natural,fnf,continuous,,0.1,extended,,False,model seed = shard seed; splits fixed,,,,"[100, 50, 20]",,,,"[50, 50]",80,0.01,0.0,health/seed123/natural/fnf_extended_gamma0.1_prior-flow_blocks6,80,256,0.001,0.0,"[100, 100, 50]",0,10,0.05,10.0,10,"[50, 50]",4,80,4,flow,6
health,123,natural,fnf,continuous,,0.1,extended,,False,model seed = shard seed; splits fixed,,,,"[100, 50, 20]",,,,"[50, 50]",80,0.01,0.0,health/seed123/natural/fnf_extended_gamma0.1_prior-gmm_blocks4,80,256,0.001,0.0,"[100, 100, 50]",0,10,0.05,10.0,10,"[50, 50]",4,80,4,gmm,4
health,123,natural,fnf,continuous,,0.1,extended,,False,model seed = shard seed; splits fixed,,,,"[100, 50, 20]",,,,"[50, 50]",80,0.01,0.0,health/seed123/natural/fnf_extended_gamma0.1_prior-gmm_blocks6,80,256,0.001,0.0,"[100, 100, 50]",0,10,0.05,10.0,10,"[50, 50]",4,80,4,gmm,6
health,123,natural,fnf,continuous,,0.5,extended,,False,model seed = shard seed; splits fixed,,,,"[100, 50, 20]",,,,"[50, 50]",80,0.01,0.0,health/seed123/natural/fnf_extended_gamma0.5_prior-flow_blocks4,80,256,0.001,0.0,"[100, 100, 50]",0,10,0.05,10.0,10,"[50, 50]",4,80,4,flow,4
health,123,natural,fnf,continuous,,0.5,extended,,False,model seed = shard seed; splits fixed,,,,"[100, 50, 20]",,,,"[50, 50]",80,0.01,0.0,health/seed123/natural/fnf_extended_gamma0.5_prior-flow_blocks6,80,256,0.001,0.0,"[100, 100, 50]",0,10,0.05,10.0,10,"[50, 50]",4,80,4,flow,6
health,123,natural,fnf,continuous,,0.5,extended,,False,model seed = shard seed; splits fixed,,,,"[100, 50, 20]",,,,"[50, 50]",80,0.01,0.0,health/seed123/natural/fnf_extended_gamma0.5_prior-gmm_blocks4,80,256,0.001,0.0,"[100, 100, 50]",0,10,0.05,10.0,10,"[50, 50]",4,80,4,gmm,4
health,123,natural,fnf,continuous,,0.5,extended,,False,model seed = shard seed; splits fixed,,,,"[100, 50, 20]",,,,"[50, 50]",80,0.01,0.0,health/seed123/natural/fnf_extended_gamma0.5_prior-gmm_blocks6,80,256,0.001,0.0,"[100, 100, 50]",0,10,0.05,10.0,10,"[50, 50]",4,80,4,gmm,6
health,123,natural,fnf,continuous,,0.95,extended,,False,model seed = shard seed; splits fixed,,,,"[100, 50, 20]",,,,"[50, 50]",80,0.01,0.0,health/seed123/natural/fnf_extended_gamma0.95_prior-flow_blocks4,80,256,0.001,0.0,"[100, 100, 50]",0,10,0.05,10.0,10,"[50, 50]",4,80,4,flow,4
health,123,natural,fnf,continuous,,0.95,extended,,False,model seed = shard seed; splits fixed,,,,"[100, 50, 20]",,,,"[50, 50]",80,0.01,0.0,health/seed123/natural/fnf_extended_gamma0.95_prior-flow_blocks6,80,256,0.001,0.0,"[100, 100, 50]",0,10,0.05,10.0,10,"[50, 50]",4,80,4,flow,6
health,123,natural,fnf,continuous,,0.95,extended,,False,model seed = shard seed; splits fixed,,,,"[100, 50, 20]",,,,"[50, 50]",80,0.01,0.0,health/seed123/natural/fnf_extended_gamma0.95_prior-gmm_blocks4,80,256,0.001,0.0,"[100, 100, 50]",0,10,0.05,10.0,10,"[50, 50]",4,80,4,gmm,4
health,123,natural,fnf,continuous,,0.95,extended,,False,model seed = shard seed; splits fixed,,,,"[100, 50, 20]",,,,"[50, 50]",80,0.01,0.0,health/seed123/natural/fnf_extended_gamma0.95_prior-gmm_blocks6,80,256,0.001,0.0,"[100, 100, 50]",0,10,0.05,10.0,10,"[50, 50]",4,80,4,gmm,6
health,123,natural,fnf,continuous,,0.0,extended,,False,model seed = shard seed; splits fixed,,,,"[100, 50, 20]",,,,"[50, 50]",80,0.01,0.0,health/seed123/natural/fnf_extended_gamma0_prior-flow_blocks4,80,256,0.001,0.0,"[100, 100, 50]",0,10,0.05,10.0,10,"[50, 50]",4,80,4,flow,4
health,123,natural,fnf,continuous,,0.0,extended,,False,model seed = shard seed; splits fixed,,,,"[100, 50, 20]",,,,"[50, 50]",80,0.01,0.0,health/seed123/natural/fnf_extended_gamma0_prior-flow_blocks6,80,256,0.001,0.0,"[100, 100, 50]",0,10,0.05,10.0,10,"[50, 50]",4,80,4,flow,6
health,123,natural,fnf,continuous,,0.0,extended,,False,model seed = shard seed; splits fixed,,,,"[100, 50, 20]",,,,"[50, 50]",80,0.01,0.0,health/seed123/natural/fnf_extended_gamma0_prior-gmm_blocks4,80,256,0.001,0.0,"[100, 100, 50]",0,10,0.05,10.0,10,"[50, 50]",4,80,4,gmm,4
health,123,natural,fnf,continuous,,0.0,extended,,False,model seed = shard seed; splits fixed,,,,"[100, 50, 20]",,,,"[50, 50]",80,0.01,0.0,health/seed123/natural/fnf_extended_gamma0_prior-gmm_blocks6,80,256,0.001,0.0,"[100, 100, 50]",0,10,0.05,10.0,10,"[50, 50]",4,80,4,gmm,6
health,123,shift50,erm,,,,core,,False,model seed = shard seed; splits fixed,,,,"[100, 50, 20]",,,,"[50, 50]",80,0.01,0.0,health/seed123/shift50/erm_core,80,256,0.001,0.0,"[100, 100, 50]",0,10,0.05,10.0,10,"[50, 50]",4,80,4,,
health,123,shift50,erm,,,,extended,,False,model seed = shard seed; splits fixed,,,,"[100, 50, 20]",,,,"[50, 50]",80,0.01,0.0,health/seed123/shift50/erm_extended,80,256,0.001,0.0,"[100, 100, 50]",0,10,0.05,10.0,10,"[50, 50]",4,80,4,,
health,123,shift50,fnf,continuous,,0.05,core,,False,model seed = shard seed; splits fixed,,,,"[100, 50, 20]",,,,"[50, 50]",80,0.01,0.0,health/seed123/shift50/fnf_core_gamma0.05_prior-flow_blocks4,80,256,0.001,0.0,"[100, 100, 50]",0,10,0.05,10.0,10,"[50, 50]",4,80,4,flow,4
health,123,shift50,fnf,continuous,,0.05,core,,False,model seed = shard seed; splits fixed,,,,"[100, 50, 20]",,,,"[50, 50]",80,0.01,0.0,health/seed123/shift50/fnf_core_gamma0.05_prior-flow_blocks6,80,256,0.001,0.0,"[100, 100, 50]",0,10,0.05,10.0,10,"[50, 50]",4,80,4,flow,6
health,123,shift50,fnf,continuous,,0.05,core,,False,model seed = shard seed; splits fixed,,,,"[100, 50, 20]",,,,"[50, 50]",80,0.01,0.0,health/seed123/shift50/fnf_core_gamma0.05_prior-gmm_blocks4,80,256,0.001,0.0,"[100, 100, 50]",0,10,0.05,10.0,10,"[50, 50]",4,80,4,gmm,4
health,123,shift50,fnf,continuous,,0.05,core,,False,model seed = shard seed; splits fixed,,,,"[100, 50, 20]",,,,"[50, 50]",80,0.01,0.0,health/seed123/shift50/fnf_core_gamma0.05_prior-gmm_blocks6,80,256,0.001,0.0,"[100, 100, 50]",0,10,0.05,10.0,10,"[50, 50]",4,80,4,gmm,6
health,123,shift50,fnf,continuous,,0.1,core,,False,model seed = shard seed; splits fixed,,,,"[100, 50, 20]",,,,"[50, 50]",80,0.01,0.0,health/seed123/shift50/fnf_core_gamma0.1_prior-flow_blocks4,80,256,0.001,0.0,"[100, 100, 50]",0,10,0.05,10.0,10,"[50, 50]",4,80,4,flow,4
health,123,shift50,fnf,continuous,,0.1,core,,False,model seed = shard seed; splits fixed,,,,"[100, 50, 20]",,,,"[50, 50]",80,0.01,0.0,health/seed123/shift50/fnf_core_gamma0.1_prior-flow_blocks6,80,256,0.001,0.0,"[100, 100, 50]",0,10,0.05,10.0,10,"[50, 50]",4,80,4,flow,6
health,123,shift50,fnf,continuous,,0.1,core,,False,model seed = shard seed; splits fixed,,,,"[100, 50, 20]",,,,"[50, 50]",80,0.01,0.0,health/seed123/shift50/fnf_core_gamma0.1_prior-gmm_blocks4,80,256,0.001,0.0,"[100, 100, 50]",0,10,0.05,10.0,10,"[50, 50]",4,80,4,gmm,4
health,123,shift50,fnf,continuous,,0.1,core,,False,model seed = shard seed; splits fixed,,,,"[100, 50, 20]",,,,"[50, 50]",80,0.01,0.0,health/seed123/shift50/fnf_core_gamma0.1_prior-gmm_blocks6,80,256,0.001,0.0,"[100, 100, 50]",0,10,0.05,10.0,10,"[50, 50]",4,80,4,gmm,6
health,123,shift50,fnf,continuous,,0.5,core,,False,model seed = shard seed; splits fixed,,,,"[100, 50, 20]",,,,"[50, 50]",80,0.01,0.0,health/seed123/shift50/fnf_core_gamma0.5_prior-flow_blocks4,80,256,0.001,0.0,"[100, 100, 50]",0,10,0.05,10.0,10,"[50, 50]",4,80,4,flow,4
health,123,shift50,fnf,continuous,,0.5,core,,False,model seed = shard seed; splits fixed,,,,"[100, 50, 20]",,,,"[50, 50]",80,0.01,0.0,health/seed123/shift50/fnf_core_gamma0.5_prior-flow_blocks6,80,256,0.001,0.0,"[100, 100, 50]",0,10,0.05,10.0,10,"[50, 50]",4,80,4,flow,6
health,123,shift50,fnf,continuous,,0.5,core,,False,model seed = shard seed; splits fixed,,,,"[100, 50, 20]",,,,"[50, 50]",80,0.01,0.0,health/seed123/shift50/fnf_core_gamma0.5_prior-gmm_blocks4,80,256,0.001,0.0,"[100, 100, 50]",0,10,0.05,10.0,10,"[50, 50]",4,80,4,gmm,4
health,123,shift50,fnf,continuous,,0.5,core,,False,model seed = shard seed; splits fixed,,,,"[100, 50, 20]",,,,"[50, 50]",80,0.01,0.0,health/seed123/shift50/fnf_core_gamma0.5_prior-gmm_blocks6,80,256,0.001,0.0,"[100, 100, 50]",0,10,0.05,10.0,10,"[50, 50]",4,80,4,gmm,6
health,123,shift50,fnf,continuous,,0.95,core,,False,model seed = shard seed; splits fixed,,,,"[100, 50, 20]",,,,"[50, 50]",80,0.01,0.0,health/seed123/shift50/fnf_core_gamma0.95_prior-flow_blocks4,80,256,0.001,0.0,"[100, 100, 50]",0,10,0.05,10.0,10,"[50, 50]",4,80,4,flow,4
health,123,shift50,fnf,continuous,,0.95,core,,False,model seed = shard seed; splits fixed,,,,"[100, 50, 20]",,,,"[50, 50]",80,0.01,0.0,health/seed123/shift50/fnf_core_gamma0.95_prior-flow_blocks6,80,256,0.001,0.0,"[100, 100, 50]",0,10,0.05,10.0,10,"[50, 50]",4,80,4,flow,6
health,123,shift50,fnf,continuous,,0.95,core,,False,model seed = shard seed; splits fixed,,,,"[100, 50, 20]",,,,"[50, 50]",80,0.01,0.0,health/seed123/shift50/fnf_core_gamma0.95_prior-gmm_blocks4,80,256,0.001,0.0,"[100, 100, 50]",0,10,0.05,10.0,10,"[50, 50]",4,80,4,gmm,4
health,123,shift50,fnf,continuous,,0.95,core,,False,model seed = shard seed; splits fixed,,,,"[100, 50, 20]",,,,"[50, 50]",80,0.01,0.0,health/seed123/shift50/fnf_core_gamma0.95_prior-gmm_blocks6,80,256,0.001,0.0,"[100, 100, 50]",0,10,0.05,10.0,10,"[50, 50]",4,80,4,gmm,6
health,123,shift50,fnf,continuous,,0.0,core,,False,model seed = shard seed; splits fixed,,,,"[100, 50, 20]",,,,"[50, 50]",80,0.01,0.0,health/seed123/shift50/fnf_core_gamma0_prior-flow_blocks4,80,256,0.001,0.0,"[100, 100, 50]",0,10,0.05,10.0,10,"[50, 50]",4,80,4,flow,4
health,123,shift50,fnf,continuous,,0.0,core,,False,model seed = shard seed; splits fixed,,,,"[100, 50, 20]",,,,"[50, 50]",80,0.01,0.0,health/seed123/shift50/fnf_core_gamma0_prior-flow_blocks6,80,256,0.001,0.0,"[100, 100, 50]",0,10,0.05,10.0,10,"[50, 50]",4,80,4,flow,6
health,123,shift50,fnf,continuous,,0.0,core,,False,model seed = shard seed; splits fixed,,,,"[100, 50, 20]",,,,"[50, 50]",80,0.01,0.0,health/seed123/shift50/fnf_core_gamma0_prior-gmm_blocks4,80,256,0.001,0.0,"[100, 100, 50]",0,10,0.05,10.0,10,"[50, 50]",4,80,4,gmm,4
health,123,shift50,fnf,continuous,,0.0,core,,False,model seed = shard seed; splits fixed,,,,"[100, 50, 20]",,,,"[50, 50]",80,0.01,0.0,health/seed123/shift50/fnf_core_gamma0_prior-gmm_blocks6,80,256,0.001,0.0,"[100, 100, 50]",0,10,0.05,10.0,10,"[50, 50]",4,80,4,gmm,6
health,123,shift50,fnf,continuous,,0.05,extended,,False,model seed = shard seed; splits fixed,,,,"[100, 50, 20]",,,,"[50, 50]",80,0.01,0.0,health/seed123/shift50/fnf_extended_gamma0.05_prior-flow_blocks4,80,256,0.001,0.0,"[100, 100, 50]",0,10,0.05,10.0,10,"[50, 50]",4,80,4,flow,4
health,123,shift50,fnf,continuous,,0.05,extended,,False,model seed = shard seed; splits fixed,,,,"[100, 50, 20]",,,,"[50, 50]",80,0.01,0.0,health/seed123/shift50/fnf_extended_gamma0.05_prior-flow_blocks6,80,256,0.001,0.0,"[100, 100, 50]",0,10,0.05,10.0,10,"[50, 50]",4,80,4,flow,6
health,123,shift50,fnf,continuous,,0.05,extended,,False,model seed = shard seed; splits fixed,,,,"[100, 50, 20]",,,,"[50, 50]",80,0.01,0.0,health/seed123/shift50/fnf_extended_gamma0.05_prior-gmm_blocks4,80,256,0.001,0.0,"[100, 100, 50]",0,10,0.05,10.0,10,"[50, 50]",4,80,4,gmm,4
health,123,shift50,fnf,continuous,,0.05,extended,,False,model seed = shard seed; splits fixed,,,,"[100, 50, 20]",,,,"[50, 50]",80,0.01,0.0,health/seed123/shift50/fnf_extended_gamma0.05_prior-gmm_blocks6,80,256,0.001,0.0,"[100, 100, 50]",0,10,0.05,10.0,10,"[50, 50]",4,80,4,gmm,6
health,123,shift50,fnf,continuous,,0.1,extended,,False,model seed = shard seed; splits fixed,,,,"[100, 50, 20]",,,,"[50, 50]",80,0.01,0.0,health/seed123/shift50/fnf_extended_gamma0.1_prior-flow_blocks4,80,256,0.001,0.0,"[100, 100, 50]",0,10,0.05,10.0,10,"[50, 50]",4,80,4,flow,4
health,123,shift50,fnf,continuous,,0.1,extended,,False,model seed = shard seed; splits fixed,,,,"[100, 50, 20]",,,,"[50, 50]",80,0.01,0.0,health/seed123/shift50/fnf_extended_gamma0.1_prior-flow_blocks6,80,256,0.001,0.0,"[100, 100, 50]",0,10,0.05,10.0,10,"[50, 50]",4,80,4,flow,6
health,123,shift50,fnf,continuous,,0.1,extended,,False,model seed = shard seed; splits fixed,,,,"[100, 50, 20]",,,,"[50, 50]",80,0.01,0.0,health/seed123/shift50/fnf_extended_gamma0.1_prior-gmm_blocks4,80,256,0.001,0.0,"[100, 100, 50]",0,10,0.05,10.0,10,"[50, 50]",4,80,4,gmm,4
health,123,shift50,fnf,continuous,,0.1,extended,,False,model seed = shard seed; splits fixed,,,,"[100, 50, 20]",,,,"[50, 50]",80,0.01,0.0,health/seed123/shift50/fnf_extended_gamma0.1_prior-gmm_blocks6,80,256,0.001,0.0,"[100, 100, 50]",0,10,0.05,10.0,10,"[50, 50]",4,80,4,gmm,6
health,123,shift50,fnf,continuous,,0.5,extended,,False,model seed = shard seed; splits fixed,,,,"[100, 50, 20]",,,,"[50, 50]",80,0.01,0.0,health/seed123/shift50/fnf_extended_gamma0.5_prior-flow_blocks4,80,256,0.001,0.0,"[100, 100, 50]",0,10,0.05,10.0,10,"[50, 50]",4,80,4,flow,4
health,123,shift50,fnf,continuous,,0.5,extended,,False,model seed = shard seed; splits fixed,,,,"[100, 50, 20]",,,,"[50, 50]",80,0.01,0.0,health/seed123/shift50/fnf_extended_gamma0.5_prior-flow_blocks6,80,256,0.001,0.0,"[100, 100, 50]",0,10,0.05,10.0,10,"[50, 50]",4,80,4,flow,6
health,123,shift50,fnf,continuous,,0.5,extended,,False,model seed = shard seed; splits fixed,,,,"[100, 50, 20]",,,,"[50, 50]",80,0.01,0.0,health/seed123/shift50/fnf_extended_gamma0.5_prior-gmm_blocks4,80,256,0.001,0.0,"[100, 100, 50]",0,10,0.05,10.0,10,"[50, 50]",4,80,4,gmm,4
health,123,shift50,fnf,continuous,,0.5,extended,,False,model seed = shard seed; splits fixed,,,,"[100, 50, 20]",,,,"[50, 50]",80,0.01,0.0,health/seed123/shift50/fnf_extended_gamma0.5_prior-gmm_blocks6,80,256,0.001,0.0,"[100, 100, 50]",0,10,0.05,10.0,10,"[50, 50]",4,80,4,gmm,6
health,123,shift50,fnf,continuous,,0.95,extended,,False,model seed = shard seed; splits fixed,,,,"[100, 50, 20]",,,,"[50, 50]",80,0.01,0.0,health/seed123/shift50/fnf_extended_gamma0.95_prior-flow_blocks4,80,256,0.001,0.0,"[100, 100, 50]",0,10,0.05,10.0,10,"[50, 50]",4,80,4,flow,4
health,123,shift50,fnf,continuous,,0.95,extended,,False,model seed = shard seed; splits fixed,,,,"[100, 50, 20]",,,,"[50, 50]",80,0.01,0.0,health/seed123/shift50/fnf_extended_gamma0.95_prior-flow_blocks6,80,256,0.001,0.0,"[100, 100, 50]",0,10,0.05,10.0,10,"[50, 50]",4,80,4,flow,6
health,123,shift50,fnf,continuous,,0.95,extended,,False,model seed = shard seed; splits fixed,,,,"[100, 50, 20]",,,,"[50, 50]",80,0.01,0.0,health/seed123/shift50/fnf_extended_gamma0.95_prior-gmm_blocks4,80,256,0.001,0.0,"[100, 100, 50]",0,10,0.05,10.0,10,"[50, 50]",4,80,4,gmm,4
health,123,shift50,fnf,continuous,,0.95,extended,,False,model seed = shard seed; splits fixed,,,,"[100, 50, 20]",,,,"[50, 50]",80,0.01,0.0,health/seed123/shift50/fnf_extended_gamma0.95_prior-gmm_blocks6,80,256,0.001,0.0,"[100, 100, 50]",0,10,0.05,10.0,10,"[50, 50]",4,80,4,gmm,6
health,123,shift50,fnf,continuous,,0.0,extended,,False,model seed = shard seed; splits fixed,,,,"[100, 50, 20]",,,,"[50, 50]",80,0.01,0.0,health/seed123/shift50/fnf_extended_gamma0_prior-flow_blocks4,80,256,0.001,0.0,"[100, 100, 50]",0,10,0.05,10.0,10,"[50, 50]",4,80,4,flow,4
health,123,shift50,fnf,continuous,,0.0,extended,,False,model seed = shard seed; splits fixed,,,,"[100, 50, 20]",,,,"[50, 50]",80,0.01,0.0,health/seed123/shift50/fnf_extended_gamma0_prior-flow_blocks6,80,256,0.001,0.0,"[100, 100, 50]",0,10,0.05,10.0,10,"[50, 50]",4,80,4,flow,6
health,123,shift50,fnf,continuous,,0.0,extended,,False,model seed = shard seed; splits fixed,,,,"[100, 50, 20]",,,,"[50, 50]",80,0.01,0.0,health/seed123/shift50/fnf_extended_gamma0_prior-gmm_blocks4,80,256,0.001,0.0,"[100, 100, 50]",0,10,0.05,10.0,10,"[50, 50]",4,80,4,gmm,4
health,123,shift50,fnf,continuous,,0.0,extended,,False,model seed = shard seed; splits fixed,,,,"[100, 50, 20]",,,,"[50, 50]",80,0.01,0.0,health/seed123/shift50/fnf_extended_gamma0_prior-gmm_blocks6,80,256,0.001,0.0,"[100, 100, 50]",0,10,0.05,10.0,10,"[50, 50]",4,80,4,gmm,6
health,123,shift75,erm,,,,core,,False,model seed = shard seed; splits fixed,,,,"[100, 50, 20]",,,,"[50, 50]",80,0.01,0.0,health/seed123/shift75/erm_core,80,256,0.001,0.0,"[100, 100, 50]",0,10,0.05,10.0,10,"[50, 50]",4,80,4,,
health,123,shift75,erm,,,,extended,,False,model seed = shard seed; splits fixed,,,,"[100, 50, 20]",,,,"[50, 50]",80,0.01,0.0,health/seed123/shift75/erm_extended,80,256,0.001,0.0,"[100, 100, 50]",0,10,0.05,10.0,10,"[50, 50]",4,80,4,,
health,123,shift75,fnf,continuous,,0.05,core,,False,model seed = shard seed; splits fixed,,,,"[100, 50, 20]",,,,"[50, 50]",80,0.01,0.0,health/seed123/shift75/fnf_core_gamma0.05_prior-flow_blocks4,80,256,0.001,0.0,"[100, 100, 50]",0,10,0.05,10.0,10,"[50, 50]",4,80,4,flow,4
health,123,shift75,fnf,continuous,,0.05,core,,False,model seed = shard seed; splits fixed,,,,"[100, 50, 20]",,,,"[50, 50]",80,0.01,0.0,health/seed123/shift75/fnf_core_gamma0.05_prior-flow_blocks6,80,256,0.001,0.0,"[100, 100, 50]",0,10,0.05,10.0,10,"[50, 50]",4,80,4,flow,6
health,123,shift75,fnf,continuous,,0.05,core,,False,model seed = shard seed; splits fixed,,,,"[100, 50, 20]",,,,"[50, 50]",80,0.01,0.0,health/seed123/shift75/fnf_core_gamma0.05_prior-gmm_blocks4,80,256,0.001,0.0,"[100, 100, 50]",0,10,0.05,10.0,10,"[50, 50]",4,80,4,gmm,4
health,123,shift75,fnf,continuous,,0.05,core,,False,model seed = shard seed; splits fixed,,,,"[100, 50, 20]",,,,"[50, 50]",80,0.01,0.0,health/seed123/shift75/fnf_core_gamma0.05_prior-gmm_blocks6,80,256,0.001,0.0,"[100, 100, 50]",0,10,0.05,10.0,10,"[50, 50]",4,80,4,gmm,6
health,123,shift75,fnf,continuous,,0.1,core,,False,model seed = shard seed; splits fixed,,,,"[100, 50, 20]",,,,"[50, 50]",80,0.01,0.0,health/seed123/shift75/fnf_core_gamma0.1_prior-flow_blocks4,80,256,0.001,0.0,"[100, 100, 50]",0,10,0.05,10.0,10,"[50, 50]",4,80,4,flow,4
health,123,shift75,fnf,continuous,,0.1,core,,False,model seed = shard seed; splits fixed,,,,"[100, 50, 20]",,,,"[50, 50]",80,0.01,0.0,health/seed123/shift75/fnf_core_gamma0.1_prior-flow_blocks6,80,256,0.001,0.0,"[100, 100, 50]",0,10,0.05,10.0,10,"[50, 50]",4,80,4,flow,6
health,123,shift75,fnf,continuous,,0.1,core,,False,model seed = shard seed; splits fixed,,,,"[100, 50, 20]",,,,"[50, 50]",80,0.01,0.0,health/seed123/shift75/fnf_core_gamma0.1_prior-gmm_blocks4,80,256,0.001,0.0,"[100, 100, 50]",0,10,0.05,10.0,10,"[50, 50]",4,80,4,gmm,4
health,123,shift75,fnf,continuous,,0.1,core,,False,model seed = shard seed; splits fixed,,,,"[100, 50, 20]",,,,"[50, 50]",80,0.01,0.0,health/seed123/shift75/fnf_core_gamma0.1_prior-gmm_blocks6,80,256,0.001,0.0,"[100, 100, 50]",0,10,0.05,10.0,10,"[50, 50]",4,80,4,gmm,6
health,123,shift75,fnf,continuous,,0.5,core,,False,model seed = shard seed; splits fixed,,,,"[100, 50, 20]",,,,"[50, 50]",80,0.01,0.0,health/seed123/shift75/fnf_core_gamma0.5_prior-flow_blocks4,80,256,0.001,0.0,"[100, 100, 50]",0,10,0.05,10.0,10,"[50, 50]",4,80,4,flow,4
health,123,shift75,fnf,continuous,,0.5,core,,False,model seed = shard seed; splits fixed,,,,"[100, 50, 20]",,,,"[50, 50]",80,0.01,0.0,health/seed123/shift75/fnf_core_gamma0.5_prior-flow_blocks6,80,256,0.001,0.0,"[100, 100, 50]",0,10,0.05,10.0,10,"[50, 50]",4,80,4,flow,6
health,123,shift75,fnf,continuous,,0.5,core,,False,model seed = shard seed; splits fixed,,,,"[100, 50, 20]",,,,"[50, 50]",80,0.01,0.0,health/seed123/shift75/fnf_core_gamma0.5_prior-gmm_blocks4,80,256,0.001,0.0,"[100, 100, 50]",0,10,0.05,10.0,10,"[50, 50]",4,80,4,gmm,4
health,123,shift75,fnf,continuous,,0.5,core,,False,model seed = shard seed; splits fixed,,,,"[100, 50, 20]",,,,"[50, 50]",80,0.01,0.0,health/seed123/shift75/fnf_core_gamma0.5_prior-gmm_blocks6,80,256,0.001,0.0,"[100, 100, 50]",0,10,0.05,10.0,10,"[50, 50]",4,80,4,gmm,6
health,123,shift75,fnf,continuous,,0.95,core,,False,model seed = shard seed; splits fixed,,,,"[100, 50, 20]",,,,"[50, 50]",80,0.01,0.0,health/seed123/shift75/fnf_core_gamma0.95_prior-flow_blocks4,80,256,0.001,0.0,"[100, 100, 50]",0,10,0.05,10.0,10,"[50, 50]",4,80,4,flow,4
health,123,shift75,fnf,continuous,,0.95,core,,False,model seed = shard seed; splits fixed,,,,"[100, 50, 20]",,,,"[50, 50]",80,0.01,0.0,health/seed123/shift75/fnf_core_gamma0.95_prior-flow_blocks6,80,256,0.001,0.0,"[100, 100, 50]",0,10,0.05,10.0,10,"[50, 50]",4,80,4,flow,6
health,123,shift75,fnf,continuous,,0.95,core,,False,model seed = shard seed; splits fixed,,,,"[100, 50, 20]",,,,"[50, 50]",80,0.01,0.0,health/seed123/shift75/fnf_core_gamma0.95_prior-gmm_blocks4,80,256,0.001,0.0,"[100, 100, 50]",0,10,0.05,10.0,10,"[50, 50]",4,80,4,gmm,4
health,123,shift75,fnf,continuous,,0.95,core,,False,model seed = shard seed; splits fixed,,,,"[100, 50, 20]",,,,"[50, 50]",80,0.01,0.0,health/seed123/shift75/fnf_core_gamma0.95_prior-gmm_blocks6,80,256,0.001,0.0,"[100, 100, 50]",0,10,0.05,10.0,10,"[50, 50]",4,80,4,gmm,6
health,123,shift75,fnf,continuous,,0.0,core,,False,model seed = shard seed; splits fixed,,,,"[100, 50, 20]",,,,"[50, 50]",80,0.01,0.0,health/seed123/shift75/fnf_core_gamma0_prior-flow_blocks4,80,256,0.001,0.0,"[100, 100, 50]",0,10,0.05,10.0,10,"[50, 50]",4,80,4,flow,4
health,123,shift75,fnf,continuous,,0.0,core,,False,model seed = shard seed; splits fixed,,,,"[100, 50, 20]",,,,"[50, 50]",80,0.01,0.0,health/seed123/shift75/fnf_core_gamma0_prior-flow_blocks6,80,256,0.001,0.0,"[100, 100, 50]",0,10,0.05,10.0,10,"[50, 50]",4,80,4,flow,6
health,123,shift75,fnf,continuous,,0.0,core,,False,model seed = shard seed; splits fixed,,,,"[100, 50, 20]",,,,"[50, 50]",80,0.01,0.0,health/seed123/shift75/fnf_core_gamma0_prior-gmm_blocks4,80,256,0.001,0.0,"[100, 100, 50]",0,10,0.05,10.0,10,"[50, 50]",4,80,4,gmm,4
health,123,shift75,fnf,continuous,,0.0,core,,False,model seed = shard seed; splits fixed,,,,"[100, 50, 20]",,,,"[50, 50]",80,0.01,0.0,health/seed123/shift75/fnf_core_gamma0_prior-gmm_blocks6,80,256,0.001,0.0,"[100, 100, 50]",0,10,0.05,10.0,10,"[50, 50]",4,80,4,gmm,6
health,123,shift75,fnf,continuous,,0.05,extended,,False,model seed = shard seed; splits fixed,,,,"[100, 50, 20]",,,,"[50, 50]",80,0.01,0.0,health/seed123/shift75/fnf_extended_gamma0.05_prior-flow_blocks4,80,256,0.001,0.0,"[100, 100, 50]",0,10,0.05,10.0,10,"[50, 50]",4,80,4,flow,4
health,123,shift75,fnf,continuous,,0.05,extended,,False,model seed = shard seed; splits fixed,,,,"[100, 50, 20]",,,,"[50, 50]",80,0.01,0.0,health/seed123/shift75/fnf_extended_gamma0.05_prior-flow_blocks6,80,256,0.001,0.0,"[100, 100, 50]",0,10,0.05,10.0,10,"[50, 50]",4,80,4,flow,6
health,123,shift75,fnf,continuous,,0.05,extended,,False,model seed = shard seed; splits fixed,,,,"[100, 50, 20]",,,,"[50, 50]",80,0.01,0.0,health/seed123/shift75/fnf_extended_gamma0.05_prior-gmm_blocks4,80,256,0.001,0.0,"[100, 100, 50]",0,10,0.05,10.0,10,"[50, 50]",4,80,4,gmm,4
health,123,shift75,fnf,continuous,,0.05,extended,,False,model seed = shard seed; splits fixed,,,,"[100, 50, 20]",,,,"[50, 50]",80,0.01,0.0,health/seed123/shift75/fnf_extended_gamma0.05_prior-gmm_blocks6,80,256,0.001,0.0,"[100, 100, 50]",0,10,0.05,10.0,10,"[50, 50]",4,80,4,gmm,6
health,123,shift75,fnf,continuous,,0.1,extended,,False,model seed = shard seed; splits fixed,,,,"[100, 50, 20]",,,,"[50, 50]",80,0.01,0.0,health/seed123/shift75/fnf_extended_gamma0.1_prior-flow_blocks4,80,256,0.001,0.0,"[100, 100, 50]",0,10,0.05,10.0,10,"[50, 50]",4,80,4,flow,4
health,123,shift75,fnf,continuous,,0.1,extended,,False,model seed = shard seed; splits fixed,,,,"[100, 50, 20]",,,,"[50, 50]",80,0.01,0.0,health/seed123/shift75/fnf_extended_gamma0.1_prior-flow_blocks6,80,256,0.001,0.0,"[100, 100, 50]",0,10,0.05,10.0,10,"[50, 50]",4,80,4,flow,6
health,123,shift75,fnf,continuous,,0.1,extended,,False,model seed = shard seed; splits fixed,,,,"[100, 50, 20]",,,,"[50, 50]",80,0.01,0.0,health/seed123/shift75/fnf_extended_gamma0.1_prior-gmm_blocks4,80,256,0.001,0.0,"[100, 100, 50]",0,10,0.05,10.0,10,"[50, 50]",4,80,4,gmm,4
health,123,shift75,fnf,continuous,,0.1,extended,,False,model seed = shard seed; splits fixed,,,,"[100, 50, 20]",,,,"[50, 50]",80,0.01,0.0,health/seed123/shift75/fnf_extended_gamma0.1_prior-gmm_blocks6,80,256,0.001,0.0,"[100, 100, 50]",0,10,0.05,10.0,10,"[50, 50]",4,80,4,gmm,6
health,123,shift75,fnf,continuous,,0.5,extended,,False,model seed = shard seed; splits fixed,,,,"[100, 50, 20]",,,,"[50, 50]",80,0.01,0.0,health/seed123/shift75/fnf_extended_gamma0.5_prior-flow_blocks4,80,256,0.001,0.0,"[100, 100, 50]",0,10,0.05,10.0,10,"[50, 50]",4,80,4,flow,4
health,123,shift75,fnf,continuous,,0.5,extended,,False,model seed = shard seed; splits fixed,,,,"[100, 50, 20]",,,,"[50, 50]",80,0.01,0.0,health/seed123/shift75/fnf_extended_gamma0.5_prior-flow_blocks6,80,256,0.001,0.0,"[100, 100, 50]",0,10,0.05,10.0,10,"[50, 50]",4,80,4,flow,6
health,123,shift75,fnf,continuous,,0.5,extended,,False,model seed = shard seed; splits fixed,,,,"[100, 50, 20]",,,,"[50, 50]",80,0.01,0.0,health/seed123/shift75/fnf_extended_gamma0.5_prior-gmm_blocks4,80,256,0.001,0.0,"[100, 100, 50]",0,10,0.05,10.0,10,"[50, 50]",4,80,4,gmm,4
health,123,shift75,fnf,continuous,,0.5,extended,,False,model seed = shard seed; splits fixed,,,,"[100, 50, 20]",,,,"[50, 50]",80,0.01,0.0,health/seed123/shift75/fnf_extended_gamma0.5_prior-gmm_blocks6,80,256,0.001,0.0,"[100, 100, 50]",0,10,0.05,10.0,10,"[50, 50]",4,80,4,gmm,6
health,123,shift75,fnf,continuous,,0.95,extended,,False,model seed = shard seed; splits fixed,,,,"[100, 50, 20]",,,,"[50, 50]",80,0.01,0.0,health/seed123/shift75/fnf_extended_gamma0.95_prior-flow_blocks4,80,256,0.001,0.0,"[100, 100, 50]",0,10,0.05,10.0,10,"[50, 50]",4,80,4,flow,4
health,123,shift75,fnf,continuous,,0.95,extended,,False,model seed = shard seed; splits fixed,,,,"[100, 50, 20]",,,,"[50, 50]",80,0.01,0.0,health/seed123/shift75/fnf_extended_gamma0.95_prior-flow_blocks6,80,256,0.001,0.0,"[100, 100, 50]",0,10,0.05,10.0,10,"[50, 50]",4,80,4,flow,6
health,123,shift75,fnf,continuous,,0.95,extended,,False,model seed = shard seed; splits fixed,,,,"[100, 50, 20]",,,,"[50, 50]",80,0.01,0.0,health/seed123/shift75/fnf_extended_gamma0.95_prior-gmm_blocks4,80,256,0.001,0.0,"[100, 100, 50]",0,10,0.05,10.0,10,"[50, 50]",4,80,4,gmm,4
health,123,shift75,fnf,continuous,,0.95,extended,,False,model seed = shard seed; splits fixed,,,,"[100, 50, 20]",,,,"[50, 50]",80,0.01,0.0,health/seed123/shift75/fnf_extended_gamma0.95_prior-gmm_blocks6,80,256,0.001,0.0,"[100, 100, 50]",0,10,0.05,10.0,10,"[50, 50]",4,80,4,gmm,6
health,123,shift75,fnf,continuous,,0.0,extended,,False,model seed = shard seed; splits fixed,,,,"[100, 50, 20]",,,,"[50, 50]",80,0.01,0.0,health/seed123/shift75/fnf_extended_gamma0_prior-flow_blocks4,80,256,0.001,0.0,"[100, 100, 50]",0,10,0.05,10.0,10,"[50, 50]",4,80,4,flow,4
health,123,shift75,fnf,continuous,,0.0,extended,,False,model seed = shard seed; splits fixed,,,,"[100, 50, 20]",,,,"[50, 50]",80,0.01,0.0,health/seed123/shift75/fnf_extended_gamma0_prior-flow_blocks6,80,256,0.001,0.0,"[100, 100, 50]",0,10,0.05,10.0,10,"[50, 50]",4,80,4,flow,6
health,123,shift75,fnf,continuous,,0.0,extended,,False,model seed = shard seed; splits fixed,,,,"[100, 50, 20]",,,,"[50, 50]",80,0.01,0.0,health/seed123/shift75/fnf_extended_gamma0_prior-gmm_blocks4,80,256,0.001,0.0,"[100, 100, 50]",0,10,0.05,10.0,10,"[50, 50]",4,80,4,gmm,4
health,123,shift75,fnf,continuous,,0.0,extended,,False,model seed = shard seed; splits fixed,,,,"[100, 50, 20]",,,,"[50, 50]",80,0.01,0.0,health/seed123/shift75/fnf_extended_gamma0_prior-gmm_blocks6,80,256,0.001,0.0,"[100, 100, 50]",0,10,0.05,10.0,10,"[50, 50]",4,80,4,gmm,6
health,42,equalized,erm,,,,core,,False,model seed = shard seed; splits fixed,,,,"[100, 50, 20]",,,,"[50, 50]",80,0.01,0.0,health/seed42/equalized/erm_core,80,256,0.001,0.0,"[100, 100, 50]",0,10,0.05,10.0,10,"[50, 50]",4,80,4,,
health,42,equalized,erm,,,,extended,,False,model seed = shard seed; splits fixed,,,,"[100, 50, 20]",,,,"[50, 50]",80,0.01,0.0,health/seed42/equalized/erm_extended,80,256,0.001,0.0,"[100, 100, 50]",0,10,0.05,10.0,10,"[50, 50]",4,80,4,,
health,42,equalized,fnf,continuous,,0.05,core,,False,model seed = shard seed; splits fixed,,,,"[100, 50, 20]",,,,"[50, 50]",80,0.01,0.0,health/seed42/equalized/fnf_core_gamma0.05_prior-flow_blocks4,80,256,0.001,0.0,"[100, 100, 50]",0,10,0.05,10.0,10,"[50, 50]",4,80,4,flow,4
health,42,equalized,fnf,continuous,,0.05,core,,False,model seed = shard seed; splits fixed,,,,"[100, 50, 20]",,,,"[50, 50]",80,0.01,0.0,health/seed42/equalized/fnf_core_gamma0.05_prior-flow_blocks6,80,256,0.001,0.0,"[100, 100, 50]",0,10,0.05,10.0,10,"[50, 50]",4,80,4,flow,6
health,42,equalized,fnf,continuous,,0.05,core,,False,model seed = shard seed; splits fixed,,,,"[100, 50, 20]",,,,"[50, 50]",80,0.01,0.0,health/seed42/equalized/fnf_core_gamma0.05_prior-gmm_blocks4,80,256,0.001,0.0,"[100, 100, 50]",0,10,0.05,10.0,10,"[50, 50]",4,80,4,gmm,4
health,42,equalized,fnf,continuous,,0.05,core,,False,model seed = shard seed; splits fixed,,,,"[100, 50, 20]",,,,"[50, 50]",80,0.01,0.0,health/seed42/equalized/fnf_core_gamma0.05_prior-gmm_blocks6,80,256,0.001,0.0,"[100, 100, 50]",0,10,0.05,10.0,10,"[50, 50]",4,80,4,gmm,6
health,42,equalized,fnf,continuous,,0.1,core,,False,model seed = shard seed; splits fixed,,,,"[100, 50, 20]",,,,"[50, 50]",80,0.01,0.0,health/seed42/equalized/fnf_core_gamma0.1_prior-flow_blocks4,80,256,0.001,0.0,"[100, 100, 50]",0,10,0.05,10.0,10,"[50, 50]",4,80,4,flow,4
health,42,equalized,fnf,continuous,,0.1,core,,False,model seed = shard seed; splits fixed,,,,"[100, 50, 20]",,,,"[50, 50]",80,0.01,0.0,health/seed42/equalized/fnf_core_gamma0.1_prior-flow_blocks6,80,256,0.001,0.0,"[100, 100, 50]",0,10,0.05,10.0,10,"[50, 50]",4,80,4,flow,6
health,42,equalized,fnf,continuous,,0.1,core,,False,model seed = shard seed; splits fixed,,,,"[100, 50, 20]",,,,"[50, 50]",80,0.01,0.0,health/seed42/equalized/fnf_core_gamma0.1_prior-gmm_blocks4,80,256,0.001,0.0,"[100, 100, 50]",0,10,0.05,10.0,10,"[50, 50]",4,80,4,gmm,4
health,42,equalized,fnf,continuous,,0.1,core,,False,model seed = shard seed; splits fixed,,,,"[100, 50, 20]",,,,"[50, 50]",80,0.01,0.0,health/seed42/equalized/fnf_core_gamma0.1_prior-gmm_blocks6,80,256,0.001,0.0,"[100, 100, 50]",0,10,0.05,10.0,10,"[50, 50]",4,80,4,gmm,6
health,42,equalized,fnf,continuous,,0.5,core,,False,model seed = shard seed; splits fixed,,,,"[100, 50, 20]",,,,"[50, 50]",80,0.01,0.0,health/seed42/equalized/fnf_core_gamma0.5_prior-flow_blocks4,80,256,0.001,0.0,"[100, 100, 50]",0,10,0.05,10.0,10,"[50, 50]",4,80,4,flow,4
health,42,equalized,fnf,continuous,,0.5,core,,False,model seed = shard seed; splits fixed,,,,"[100, 50, 20]",,,,"[50, 50]",80,0.01,0.0,health/seed42/equalized/fnf_core_gamma0.5_prior-flow_blocks6,80,256,0.001,0.0,"[100, 100, 50]",0,10,0.05,10.0,10,"[50, 50]",4,80,4,flow,6
health,42,equalized,fnf,continuous,,0.5,core,,False,model seed = shard seed; splits fixed,,,,"[100, 50, 20]",,,,"[50, 50]",80,0.01,0.0,health/seed42/equalized/fnf_core_gamma0.5_prior-gmm_blocks4,80,256,0.001,0.0,"[100, 100, 50]",0,10,0.05,10.0,10,"[50, 50]",4,80,4,gmm,4
health,42,equalized,fnf,continuous,,0.5,core,,False,model seed = shard seed; splits fixed,,,,"[100, 50, 20]",,,,"[50, 50]",80,0.01,0.0,health/seed42/equalized/fnf_core_gamma0.5_prior-gmm_blocks6,80,256,0.001,0.0,"[100, 100, 50]",0,10,0.05,10.0,10,"[50, 50]",4,80,4,gmm,6
health,42,equalized,fnf,continuous,,0.95,core,,False,model seed = shard seed; splits fixed,,,,"[100, 50, 20]",,,,"[50, 50]",80,0.01,0.0,health/seed42/equalized/fnf_core_gamma0.95_prior-flow_blocks4,80,256,0.001,0.0,"[100, 100, 50]",0,10,0.05,10.0,10,"[50, 50]",4,80,4,flow,4
health,42,equalized,fnf,continuous,,0.95,core,,False,model seed = shard seed; splits fixed,,,,"[100, 50, 20]",,,,"[50, 50]",80,0.01,0.0,health/seed42/equalized/fnf_core_gamma0.95_prior-flow_blocks6,80,256,0.001,0.0,"[100, 100, 50]",0,10,0.05,10.0,10,"[50, 50]",4,80,4,flow,6
health,42,equalized,fnf,continuous,,0.95,core,,False,model seed = shard seed; splits fixed,,,,"[100, 50, 20]",,,,"[50, 50]",80,0.01,0.0,health/seed42/equalized/fnf_core_gamma0.95_prior-gmm_blocks4,80,256,0.001,0.0,"[100, 100, 50]",0,10,0.05,10.0,10,"[50, 50]",4,80,4,gmm,4
health,42,equalized,fnf,continuous,,0.95,core,,False,model seed = shard seed; splits fixed,,,,"[100, 50, 20]",,,,"[50, 50]",80,0.01,0.0,health/seed42/equalized/fnf_core_gamma0.95_prior-gmm_blocks6,80,256,0.001,0.0,"[100, 100, 50]",0,10,0.05,10.0,10,"[50, 50]",4,80,4,gmm,6
health,42,equalized,fnf,continuous,,0.0,core,,False,model seed = shard seed; splits fixed,,,,"[100, 50, 20]",,,,"[50, 50]",80,0.01,0.0,health/seed42/equalized/fnf_core_gamma0_prior-flow_blocks4,80,256,0.001,0.0,"[100, 100, 50]",0,10,0.05,10.0,10,"[50, 50]",4,80,4,flow,4
health,42,equalized,fnf,continuous,,0.0,core,,False,model seed = shard seed; splits fixed,,,,"[100, 50, 20]",,,,"[50, 50]",80,0.01,0.0,health/seed42/equalized/fnf_core_gamma0_prior-flow_blocks6,80,256,0.001,0.0,"[100, 100, 50]",0,10,0.05,10.0,10,"[50, 50]",4,80,4,flow,6
health,42,equalized,fnf,continuous,,0.0,core,,False,model seed = shard seed; splits fixed,,,,"[100, 50, 20]",,,,"[50, 50]",80,0.01,0.0,health/seed42/equalized/fnf_core_gamma0_prior-gmm_blocks4,80,256,0.001,0.0,"[100, 100, 50]",0,10,0.05,10.0,10,"[50, 50]",4,80,4,gmm,4
health,42,equalized,fnf,continuous,,0.0,core,,False,model seed = shard seed; splits fixed,,,,"[100, 50, 20]",,,,"[50, 50]",80,0.01,0.0,health/seed42/equalized/fnf_core_gamma0_prior-gmm_blocks6,80,256,0.001,0.0,"[100, 100, 50]",0,10,0.05,10.0,10,"[50, 50]",4,80,4,gmm,6
health,42,equalized,fnf,continuous,,0.05,extended,,False,model seed = shard seed; splits fixed,,,,"[100, 50, 20]",,,,"[50, 50]",80,0.01,0.0,health/seed42/equalized/fnf_extended_gamma0.05_prior-flow_blocks4,80,256,0.001,0.0,"[100, 100, 50]",0,10,0.05,10.0,10,"[50, 50]",4,80,4,flow,4
health,42,equalized,fnf,continuous,,0.05,extended,,False,model seed = shard seed; splits fixed,,,,"[100, 50, 20]",,,,"[50, 50]",80,0.01,0.0,health/seed42/equalized/fnf_extended_gamma0.05_prior-flow_blocks6,80,256,0.001,0.0,"[100, 100, 50]",0,10,0.05,10.0,10,"[50, 50]",4,80,4,flow,6
health,42,equalized,fnf,continuous,,0.05,extended,,False,model seed = shard seed; splits fixed,,,,"[100, 50, 20]",,,,"[50, 50]",80,0.01,0.0,health/seed42/equalized/fnf_extended_gamma0.05_prior-gmm_blocks4,80,256,0.001,0.0,"[100, 100, 50]",0,10,0.05,10.0,10,"[50, 50]",4,80,4,gmm,4
health,42,equalized,fnf,continuous,,0.05,extended,,False,model seed = shard seed; splits fixed,,,,"[100, 50, 20]",,,,"[50, 50]",80,0.01,0.0,health/seed42/equalized/fnf_extended_gamma0.05_prior-gmm_blocks6,80,256,0.001,0.0,"[100, 100, 50]",0,10,0.05,10.0,10,"[50, 50]",4,80,4,gmm,6
health,42,equalized,fnf,continuous,,0.1,extended,,False,model seed = shard seed; splits fixed,,,,"[100, 50, 20]",,,,"[50, 50]",80,0.01,0.0,health/seed42/equalized/fnf_extended_gamma0.1_prior-flow_blocks4,80,256,0.001,0.0,"[100, 100, 50]",0,10,0.05,10.0,10,"[50, 50]",4,80,4,flow,4
health,42,equalized,fnf,continuous,,0.1,extended,,False,model seed = shard seed; splits fixed,,,,"[100, 50, 20]",,,,"[50, 50]",80,0.01,0.0,health/seed42/equalized/fnf_extended_gamma0.1_prior-flow_blocks6,80,256,0.001,0.0,"[100, 100, 50]",0,10,0.05,10.0,10,"[50, 50]",4,80,4,flow,6
health,42,equalized,fnf,continuous,,0.1,extended,,False,model seed = shard seed; splits fixed,,,,"[100, 50, 20]",,,,"[50, 50]",80,0.01,0.0,health/seed42/equalized/fnf_extended_gamma0.1_prior-gmm_blocks4,80,256,0.001,0.0,"[100, 100, 50]",0,10,0.05,10.0,10,"[50, 50]",4,80,4,gmm,4
health,42,equalized,fnf,continuous,,0.1,extended,,False,model seed = shard seed; splits fixed,,,,"[100, 50, 20]",,,,"[50, 50]",80,0.01,0.0,health/seed42/equalized/fnf_extended_gamma0.1_prior-gmm_blocks6,80,256,0.001,0.0,"[100, 100, 50]",0,10,0.05,10.0,10,"[50, 50]",4,80,4,gmm,6
health,42,equalized,fnf,continuous,,0.5,extended,,False,model seed = shard seed; splits fixed,,,,"[100, 50, 20]",,,,"[50, 50]",80,0.01,0.0,health/seed42/equalized/fnf_extended_gamma0.5_prior-flow_blocks4,80,256,0.001,0.0,"[100, 100, 50]",0,10,0.05,10.0,10,"[50, 50]",4,80,4,flow,4
health,42,equalized,fnf,continuous,,0.5,extended,,False,model seed = shard seed; splits fixed,,,,"[100, 50, 20]",,,,"[50, 50]",80,0.01,0.0,health/seed42/equalized/fnf_extended_gamma0.5_prior-flow_blocks6,80,256,0.001,0.0,"[100, 100, 50]",0,10,0.05,10.0,10,"[50, 50]",4,80,4,flow,6
health,42,equalized,fnf,continuous,,0.5,extended,,False,model seed = shard seed; splits fixed,,,,"[100, 50, 20]",,,,"[50, 50]",80,0.01,0.0,health/seed42/equalized/fnf_extended_gamma0.5_prior-gmm_blocks4,80,256,0.001,0.0,"[100, 100, 50]",0,10,0.05,10.0,10,"[50, 50]",4,80,4,gmm,4
health,42,equalized,fnf,continuous,,0.5,extended,,False,model seed = shard seed; splits fixed,,,,"[100, 50, 20]",,,,"[50, 50]",80,0.01,0.0,health/seed42/equalized/fnf_extended_gamma0.5_prior-gmm_blocks6,80,256,0.001,0.0,"[100, 100, 50]",0,10,0.05,10.0,10,"[50, 50]",4,80,4,gmm,6
health,42,equalized,fnf,continuous,,0.95,extended,,False,model seed = shard seed; splits fixed,,,,"[100, 50, 20]",,,,"[50, 50]",80,0.01,0.0,health/seed42/equalized/fnf_extended_gamma0.95_prior-flow_blocks4,80,256,0.001,0.0,"[100, 100, 50]",0,10,0.05,10.0,10,"[50, 50]",4,80,4,flow,4
health,42,equalized,fnf,continuous,,0.95,extended,,False,model seed = shard seed; splits fixed,,,,"[100, 50, 20]",,,,"[50, 50]",80,0.01,0.0,health/seed42/equalized/fnf_extended_gamma0.95_prior-flow_blocks6,80,256,0.001,0.0,"[100, 100, 50]",0,10,0.05,10.0,10,"[50, 50]",4,80,4,flow,6
health,42,equalized,fnf,continuous,,0.95,extended,,False,model seed = shard seed; splits fixed,,,,"[100, 50, 20]",,,,"[50, 50]",80,0.01,0.0,health/seed42/equalized/fnf_extended_gamma0.95_prior-gmm_blocks4,80,256,0.001,0.0,"[100, 100, 50]",0,10,0.05,10.0,10,"[50, 50]",4,80,4,gmm,4
health,42,equalized,fnf,continuous,,0.95,extended,,False,model seed = shard seed; splits fixed,,,,"[100, 50, 20]",,,,"[50, 50]",80,0.01,0.0,health/seed42/equalized/fnf_extended_gamma0.95_prior-gmm_blocks6,80,256,0.001,0.0,"[100, 100, 50]",0,10,0.05,10.0,10,"[50, 50]",4,80,4,gmm,6
health,42,equalized,fnf,continuous,,0.0,extended,,False,model seed = shard seed; splits fixed,,,,"[100, 50, 20]",,,,"[50, 50]",80,0.01,0.0,health/seed42/equalized/fnf_extended_gamma0_prior-flow_blocks4,80,256,0.001,0.0,"[100, 100, 50]",0,10,0.05,10.0,10,"[50, 50]",4,80,4,flow,4
health,42,equalized,fnf,continuous,,0.0,extended,,False,model seed = shard seed; splits fixed,,,,"[100, 50, 20]",,,,"[50, 50]",80,0.01,0.0,health/seed42/equalized/fnf_extended_gamma0_prior-flow_blocks6,80,256,0.001,0.0,"[100, 100, 50]",0,10,0.05,10.0,10,"[50, 50]",4,80,4,flow,6
health,42,equalized,fnf,continuous,,0.0,extended,,False,model seed = shard seed; splits fixed,,,,"[100, 50, 20]",,,,"[50, 50]",80,0.01,0.0,health/seed42/equalized/fnf_extended_gamma0_prior-gmm_blocks4,80,256,0.001,0.0,"[100, 100, 50]",0,10,0.05,10.0,10,"[50, 50]",4,80,4,gmm,4
health,42,equalized,fnf,continuous,,0.0,extended,,False,model seed = shard seed; splits fixed,,,,"[100, 50, 20]",,,,"[50, 50]",80,0.01,0.0,health/seed42/equalized/fnf_extended_gamma0_prior-gmm_blocks6,80,256,0.001,0.0,"[100, 100, 50]",0,10,0.05,10.0,10,"[50, 50]",4,80,4,gmm,6
health,42,natural,erm,,,,core,,False,model seed = shard seed; splits fixed,,,,"[100, 50, 20]",,,,"[50, 50]",80,0.01,0.0,health/seed42/natural/erm_core,80,256,0.001,0.0,"[100, 100, 50]",0,10,0.05,10.0,10,"[50, 50]",4,80,4,,
health,42,natural,erm,,,,extended,,False,model seed = shard seed; splits fixed,,,,"[100, 50, 20]",,,,"[50, 50]",80,0.01,0.0,health/seed42/natural/erm_extended,80,256,0.001,0.0,"[100, 100, 50]",0,10,0.05,10.0,10,"[50, 50]",4,80,4,,
health,42,natural,fnf,continuous,,0.05,core,,False,model seed = shard seed; splits fixed,,,,"[100, 50, 20]",,,,"[50, 50]",80,0.01,0.0,health/seed42/natural/fnf_core_gamma0.05_prior-flow_blocks4,80,256,0.001,0.0,"[100, 100, 50]",0,10,0.05,10.0,10,"[50, 50]",4,80,4,flow,4
health,42,natural,fnf,continuous,,0.05,core,,False,model seed = shard seed; splits fixed,,,,"[100, 50, 20]",,,,"[50, 50]",80,0.01,0.0,health/seed42/natural/fnf_core_gamma0.05_prior-flow_blocks6,80,256,0.001,0.0,"[100, 100, 50]",0,10,0.05,10.0,10,"[50, 50]",4,80,4,flow,6
health,42,natural,fnf,continuous,,0.05,core,,False,model seed = shard seed; splits fixed,,,,"[100, 50, 20]",,,,"[50, 50]",80,0.01,0.0,health/seed42/natural/fnf_core_gamma0.05_prior-gmm_blocks4,80,256,0.001,0.0,"[100, 100, 50]",0,10,0.05,10.0,10,"[50, 50]",4,80,4,gmm,4
health,42,natural,fnf,continuous,,0.05,core,,False,model seed = shard seed; splits fixed,,,,"[100, 50, 20]",,,,"[50, 50]",80,0.01,0.0,health/seed42/natural/fnf_core_gamma0.05_prior-gmm_blocks6,80,256,0.001,0.0,"[100, 100, 50]",0,10,0.05,10.0,10,"[50, 50]",4,80,4,gmm,6
health,42,natural,fnf,continuous,,0.1,core,,False,model seed = shard seed; splits fixed,,,,"[100, 50, 20]",,,,"[50, 50]",80,0.01,0.0,health/seed42/natural/fnf_core_gamma0.1_prior-flow_blocks4,80,256,0.001,0.0,"[100, 100, 50]",0,10,0.05,10.0,10,"[50, 50]",4,80,4,flow,4
health,42,natural,fnf,continuous,,0.1,core,,False,model seed = shard seed; splits fixed,,,,"[100, 50, 20]",,,,"[50, 50]",80,0.01,0.0,health/seed42/natural/fnf_core_gamma0.1_prior-flow_blocks6,80,256,0.001,0.0,"[100, 100, 50]",0,10,0.05,10.0,10,"[50, 50]",4,80,4,flow,6
health,42,natural,fnf,continuous,,0.1,core,,False,model seed = shard seed; splits fixed,,,,"[100, 50, 20]",,,,"[50, 50]",80,0.01,0.0,health/seed42/natural/fnf_core_gamma0.1_prior-gmm_blocks4,80,256,0.001,0.0,"[100, 100, 50]",0,10,0.05,10.0,10,"[50, 50]",4,80,4,gmm,4
health,42,natural,fnf,continuous,,0.1,core,,False,model seed = shard seed; splits fixed,,,,"[100, 50, 20]",,,,"[50, 50]",80,0.01,0.0,health/seed42/natural/fnf_core_gamma0.1_prior-gmm_blocks6,80,256,0.001,0.0,"[100, 100, 50]",0,10,0.05,10.0,10,"[50, 50]",4,80,4,gmm,6
health,42,natural,fnf,continuous,,0.5,core,,False,model seed = shard seed; splits fixed,,,,"[100, 50, 20]",,,,"[50, 50]",80,0.01,0.0,health/seed42/natural/fnf_core_gamma0.5_prior-flow_blocks4,80,256,0.001,0.0,"[100, 100, 50]",0,10,0.05,10.0,10,"[50, 50]",4,80,4,flow,4
health,42,natural,fnf,continuous,,0.5,core,,False,model seed = shard seed; splits fixed,,,,"[100, 50, 20]",,,,"[50, 50]",80,0.01,0.0,health/seed42/natural/fnf_core_gamma0.5_prior-flow_blocks6,80,256,0.001,0.0,"[100, 100, 50]",0,10,0.05,10.0,10,"[50, 50]",4,80,4,flow,6
health,42,natural,fnf,continuous,,0.5,core,,False,model seed = shard seed; splits fixed,,,,"[100, 50, 20]",,,,"[50, 50]",80,0.01,0.0,health/seed42/natural/fnf_core_gamma0.5_prior-gmm_blocks4,80,256,0.001,0.0,"[100, 100, 50]",0,10,0.05,10.0,10,"[50, 50]",4,80,4,gmm,4
health,42,natural,fnf,continuous,,0.5,core,,False,model seed = shard seed; splits fixed,,,,"[100, 50, 20]",,,,"[50, 50]",80,0.01,0.0,health/seed42/natural/fnf_core_gamma0.5_prior-gmm_blocks6,80,256,0.001,0.0,"[100, 100, 50]",0,10,0.05,10.0,10,"[50, 50]",4,80,4,gmm,6
health,42,natural,fnf,continuous,,0.95,core,,False,model seed = shard seed; splits fixed,,,,"[100, 50, 20]",,,,"[50, 50]",80,0.01,0.0,health/seed42/natural/fnf_core_gamma0.95_prior-flow_blocks4,80,256,0.001,0.0,"[100, 100, 50]",0,10,0.05,10.0,10,"[50, 50]",4,80,4,flow,4
health,42,natural,fnf,continuous,,0.95,core,,False,model seed = shard seed; splits fixed,,,,"[100, 50, 20]",,,,"[50, 50]",80,0.01,0.0,health/seed42/natural/fnf_core_gamma0.95_prior-flow_blocks6,80,256,0.001,0.0,"[100, 100, 50]",0,10,0.05,10.0,10,"[50, 50]",4,80,4,flow,6
health,42,natural,fnf,continuous,,0.95,core,,False,model seed = shard seed; splits fixed,,,,"[100, 50, 20]",,,,"[50, 50]",80,0.01,0.0,health/seed42/natural/fnf_core_gamma0.95_prior-gmm_blocks4,80,256,0.001,0.0,"[100, 100, 50]",0,10,0.05,10.0,10,"[50, 50]",4,80,4,gmm,4
health,42,natural,fnf,continuous,,0.95,core,,False,model seed = shard seed; splits fixed,,,,"[100, 50, 20]",,,,"[50, 50]",80,0.01,0.0,health/seed42/natural/fnf_core_gamma0.95_prior-gmm_blocks6,80,256,0.001,0.0,"[100, 100, 50]",0,10,0.05,10.0,10,"[50, 50]",4,80,4,gmm,6
health,42,natural,fnf,continuous,,0.0,core,,False,model seed = shard seed; splits fixed,,,,"[100, 50, 20]",,,,"[50, 50]",80,0.01,0.0,health/seed42/natural/fnf_core_gamma0_prior-flow_blocks4,80,256,0.001,0.0,"[100, 100, 50]",0,10,0.05,10.0,10,"[50, 50]",4,80,4,flow,4
health,42,natural,fnf,continuous,,0.0,core,,False,model seed = shard seed; splits fixed,,,,"[100, 50, 20]",,,,"[50, 50]",80,0.01,0.0,health/seed42/natural/fnf_core_gamma0_prior-flow_blocks6,80,256,0.001,0.0,"[100, 100, 50]",0,10,0.05,10.0,10,"[50, 50]",4,80,4,flow,6
health,42,natural,fnf,continuous,,0.0,core,,False,model seed = shard seed; splits fixed,,,,"[100, 50, 20]",,,,"[50, 50]",80,0.01,0.0,health/seed42/natural/fnf_core_gamma0_prior-gmm_blocks4,80,256,0.001,0.0,"[100, 100, 50]",0,10,0.05,10.0,10,"[50, 50]",4,80,4,gmm,4
health,42,natural,fnf,continuous,,0.0,core,,False,model seed = shard seed; splits fixed,,,,"[100, 50, 20]",,,,"[50, 50]",80,0.01,0.0,health/seed42/natural/fnf_core_gamma0_prior-gmm_blocks6,80,256,0.001,0.0,"[100, 100, 50]",0,10,0.05,10.0,10,"[50, 50]",4,80,4,gmm,6
health,42,natural,fnf,continuous,,0.05,extended,,False,model seed = shard seed; splits fixed,,,,"[100, 50, 20]",,,,"[50, 50]",80,0.01,0.0,health/seed42/natural/fnf_extended_gamma0.05_prior-flow_blocks4,80,256,0.001,0.0,"[100, 100, 50]",0,10,0.05,10.0,10,"[50, 50]",4,80,4,flow,4
health,42,natural,fnf,continuous,,0.05,extended,,False,model seed = shard seed; splits fixed,,,,"[100, 50, 20]",,,,"[50, 50]",80,0.01,0.0,health/seed42/natural/fnf_extended_gamma0.05_prior-flow_blocks6,80,256,0.001,0.0,"[100, 100, 50]",0,10,0.05,10.0,10,"[50, 50]",4,80,4,flow,6
health,42,natural,fnf,continuous,,0.05,extended,,False,model seed = shard seed; splits fixed,,,,"[100, 50, 20]",,,,"[50, 50]",80,0.01,0.0,health/seed42/natural/fnf_extended_gamma0.05_prior-gmm_blocks4,80,256,0.001,0.0,"[100, 100, 50]",0,10,0.05,10.0,10,"[50, 50]",4,80,4,gmm,4
health,42,natural,fnf,continuous,,0.05,extended,,False,model seed = shard seed; splits fixed,,,,"[100, 50, 20]",,,,"[50, 50]",80,0.01,0.0,health/seed42/natural/fnf_extended_gamma0.05_prior-gmm_blocks6,80,256,0.001,0.0,"[100, 100, 50]",0,10,0.05,10.0,10,"[50, 50]",4,80,4,gmm,6
health,42,natural,fnf,continuous,,0.1,extended,,False,model seed = shard seed; splits fixed,,,,"[100, 50, 20]",,,,"[50, 50]",80,0.01,0.0,health/seed42/natural/fnf_extended_gamma0.1_prior-flow_blocks4,80,256,0.001,0.0,"[100, 100, 50]",0,10,0.05,10.0,10,"[50, 50]",4,80,4,flow,4
health,42,natural,fnf,continuous,,0.1,extended,,False,model seed = shard seed; splits fixed,,,,"[100, 50, 20]",,,,"[50, 50]",80,0.01,0.0,health/seed42/natural/fnf_extended_gamma0.1_prior-flow_blocks6,80,256,0.001,0.0,"[100, 100, 50]",0,10,0.05,10.0,10,"[50, 50]",4,80,4,flow,6
health,42,natural,fnf,continuous,,0.1,extended,,False,model seed = shard seed; splits fixed,,,,"[100, 50, 20]",,,,"[50, 50]",80,0.01,0.0,health/seed42/natural/fnf_extended_gamma0.1_prior-gmm_blocks4,80,256,0.001,0.0,"[100, 100, 50]",0,10,0.05,10.0,10,"[50, 50]",4,80,4,gmm,4
health,42,natural,fnf,continuous,,0.1,extended,,False,model seed = shard seed; splits fixed,,,,"[100, 50, 20]",,,,"[50, 50]",80,0.01,0.0,health/seed42/natural/fnf_extended_gamma0.1_prior-gmm_blocks6,80,256,0.001,0.0,"[100, 100, 50]",0,10,0.05,10.0,10,"[50, 50]",4,80,4,gmm,6
health,42,natural,fnf,continuous,,0.5,extended,,False,model seed = shard seed; splits fixed,,,,"[100, 50, 20]",,,,"[50, 50]",80,0.01,0.0,health/seed42/natural/fnf_extended_gamma0.5_prior-flow_blocks4,80,256,0.001,0.0,"[100, 100, 50]",0,10,0.05,10.0,10,"[50, 50]",4,80,4,flow,4
health,42,natural,fnf,continuous,,0.5,extended,,False,model seed = shard seed; splits fixed,,,,"[100, 50, 20]",,,,"[50, 50]",80,0.01,0.0,health/seed42/natural/fnf_extended_gamma0.5_prior-flow_blocks6,80,256,0.001,0.0,"[100, 100, 50]",0,10,0.05,10.0,10,"[50, 50]",4,80,4,flow,6
health,42,natural,fnf,continuous,,0.5,extended,,False,model seed = shard seed; splits fixed,,,,"[100, 50, 20]",,,,"[50, 50]",80,0.01,0.0,health/seed42/natural/fnf_extended_gamma0.5_prior-gmm_blocks4,80,256,0.001,0.0,"[100, 100, 50]",0,10,0.05,10.0,10,"[50, 50]",4,80,4,gmm,4
health,42,natural,fnf,continuous,,0.5,extended,,False,model seed = shard seed; splits fixed,,,,"[100, 50, 20]",,,,"[50, 50]",80,0.01,0.0,health/seed42/natural/fnf_extended_gamma0.5_prior-gmm_blocks6,80,256,0.001,0.0,"[100, 100, 50]",0,10,0.05,10.0,10,"[50, 50]",4,80,4,gmm,6
health,42,natural,fnf,continuous,,0.95,extended,,False,model seed = shard seed; splits fixed,,,,"[100, 50, 20]",,,,"[50, 50]",80,0.01,0.0,health/seed42/natural/fnf_extended_gamma0.95_prior-flow_blocks4,80,256,0.001,0.0,"[100, 100, 50]",0,10,0.05,10.0,10,"[50, 50]",4,80,4,flow,4
health,42,natural,fnf,continuous,,0.95,extended,,False,model seed = shard seed; splits fixed,,,,"[100, 50, 20]",,,,"[50, 50]",80,0.01,0.0,health/seed42/natural/fnf_extended_gamma0.95_prior-flow_blocks6,80,256,0.001,0.0,"[100, 100, 50]",0,10,0.05,10.0,10,"[50, 50]",4,80,4,flow,6
health,42,natural,fnf,continuous,,0.95,extended,,False,model seed = shard seed; splits fixed,,,,"[100, 50, 20]",,,,"[50, 50]",80,0.01,0.0,health/seed42/natural/fnf_extended_gamma0.95_prior-gmm_blocks4,80,256,0.001,0.0,"[100, 100, 50]",0,10,0.05,10.0,10,"[50, 50]",4,80,4,gmm,4
health,42,natural,fnf,continuous,,0.95,extended,,False,model seed = shard seed; splits fixed,,,,"[100, 50, 20]",,,,"[50, 50]",80,0.01,0.0,health/seed42/natural/fnf_extended_gamma0.95_prior-gmm_blocks6,80,256,0.001,0.0,"[100, 100, 50]",0,10,0.05,10.0,10,"[50, 50]",4,80,4,gmm,6
health,42,natural,fnf,continuous,,0.0,extended,,False,model seed = shard seed; splits fixed,,,,"[100, 50, 20]",,,,"[50, 50]",80,0.01,0.0,health/seed42/natural/fnf_extended_gamma0_prior-flow_blocks4,80,256,0.001,0.0,"[100, 100, 50]",0,10,0.05,10.0,10,"[50, 50]",4,80,4,flow,4
health,42,natural,fnf,continuous,,0.0,extended,,False,model seed = shard seed; splits fixed,,,,"[100, 50, 20]",,,,"[50, 50]",80,0.01,0.0,health/seed42/natural/fnf_extended_gamma0_prior-flow_blocks6,80,256,0.001,0.0,"[100, 100, 50]",0,10,0.05,10.0,10,"[50, 50]",4,80,4,flow,6
health,42,natural,fnf,continuous,,0.0,extended,,False,model seed = shard seed; splits fixed,,,,"[100, 50, 20]",,,,"[50, 50]",80,0.01,0.0,health/seed42/natural/fnf_extended_gamma0_prior-gmm_blocks4,80,256,0.001,0.0,"[100, 100, 50]",0,10,0.05,10.0,10,"[50, 50]",4,80,4,gmm,4
health,42,natural,fnf,continuous,,0.0,extended,,False,model seed = shard seed; splits fixed,,,,"[100, 50, 20]",,,,"[50, 50]",80,0.01,0.0,health/seed42/natural/fnf_extended_gamma0_prior-gmm_blocks6,80,256,0.001,0.0,"[100, 100, 50]",0,10,0.05,10.0,10,"[50, 50]",4,80,4,gmm,6
health,42,shift50,erm,,,,core,,False,model seed = shard seed; splits fixed,,,,"[100, 50, 20]",,,,"[50, 50]",80,0.01,0.0,health/seed42/shift50/erm_core,80,256,0.001,0.0,"[100, 100, 50]",0,10,0.05,10.0,10,"[50, 50]",4,80,4,,
health,42,shift50,erm,,,,extended,,False,model seed = shard seed; splits fixed,,,,"[100, 50, 20]",,,,"[50, 50]",80,0.01,0.0,health/seed42/shift50/erm_extended,80,256,0.001,0.0,"[100, 100, 50]",0,10,0.05,10.0,10,"[50, 50]",4,80,4,,
health,42,shift50,fnf,continuous,,0.05,core,,False,model seed = shard seed; splits fixed,,,,"[100, 50, 20]",,,,"[50, 50]",80,0.01,0.0,health/seed42/shift50/fnf_core_gamma0.05_prior-flow_blocks4,80,256,0.001,0.0,"[100, 100, 50]",0,10,0.05,10.0,10,"[50, 50]",4,80,4,flow,4
health,42,shift50,fnf,continuous,,0.05,core,,False,model seed = shard seed; splits fixed,,,,"[100, 50, 20]",,,,"[50, 50]",80,0.01,0.0,health/seed42/shift50/fnf_core_gamma0.05_prior-flow_blocks6,80,256,0.001,0.0,"[100, 100, 50]",0,10,0.05,10.0,10,"[50, 50]",4,80,4,flow,6
health,42,shift50,fnf,continuous,,0.05,core,,False,model seed = shard seed; splits fixed,,,,"[100, 50, 20]",,,,"[50, 50]",80,0.01,0.0,health/seed42/shift50/fnf_core_gamma0.05_prior-gmm_blocks4,80,256,0.001,0.0,"[100, 100, 50]",0,10,0.05,10.0,10,"[50, 50]",4,80,4,gmm,4
health,42,shift50,fnf,continuous,,0.05,core,,False,model seed = shard seed; splits fixed,,,,"[100, 50, 20]",,,,"[50, 50]",80,0.01,0.0,health/seed42/shift50/fnf_core_gamma0.05_prior-gmm_blocks6,80,256,0.001,0.0,"[100, 100, 50]",0,10,0.05,10.0,10,"[50, 50]",4,80,4,gmm,6
health,42,shift50,fnf,continuous,,0.1,core,,False,model seed = shard seed; splits fixed,,,,"[100, 50, 20]",,,,"[50, 50]",80,0.01,0.0,health/seed42/shift50/fnf_core_gamma0.1_prior-flow_blocks4,80,256,0.001,0.0,"[100, 100, 50]",0,10,0.05,10.0,10,"[50, 50]",4,80,4,flow,4
health,42,shift50,fnf,continuous,,0.1,core,,False,model seed = shard seed; splits fixed,,,,"[100, 50, 20]",,,,"[50, 50]",80,0.01,0.0,health/seed42/shift50/fnf_core_gamma0.1_prior-flow_blocks6,80,256,0.001,0.0,"[100, 100, 50]",0,10,0.05,10.0,10,"[50, 50]",4,80,4,flow,6
health,42,shift50,fnf,continuous,,0.1,core,,False,model seed = shard seed; splits fixed,,,,"[100, 50, 20]",,,,"[50, 50]",80,0.01,0.0,health/seed42/shift50/fnf_core_gamma0.1_prior-gmm_blocks4,80,256,0.001,0.0,"[100, 100, 50]",0,10,0.05,10.0,10,"[50, 50]",4,80,4,gmm,4
health,42,shift50,fnf,continuous,,0.1,core,,False,model seed = shard seed; splits fixed,,,,"[100, 50, 20]",,,,"[50, 50]",80,0.01,0.0,health/seed42/shift50/fnf_core_gamma0.1_prior-gmm_blocks6,80,256,0.001,0.0,"[100, 100, 50]",0,10,0.05,10.0,10,"[50, 50]",4,80,4,gmm,6
health,42,shift50,fnf,continuous,,0.5,core,,False,model seed = shard seed; splits fixed,,,,"[100, 50, 20]",,,,"[50, 50]",80,0.01,0.0,health/seed42/shift50/fnf_core_gamma0.5_prior-flow_blocks4,80,256,0.001,0.0,"[100, 100, 50]",0,10,0.05,10.0,10,"[50, 50]",4,80,4,flow,4
health,42,shift50,fnf,continuous,,0.5,core,,False,model seed = shard seed; splits fixed,,,,"[100, 50, 20]",,,,"[50, 50]",80,0.01,0.0,health/seed42/shift50/fnf_core_gamma0.5_prior-flow_blocks6,80,256,0.001,0.0,"[100, 100, 50]",0,10,0.05,10.0,10,"[50, 50]",4,80,4,flow,6
health,42,shift50,fnf,continuous,,0.5,core,,False,model seed = shard seed; splits fixed,,,,"[100, 50, 20]",,,,"[50, 50]",80,0.01,0.0,health/seed42/shift50/fnf_core_gamma0.5_prior-gmm_blocks4,80,256,0.001,0.0,"[100, 100, 50]",0,10,0.05,10.0,10,"[50, 50]",4,80,4,gmm,4
health,42,shift50,fnf,continuous,,0.5,core,,False,model seed = shard seed; splits fixed,,,,"[100, 50, 20]",,,,"[50, 50]",80,0.01,0.0,health/seed42/shift50/fnf_core_gamma0.5_prior-gmm_blocks6,80,256,0.001,0.0,"[100, 100, 50]",0,10,0.05,10.0,10,"[50, 50]",4,80,4,gmm,6
health,42,shift50,fnf,continuous,,0.95,core,,False,model seed = shard seed; splits fixed,,,,"[100, 50, 20]",,,,"[50, 50]",80,0.01,0.0,health/seed42/shift50/fnf_core_gamma0.95_prior-flow_blocks4,80,256,0.001,0.0,"[100, 100, 50]",0,10,0.05,10.0,10,"[50, 50]",4,80,4,flow,4
health,42,shift50,fnf,continuous,,0.95,core,,False,model seed = shard seed; splits fixed,,,,"[100, 50, 20]",,,,"[50, 50]",80,0.01,0.0,health/seed42/shift50/fnf_core_gamma0.95_prior-flow_blocks6,80,256,0.001,0.0,"[100, 100, 50]",0,10,0.05,10.0,10,"[50, 50]",4,80,4,flow,6
health,42,shift50,fnf,continuous,,0.95,core,,False,model seed = shard seed; splits fixed,,,,"[100, 50, 20]",,,,"[50, 50]",80,0.01,0.0,health/seed42/shift50/fnf_core_gamma0.95_prior-gmm_blocks4,80,256,0.001,0.0,"[100, 100, 50]",0,10,0.05,10.0,10,"[50, 50]",4,80,4,gmm,4
health,42,shift50,fnf,continuous,,0.95,core,,False,model seed = shard seed; splits fixed,,,,"[100, 50, 20]",,,,"[50, 50]",80,0.01,0.0,health/seed42/shift50/fnf_core_gamma0.95_prior-gmm_blocks6,80,256,0.001,0.0,"[100, 100, 50]",0,10,0.05,10.0,10,"[50, 50]",4,80,4,gmm,6
health,42,shift50,fnf,continuous,,0.0,core,,False,model seed = shard seed; splits fixed,,,,"[100, 50, 20]",,,,"[50, 50]",80,0.01,0.0,health/seed42/shift50/fnf_core_gamma0_prior-flow_blocks4,80,256,0.001,0.0,"[100, 100, 50]",0,10,0.05,10.0,10,"[50, 50]",4,80,4,flow,4
health,42,shift50,fnf,continuous,,0.0,core,,False,model seed = shard seed; splits fixed,,,,"[100, 50, 20]",,,,"[50, 50]",80,0.01,0.0,health/seed42/shift50/fnf_core_gamma0_prior-flow_blocks6,80,256,0.001,0.0,"[100, 100, 50]",0,10,0.05,10.0,10,"[50, 50]",4,80,4,flow,6
health,42,shift50,fnf,continuous,,0.0,core,,False,model seed = shard seed; splits fixed,,,,"[100, 50, 20]",,,,"[50, 50]",80,0.01,0.0,health/seed42/shift50/fnf_core_gamma0_prior-gmm_blocks4,80,256,0.001,0.0,"[100, 100, 50]",0,10,0.05,10.0,10,"[50, 50]",4,80,4,gmm,4
health,42,shift50,fnf,continuous,,0.0,core,,False,model seed = shard seed; splits fixed,,,,"[100, 50, 20]",,,,"[50, 50]",80,0.01,0.0,health/seed42/shift50/fnf_core_gamma0_prior-gmm_blocks6,80,256,0.001,0.0,"[100, 100, 50]",0,10,0.05,10.0,10,"[50, 50]",4,80,4,gmm,6
health,42,shift50,fnf,continuous,,0.05,extended,,False,model seed = shard seed; splits fixed,,,,"[100, 50, 20]",,,,"[50, 50]",80,0.01,0.0,health/seed42/shift50/fnf_extended_gamma0.05_prior-flow_blocks4,80,256,0.001,0.0,"[100, 100, 50]",0,10,0.05,10.0,10,"[50, 50]",4,80,4,flow,4
health,42,shift50,fnf,continuous,,0.05,extended,,False,model seed = shard seed; splits fixed,,,,"[100, 50, 20]",,,,"[50, 50]",80,0.01,0.0,health/seed42/shift50/fnf_extended_gamma0.05_prior-flow_blocks6,80,256,0.001,0.0,"[100, 100, 50]",0,10,0.05,10.0,10,"[50, 50]",4,80,4,flow,6
health,42,shift50,fnf,continuous,,0.05,extended,,False,model seed = shard seed; splits fixed,,,,"[100, 50, 20]",,,,"[50, 50]",80,0.01,0.0,health/seed42/shift50/fnf_extended_gamma0.05_prior-gmm_blocks4,80,256,0.001,0.0,"[100, 100, 50]",0,10,0.05,10.0,10,"[50, 50]",4,80,4,gmm,4
health,42,shift50,fnf,continuous,,0.05,extended,,False,model seed = shard seed; splits fixed,,,,"[100, 50, 20]",,,,"[50, 50]",80,0.01,0.0,health/seed42/shift50/fnf_extended_gamma0.05_prior-gmm_blocks6,80,256,0.001,0.0,"[100, 100, 50]",0,10,0.05,10.0,10,"[50, 50]",4,80,4,gmm,6
health,42,shift50,fnf,continuous,,0.1,extended,,False,model seed = shard seed; splits fixed,,,,"[100, 50, 20]",,,,"[50, 50]",80,0.01,0.0,health/seed42/shift50/fnf_extended_gamma0.1_prior-flow_blocks4,80,256,0.001,0.0,"[100, 100, 50]",0,10,0.05,10.0,10,"[50, 50]",4,80,4,flow,4
health,42,shift50,fnf,continuous,,0.1,extended,,False,model seed = shard seed; splits fixed,,,,"[100, 50, 20]",,,,"[50, 50]",80,0.01,0.0,health/seed42/shift50/fnf_extended_gamma0.1_prior-flow_blocks6,80,256,0.001,0.0,"[100, 100, 50]",0,10,0.05,10.0,10,"[50, 50]",4,80,4,flow,6
health,42,shift50,fnf,continuous,,0.1,extended,,False,model seed = shard seed; splits fixed,,,,"[100, 50, 20]",,,,"[50, 50]",80,0.01,0.0,health/seed42/shift50/fnf_extended_gamma0.1_prior-gmm_blocks4,80,256,0.001,0.0,"[100, 100, 50]",0,10,0.05,10.0,10,"[50, 50]",4,80,4,gmm,4
health,42,shift50,fnf,continuous,,0.1,extended,,False,model seed = shard seed; splits fixed,,,,"[100, 50, 20]",,,,"[50, 50]",80,0.01,0.0,health/seed42/shift50/fnf_extended_gamma0.1_prior-gmm_blocks6,80,256,0.001,0.0,"[100, 100, 50]",0,10,0.05,10.0,10,"[50, 50]",4,80,4,gmm,6
health,42,shift50,fnf,continuous,,0.5,extended,,False,model seed = shard seed; splits fixed,,,,"[100, 50, 20]",,,,"[50, 50]",80,0.01,0.0,health/seed42/shift50/fnf_extended_gamma0.5_prior-flow_blocks4,80,256,0.001,0.0,"[100, 100, 50]",0,10,0.05,10.0,10,"[50, 50]",4,80,4,flow,4
health,42,shift50,fnf,continuous,,0.5,extended,,False,model seed = shard seed; splits fixed,,,,"[100, 50, 20]",,,,"[50, 50]",80,0.01,0.0,health/seed42/shift50/fnf_extended_gamma0.5_prior-flow_blocks6,80,256,0.001,0.0,"[100, 100, 50]",0,10,0.05,10.0,10,"[50, 50]",4,80,4,flow,6
health,42,shift50,fnf,continuous,,0.5,extended,,False,model seed = shard seed; splits fixed,,,,"[100, 50, 20]",,,,"[50, 50]",80,0.01,0.0,health/seed42/shift50/fnf_extended_gamma0.5_prior-gmm_blocks4,80,256,0.001,0.0,"[100, 100, 50]",0,10,0.05,10.0,10,"[50, 50]",4,80,4,gmm,4
health,42,shift50,fnf,continuous,,0.5,extended,,False,model seed = shard seed; splits fixed,,,,"[100, 50, 20]",,,,"[50, 50]",80,0.01,0.0,health/seed42/shift50/fnf_extended_gamma0.5_prior-gmm_blocks6,80,256,0.001,0.0,"[100, 100, 50]",0,10,0.05,10.0,10,"[50, 50]",4,80,4,gmm,6
health,42,shift50,fnf,continuous,,0.95,extended,,False,model seed = shard seed; splits fixed,,,,"[100, 50, 20]",,,,"[50, 50]",80,0.01,0.0,health/seed42/shift50/fnf_extended_gamma0.95_prior-flow_blocks4,80,256,0.001,0.0,"[100, 100, 50]",0,10,0.05,10.0,10,"[50, 50]",4,80,4,flow,4
health,42,shift50,fnf,continuous,,0.95,extended,,False,model seed = shard seed; splits fixed,,,,"[100, 50, 20]",,,,"[50, 50]",80,0.01,0.0,health/seed42/shift50/fnf_extended_gamma0.95_prior-flow_blocks6,80,256,0.001,0.0,"[100, 100, 50]",0,10,0.05,10.0,10,"[50, 50]",4,80,4,flow,6
health,42,shift50,fnf,continuous,,0.95,extended,,False,model seed = shard seed; splits fixed,,,,"[100, 50, 20]",,,,"[50, 50]",80,0.01,0.0,health/seed42/shift50/fnf_extended_gamma0.95_prior-gmm_blocks4,80,256,0.001,0.0,"[100, 100, 50]",0,10,0.05,10.0,10,"[50, 50]",4,80,4,gmm,4
health,42,shift50,fnf,continuous,,0.95,extended,,False,model seed = shard seed; splits fixed,,,,"[100, 50, 20]",,,,"[50, 50]",80,0.01,0.0,health/seed42/shift50/fnf_extended_gamma0.95_prior-gmm_blocks6,80,256,0.001,0.0,"[100, 100, 50]",0,10,0.05,10.0,10,"[50, 50]",4,80,4,gmm,6
health,42,shift50,fnf,continuous,,0.0,extended,,False,model seed = shard seed; splits fixed,,,,"[100, 50, 20]",,,,"[50, 50]",80,0.01,0.0,health/seed42/shift50/fnf_extended_gamma0_prior-flow_blocks4,80,256,0.001,0.0,"[100, 100, 50]",0,10,0.05,10.0,10,"[50, 50]",4,80,4,flow,4
health,42,shift50,fnf,continuous,,0.0,extended,,False,model seed = shard seed; splits fixed,,,,"[100, 50, 20]",,,,"[50, 50]",80,0.01,0.0,health/seed42/shift50/fnf_extended_gamma0_prior-flow_blocks6,80,256,0.001,0.0,"[100, 100, 50]",0,10,0.05,10.0,10,"[50, 50]",4,80,4,flow,6
health,42,shift50,fnf,continuous,,0.0,extended,,False,model seed = shard seed; splits fixed,,,,"[100, 50, 20]",,,,"[50, 50]",80,0.01,0.0,health/seed42/shift50/fnf_extended_gamma0_prior-gmm_blocks4,80,256,0.001,0.0,"[100, 100, 50]",0,10,0.05,10.0,10,"[50, 50]",4,80,4,gmm,4
health,42,shift50,fnf,continuous,,0.0,extended,,False,model seed = shard seed; splits fixed,,,,"[100, 50, 20]",,,,"[50, 50]",80,0.01,0.0,health/seed42/shift50/fnf_extended_gamma0_prior-gmm_blocks6,80,256,0.001,0.0,"[100, 100, 50]",0,10,0.05,10.0,10,"[50, 50]",4,80,4,gmm,6
health,42,shift75,erm,,,,core,,False,model seed = shard seed; splits fixed,,,,"[100, 50, 20]",,,,"[50, 50]",80,0.01,0.0,health/seed42/shift75/erm_core,80,256,0.001,0.0,"[100, 100, 50]",0,10,0.05,10.0,10,"[50, 50]",4,80,4,,
health,42,shift75,erm,,,,extended,,False,model seed = shard seed; splits fixed,,,,"[100, 50, 20]",,,,"[50, 50]",80,0.01,0.0,health/seed42/shift75/erm_extended,80,256,0.001,0.0,"[100, 100, 50]",0,10,0.05,10.0,10,"[50, 50]",4,80,4,,
health,42,shift75,fnf,continuous,,0.05,core,,False,model seed = shard seed; splits fixed,,,,"[100, 50, 20]",,,,"[50, 50]",80,0.01,0.0,health/seed42/shift75/fnf_core_gamma0.05_prior-flow_blocks4,80,256,0.001,0.0,"[100, 100, 50]",0,10,0.05,10.0,10,"[50, 50]",4,80,4,flow,4
health,42,shift75,fnf,continuous,,0.05,core,,False,model seed = shard seed; splits fixed,,,,"[100, 50, 20]",,,,"[50, 50]",80,0.01,0.0,health/seed42/shift75/fnf_core_gamma0.05_prior-flow_blocks6,80,256,0.001,0.0,"[100, 100, 50]",0,10,0.05,10.0,10,"[50, 50]",4,80,4,flow,6
health,42,shift75,fnf,continuous,,0.05,core,,False,model seed = shard seed; splits fixed,,,,"[100, 50, 20]",,,,"[50, 50]",80,0.01,0.0,health/seed42/shift75/fnf_core_gamma0.05_prior-gmm_blocks4,80,256,0.001,0.0,"[100, 100, 50]",0,10,0.05,10.0,10,"[50, 50]",4,80,4,gmm,4
health,42,shift75,fnf,continuous,,0.05,core,,False,model seed = shard seed; splits fixed,,,,"[100, 50, 20]",,,,"[50, 50]",80,0.01,0.0,health/seed42/shift75/fnf_core_gamma0.05_prior-gmm_blocks6,80,256,0.001,0.0,"[100, 100, 50]",0,10,0.05,10.0,10,"[50, 50]",4,80,4,gmm,6
health,42,shift75,fnf,continuous,,0.1,core,,False,model seed = shard seed; splits fixed,,,,"[100, 50, 20]",,,,"[50, 50]",80,0.01,0.0,health/seed42/shift75/fnf_core_gamma0.1_prior-flow_blocks4,80,256,0.001,0.0,"[100, 100, 50]",0,10,0.05,10.0,10,"[50, 50]",4,80,4,flow,4
health,42,shift75,fnf,continuous,,0.1,core,,False,model seed = shard seed; splits fixed,,,,"[100, 50, 20]",,,,"[50, 50]",80,0.01,0.0,health/seed42/shift75/fnf_core_gamma0.1_prior-flow_blocks6,80,256,0.001,0.0,"[100, 100, 50]",0,10,0.05,10.0,10,"[50, 50]",4,80,4,flow,6
health,42,shift75,fnf,continuous,,0.1,core,,False,model seed = shard seed; splits fixed,,,,"[100, 50, 20]",,,,"[50, 50]",80,0.01,0.0,health/seed42/shift75/fnf_core_gamma0.1_prior-gmm_blocks4,80,256,0.001,0.0,"[100, 100, 50]",0,10,0.05,10.0,10,"[50, 50]",4,80,4,gmm,4
health,42,shift75,fnf,continuous,,0.1,core,,False,model seed = shard seed; splits fixed,,,,"[100, 50, 20]",,,,"[50, 50]",80,0.01,0.0,health/seed42/shift75/fnf_core_gamma0.1_prior-gmm_blocks6,80,256,0.001,0.0,"[100, 100, 50]",0,10,0.05,10.0,10,"[50, 50]",4,80,4,gmm,6
health,42,shift75,fnf,continuous,,0.5,core,,False,model seed = shard seed; splits fixed,,,,"[100, 50, 20]",,,,"[50, 50]",80,0.01,0.0,health/seed42/shift75/fnf_core_gamma0.5_prior-flow_blocks4,80,256,0.001,0.0,"[100, 100, 50]",0,10,0.05,10.0,10,"[50, 50]",4,80,4,flow,4
health,42,shift75,fnf,continuous,,0.5,core,,False,model seed = shard seed; splits fixed,,,,"[100, 50, 20]",,,,"[50, 50]",80,0.01,0.0,health/seed42/shift75/fnf_core_gamma0.5_prior-flow_blocks6,80,256,0.001,0.0,"[100, 100, 50]",0,10,0.05,10.0,10,"[50, 50]",4,80,4,flow,6
health,42,shift75,fnf,continuous,,0.5,core,,False,model seed = shard seed; splits fixed,,,,"[100, 50, 20]",,,,"[50, 50]",80,0.01,0.0,health/seed42/shift75/fnf_core_gamma0.5_prior-gmm_blocks4,80,256,0.001,0.0,"[100, 100, 50]",0,10,0.05,10.0,10,"[50, 50]",4,80,4,gmm,4
health,42,shift75,fnf,continuous,,0.5,core,,False,model seed = shard seed; splits fixed,,,,"[100, 50, 20]",,,,"[50, 50]",80,0.01,0.0,health/seed42/shift75/fnf_core_gamma0.5_prior-gmm_blocks6,80,256,0.001,0.0,"[100, 100, 50]",0,10,0.05,10.0,10,"[50, 50]",4,80,4,gmm,6
health,42,shift75,fnf,continuous,,0.95,core,,False,model seed = shard seed; splits fixed,,,,"[100, 50, 20]",,,,"[50, 50]",80,0.01,0.0,health/seed42/shift75/fnf_core_gamma0.95_prior-flow_blocks4,80,256,0.001,0.0,"[100, 100, 50]",0,10,0.05,10.0,10,"[50, 50]",4,80,4,flow,4
health,42,shift75,fnf,continuous,,0.95,core,,False,model seed = shard seed; splits fixed,,,,"[100, 50, 20]",,,,"[50, 50]",80,0.01,0.0,health/seed42/shift75/fnf_core_gamma0.95_prior-flow_blocks6,80,256,0.001,0.0,"[100, 100, 50]",0,10,0.05,10.0,10,"[50, 50]",4,80,4,flow,6
health,42,shift75,fnf,continuous,,0.95,core,,False,model seed = shard seed; splits fixed,,,,"[100, 50, 20]",,,,"[50, 50]",80,0.01,0.0,health/seed42/shift75/fnf_core_gamma0.95_prior-gmm_blocks4,80,256,0.001,0.0,"[100, 100, 50]",0,10,0.05,10.0,10,"[50, 50]",4,80,4,gmm,4
health,42,shift75,fnf,continuous,,0.95,core,,False,model seed = shard seed; splits fixed,,,,"[100, 50, 20]",,,,"[50, 50]",80,0.01,0.0,health/seed42/shift75/fnf_core_gamma0.95_prior-gmm_blocks6,80,256,0.001,0.0,"[100, 100, 50]",0,10,0.05,10.0,10,"[50, 50]",4,80,4,gmm,6
health,42,shift75,fnf,continuous,,0.0,core,,False,model seed = shard seed; splits fixed,,,,"[100, 50, 20]",,,,"[50, 50]",80,0.01,0.0,health/seed42/shift75/fnf_core_gamma0_prior-flow_blocks4,80,256,0.001,0.0,"[100, 100, 50]",0,10,0.05,10.0,10,"[50, 50]",4,80,4,flow,4
health,42,shift75,fnf,continuous,,0.0,core,,False,model seed = shard seed; splits fixed,,,,"[100, 50, 20]",,,,"[50, 50]",80,0.01,0.0,health/seed42/shift75/fnf_core_gamma0_prior-flow_blocks6,80,256,0.001,0.0,"[100, 100, 50]",0,10,0.05,10.0,10,"[50, 50]",4,80,4,flow,6
health,42,shift75,fnf,continuous,,0.0,core,,False,model seed = shard seed; splits fixed,,,,"[100, 50, 20]",,,,"[50, 50]",80,0.01,0.0,health/seed42/shift75/fnf_core_gamma0_prior-gmm_blocks4,80,256,0.001,0.0,"[100, 100, 50]",0,10,0.05,10.0,10,"[50, 50]",4,80,4,gmm,4
health,42,shift75,fnf,continuous,,0.0,core,,False,model seed = shard seed; splits fixed,,,,"[100, 50, 20]",,,,"[50, 50]",80,0.01,0.0,health/seed42/shift75/fnf_core_gamma0_prior-gmm_blocks6,80,256,0.001,0.0,"[100, 100, 50]",0,10,0.05,10.0,10,"[50, 50]",4,80,4,gmm,6
health,42,shift75,fnf,continuous,,0.05,extended,,False,model seed = shard seed; splits fixed,,,,"[100, 50, 20]",,,,"[50, 50]",80,0.01,0.0,health/seed42/shift75/fnf_extended_gamma0.05_prior-flow_blocks4,80,256,0.001,0.0,"[100, 100, 50]",0,10,0.05,10.0,10,"[50, 50]",4,80,4,flow,4
health,42,shift75,fnf,continuous,,0.05,extended,,False,model seed = shard seed; splits fixed,,,,"[100, 50, 20]",,,,"[50, 50]",80,0.01,0.0,health/seed42/shift75/fnf_extended_gamma0.05_prior-flow_blocks6,80,256,0.001,0.0,"[100, 100, 50]",0,10,0.05,10.0,10,"[50, 50]",4,80,4,flow,6
health,42,shift75,fnf,continuous,,0.05,extended,,False,model seed = shard seed; splits fixed,,,,"[100, 50, 20]",,,,"[50, 50]",80,0.01,0.0,health/seed42/shift75/fnf_extended_gamma0.05_prior-gmm_blocks4,80,256,0.001,0.0,"[100, 100, 50]",0,10,0.05,10.0,10,"[50, 50]",4,80,4,gmm,4
health,42,shift75,fnf,continuous,,0.05,extended,,False,model seed = shard seed; splits fixed,,,,"[100, 50, 20]",,,,"[50, 50]",80,0.01,0.0,health/seed42/shift75/fnf_extended_gamma0.05_prior-gmm_blocks6,80,256,0.001,0.0,"[100, 100, 50]",0,10,0.05,10.0,10,"[50, 50]",4,80,4,gmm,6
health,42,shift75,fnf,continuous,,0.1,extended,,False,model seed = shard seed; splits fixed,,,,"[100, 50, 20]",,,,"[50, 50]",80,0.01,0.0,health/seed42/shift75/fnf_extended_gamma0.1_prior-flow_blocks4,80,256,0.001,0.0,"[100, 100, 50]",0,10,0.05,10.0,10,"[50, 50]",4,80,4,flow,4
health,42,shift75,fnf,continuous,,0.1,extended,,False,model seed = shard seed; splits fixed,,,,"[100, 50, 20]",,,,"[50, 50]",80,0.01,0.0,health/seed42/shift75/fnf_extended_gamma0.1_prior-flow_blocks6,80,256,0.001,0.0,"[100, 100, 50]",0,10,0.05,10.0,10,"[50, 50]",4,80,4,flow,6
health,42,shift75,fnf,continuous,,0.1,extended,,False,model seed = shard seed; splits fixed,,,,"[100, 50, 20]",,,,"[50, 50]",80,0.01,0.0,health/seed42/shift75/fnf_extended_gamma0.1_prior-gmm_blocks4,80,256,0.001,0.0,"[100, 100, 50]",0,10,0.05,10.0,10,"[50, 50]",4,80,4,gmm,4
health,42,shift75,fnf,continuous,,0.1,extended,,False,model seed = shard seed; splits fixed,,,,"[100, 50, 20]",,,,"[50, 50]",80,0.01,0.0,health/seed42/shift75/fnf_extended_gamma0.1_prior-gmm_blocks6,80,256,0.001,0.0,"[100, 100, 50]",0,10,0.05,10.0,10,"[50, 50]",4,80,4,gmm,6
health,42,shift75,fnf,continuous,,0.5,extended,,False,model seed = shard seed; splits fixed,,,,"[100, 50, 20]",,,,"[50, 50]",80,0.01,0.0,health/seed42/shift75/fnf_extended_gamma0.5_prior-flow_blocks4,80,256,0.001,0.0,"[100, 100, 50]",0,10,0.05,10.0,10,"[50, 50]",4,80,4,flow,4
health,42,shift75,fnf,continuous,,0.5,extended,,False,model seed = shard seed; splits fixed,,,,"[100, 50, 20]",,,,"[50, 50]",80,0.01,0.0,health/seed42/shift75/fnf_extended_gamma0.5_prior-flow_blocks6,80,256,0.001,0.0,"[100, 100, 50]",0,10,0.05,10.0,10,"[50, 50]",4,80,4,flow,6
health,42,shift75,fnf,continuous,,0.5,extended,,False,model seed = shard seed; splits fixed,,,,"[100, 50, 20]",,,,"[50, 50]",80,0.01,0.0,health/seed42/shift75/fnf_extended_gamma0.5_prior-gmm_blocks4,80,256,0.001,0.0,"[100, 100, 50]",0,10,0.05,10.0,10,"[50, 50]",4,80,4,gmm,4
health,42,shift75,fnf,continuous,,0.5,extended,,False,model seed = shard seed; splits fixed,,,,"[100, 50, 20]",,,,"[50, 50]",80,0.01,0.0,health/seed42/shift75/fnf_extended_gamma0.5_prior-gmm_blocks6,80,256,0.001,0.0,"[100, 100, 50]",0,10,0.05,10.0,10,"[50, 50]",4,80,4,gmm,6
health,42,shift75,fnf,continuous,,0.95,extended,,False,model seed = shard seed; splits fixed,,,,"[100, 50, 20]",,,,"[50, 50]",80,0.01,0.0,health/seed42/shift75/fnf_extended_gamma0.95_prior-flow_blocks4,80,256,0.001,0.0,"[100, 100, 50]",0,10,0.05,10.0,10,"[50, 50]",4,80,4,flow,4
health,42,shift75,fnf,continuous,,0.95,extended,,False,model seed = shard seed; splits fixed,,,,"[100, 50, 20]",,,,"[50, 50]",80,0.01,0.0,health/seed42/shift75/fnf_extended_gamma0.95_prior-flow_blocks6,80,256,0.001,0.0,"[100, 100, 50]",0,10,0.05,10.0,10,"[50, 50]",4,80,4,flow,6
health,42,shift75,fnf,continuous,,0.95,extended,,False,model seed = shard seed; splits fixed,,,,"[100, 50, 20]",,,,"[50, 50]",80,0.01,0.0,health/seed42/shift75/fnf_extended_gamma0.95_prior-gmm_blocks4,80,256,0.001,0.0,"[100, 100, 50]",0,10,0.05,10.0,10,"[50, 50]",4,80,4,gmm,4
health,42,shift75,fnf,continuous,,0.95,extended,,False,model seed = shard seed; splits fixed,,,,"[100, 50, 20]",,,,"[50, 50]",80,0.01,0.0,health/seed42/shift75/fnf_extended_gamma0.95_prior-gmm_blocks6,80,256,0.001,0.0,"[100, 100, 50]",0,10,0.05,10.0,10,"[50, 50]",4,80,4,gmm,6
health,42,shift75,fnf,continuous,,0.0,extended,,False,model seed = shard seed; splits fixed,,,,"[100, 50, 20]",,,,"[50, 50]",80,0.01,0.0,health/seed42/shift75/fnf_extended_gamma0_prior-flow_blocks4,80,256,0.001,0.0,"[100, 100, 50]",0,10,0.05,10.0,10,"[50, 50]",4,80,4,flow,4
health,42,shift75,fnf,continuous,,0.0,extended,,False,model seed = shard seed; splits fixed,,,,"[100, 50, 20]",,,,"[50, 50]",80,0.01,0.0,health/seed42/shift75/fnf_extended_gamma0_prior-flow_blocks6,80,256,0.001,0.0,"[100, 100, 50]",0,10,0.05,10.0,10,"[50, 50]",4,80,4,flow,6
health,42,shift75,fnf,continuous,,0.0,extended,,False,model seed = shard seed; splits fixed,,,,"[100, 50, 20]",,,,"[50, 50]",80,0.01,0.0,health/seed42/shift75/fnf_extended_gamma0_prior-gmm_blocks4,80,256,0.001,0.0,"[100, 100, 50]",0,10,0.05,10.0,10,"[50, 50]",4,80,4,gmm,4
health,42,shift75,fnf,continuous,,0.0,extended,,False,model seed = shard seed; splits fixed,,,,"[100, 50, 20]",,,,"[50, 50]",80,0.01,0.0,health/seed42/shift75/fnf_extended_gamma0_prior-gmm_blocks6,80,256,0.001,0.0,"[100, 100, 50]",0,10,0.05,10.0,10,"[50, 50]",4,80,4,gmm,6
health,456,equalized,erm,,,,core,,False,model seed = shard seed; splits fixed,,,,"[100, 50, 20]",,,,"[50, 50]",80,0.01,0.0,health/seed456/equalized/erm_core,80,256,0.001,0.0,"[100, 100, 50]",0,10,0.05,10.0,10,"[50, 50]",4,80,4,,
health,456,equalized,erm,,,,extended,,False,model seed = shard seed; splits fixed,,,,"[100, 50, 20]",,,,"[50, 50]",80,0.01,0.0,health/seed456/equalized/erm_extended,80,256,0.001,0.0,"[100, 100, 50]",0,10,0.05,10.0,10,"[50, 50]",4,80,4,,
health,456,equalized,fnf,continuous,,0.05,core,,False,model seed = shard seed; splits fixed,,,,"[100, 50, 20]",,,,"[50, 50]",80,0.01,0.0,health/seed456/equalized/fnf_core_gamma0.05_prior-flow_blocks4,80,256,0.001,0.0,"[100, 100, 50]",0,10,0.05,10.0,10,"[50, 50]",4,80,4,flow,4
health,456,equalized,fnf,continuous,,0.05,core,,False,model seed = shard seed; splits fixed,,,,"[100, 50, 20]",,,,"[50, 50]",80,0.01,0.0,health/seed456/equalized/fnf_core_gamma0.05_prior-flow_blocks6,80,256,0.001,0.0,"[100, 100, 50]",0,10,0.05,10.0,10,"[50, 50]",4,80,4,flow,6
health,456,equalized,fnf,continuous,,0.05,core,,False,model seed = shard seed; splits fixed,,,,"[100, 50, 20]",,,,"[50, 50]",80,0.01,0.0,health/seed456/equalized/fnf_core_gamma0.05_prior-gmm_blocks4,80,256,0.001,0.0,"[100, 100, 50]",0,10,0.05,10.0,10,"[50, 50]",4,80,4,gmm,4
health,456,equalized,fnf,continuous,,0.05,core,,False,model seed = shard seed; splits fixed,,,,"[100, 50, 20]",,,,"[50, 50]",80,0.01,0.0,health/seed456/equalized/fnf_core_gamma0.05_prior-gmm_blocks6,80,256,0.001,0.0,"[100, 100, 50]",0,10,0.05,10.0,10,"[50, 50]",4,80,4,gmm,6
health,456,equalized,fnf,continuous,,0.1,core,,False,model seed = shard seed; splits fixed,,,,"[100, 50, 20]",,,,"[50, 50]",80,0.01,0.0,health/seed456/equalized/fnf_core_gamma0.1_prior-flow_blocks4,80,256,0.001,0.0,"[100, 100, 50]",0,10,0.05,10.0,10,"[50, 50]",4,80,4,flow,4
health,456,equalized,fnf,continuous,,0.1,core,,False,model seed = shard seed; splits fixed,,,,"[100, 50, 20]",,,,"[50, 50]",80,0.01,0.0,health/seed456/equalized/fnf_core_gamma0.1_prior-flow_blocks6,80,256,0.001,0.0,"[100, 100, 50]",0,10,0.05,10.0,10,"[50, 50]",4,80,4,flow,6
health,456,equalized,fnf,continuous,,0.1,core,,False,model seed = shard seed; splits fixed,,,,"[100, 50, 20]",,,,"[50, 50]",80,0.01,0.0,health/seed456/equalized/fnf_core_gamma0.1_prior-gmm_blocks4,80,256,0.001,0.0,"[100, 100, 50]",0,10,0.05,10.0,10,"[50, 50]",4,80,4,gmm,4
health,456,equalized,fnf,continuous,,0.1,core,,False,model seed = shard seed; splits fixed,,,,"[100, 50, 20]",,,,"[50, 50]",80,0.01,0.0,health/seed456/equalized/fnf_core_gamma0.1_prior-gmm_blocks6,80,256,0.001,0.0,"[100, 100, 50]",0,10,0.05,10.0,10,"[50, 50]",4,80,4,gmm,6
health,456,equalized,fnf,continuous,,0.5,core,,False,model seed = shard seed; splits fixed,,,,"[100, 50, 20]",,,,"[50, 50]",80,0.01,0.0,health/seed456/equalized/fnf_core_gamma0.5_prior-flow_blocks4,80,256,0.001,0.0,"[100, 100, 50]",0,10,0.05,10.0,10,"[50, 50]",4,80,4,flow,4
health,456,equalized,fnf,continuous,,0.5,core,,False,model seed = shard seed; splits fixed,,,,"[100, 50, 20]",,,,"[50, 50]",80,0.01,0.0,health/seed456/equalized/fnf_core_gamma0.5_prior-flow_blocks6,80,256,0.001,0.0,"[100, 100, 50]",0,10,0.05,10.0,10,"[50, 50]",4,80,4,flow,6
health,456,equalized,fnf,continuous,,0.5,core,,False,model seed = shard seed; splits fixed,,,,"[100, 50, 20]",,,,"[50, 50]",80,0.01,0.0,health/seed456/equalized/fnf_core_gamma0.5_prior-gmm_blocks4,80,256,0.001,0.0,"[100, 100, 50]",0,10,0.05,10.0,10,"[50, 50]",4,80,4,gmm,4
health,456,equalized,fnf,continuous,,0.5,core,,False,model seed = shard seed; splits fixed,,,,"[100, 50, 20]",,,,"[50, 50]",80,0.01,0.0,health/seed456/equalized/fnf_core_gamma0.5_prior-gmm_blocks6,80,256,0.001,0.0,"[100, 100, 50]",0,10,0.05,10.0,10,"[50, 50]",4,80,4,gmm,6
health,456,equalized,fnf,continuous,,0.95,core,,False,model seed = shard seed; splits fixed,,,,"[100, 50, 20]",,,,"[50, 50]",80,0.01,0.0,health/seed456/equalized/fnf_core_gamma0.95_prior-flow_blocks4,80,256,0.001,0.0,"[100, 100, 50]",0,10,0.05,10.0,10,"[50, 50]",4,80,4,flow,4
health,456,equalized,fnf,continuous,,0.95,core,,False,model seed = shard seed; splits fixed,,,,"[100, 50, 20]",,,,"[50, 50]",80,0.01,0.0,health/seed456/equalized/fnf_core_gamma0.95_prior-flow_blocks6,80,256,0.001,0.0,"[100, 100, 50]",0,10,0.05,10.0,10,"[50, 50]",4,80,4,flow,6
health,456,equalized,fnf,continuous,,0.95,core,,False,model seed = shard seed; splits fixed,,,,"[100, 50, 20]",,,,"[50, 50]",80,0.01,0.0,health/seed456/equalized/fnf_core_gamma0.95_prior-gmm_blocks4,80,256,0.001,0.0,"[100, 100, 50]",0,10,0.05,10.0,10,"[50, 50]",4,80,4,gmm,4
health,456,equalized,fnf,continuous,,0.95,core,,False,model seed = shard seed; splits fixed,,,,"[100, 50, 20]",,,,"[50, 50]",80,0.01,0.0,health/seed456/equalized/fnf_core_gamma0.95_prior-gmm_blocks6,80,256,0.001,0.0,"[100, 100, 50]",0,10,0.05,10.0,10,"[50, 50]",4,80,4,gmm,6
health,456,equalized,fnf,continuous,,0.0,core,,False,model seed = shard seed; splits fixed,,,,"[100, 50, 20]",,,,"[50, 50]",80,0.01,0.0,health/seed456/equalized/fnf_core_gamma0_prior-flow_blocks4,80,256,0.001,0.0,"[100, 100, 50]",0,10,0.05,10.0,10,"[50, 50]",4,80,4,flow,4
health,456,equalized,fnf,continuous,,0.0,core,,False,model seed = shard seed; splits fixed,,,,"[100, 50, 20]",,,,"[50, 50]",80,0.01,0.0,health/seed456/equalized/fnf_core_gamma0_prior-flow_blocks6,80,256,0.001,0.0,"[100, 100, 50]",0,10,0.05,10.0,10,"[50, 50]",4,80,4,flow,6
health,456,equalized,fnf,continuous,,0.0,core,,False,model seed = shard seed; splits fixed,,,,"[100, 50, 20]",,,,"[50, 50]",80,0.01,0.0,health/seed456/equalized/fnf_core_gamma0_prior-gmm_blocks4,80,256,0.001,0.0,"[100, 100, 50]",0,10,0.05,10.0,10,"[50, 50]",4,80,4,gmm,4
health,456,equalized,fnf,continuous,,0.0,core,,False,model seed = shard seed; splits fixed,,,,"[100, 50, 20]",,,,"[50, 50]",80,0.01,0.0,health/seed456/equalized/fnf_core_gamma0_prior-gmm_blocks6,80,256,0.001,0.0,"[100, 100, 50]",0,10,0.05,10.0,10,"[50, 50]",4,80,4,gmm,6
health,456,equalized,fnf,continuous,,0.05,extended,,False,model seed = shard seed; splits fixed,,,,"[100, 50, 20]",,,,"[50, 50]",80,0.01,0.0,health/seed456/equalized/fnf_extended_gamma0.05_prior-flow_blocks4,80,256,0.001,0.0,"[100, 100, 50]",0,10,0.05,10.0,10,"[50, 50]",4,80,4,flow,4
health,456,equalized,fnf,continuous,,0.05,extended,,False,model seed = shard seed; splits fixed,,,,"[100, 50, 20]",,,,"[50, 50]",80,0.01,0.0,health/seed456/equalized/fnf_extended_gamma0.05_prior-flow_blocks6,80,256,0.001,0.0,"[100, 100, 50]",0,10,0.05,10.0,10,"[50, 50]",4,80,4,flow,6
health,456,equalized,fnf,continuous,,0.05,extended,,False,model seed = shard seed; splits fixed,,,,"[100, 50, 20]",,,,"[50, 50]",80,0.01,0.0,health/seed456/equalized/fnf_extended_gamma0.05_prior-gmm_blocks4,80,256,0.001,0.0,"[100, 100, 50]",0,10,0.05,10.0,10,"[50, 50]",4,80,4,gmm,4
health,456,equalized,fnf,continuous,,0.05,extended,,False,model seed = shard seed; splits fixed,,,,"[100, 50, 20]",,,,"[50, 50]",80,0.01,0.0,health/seed456/equalized/fnf_extended_gamma0.05_prior-gmm_blocks6,80,256,0.001,0.0,"[100, 100, 50]",0,10,0.05,10.0,10,"[50, 50]",4,80,4,gmm,6
health,456,equalized,fnf,continuous,,0.1,extended,,False,model seed = shard seed; splits fixed,,,,"[100, 50, 20]",,,,"[50, 50]",80,0.01,0.0,health/seed456/equalized/fnf_extended_gamma0.1_prior-flow_blocks4,80,256,0.001,0.0,"[100, 100, 50]",0,10,0.05,10.0,10,"[50, 50]",4,80,4,flow,4
health,456,equalized,fnf,continuous,,0.1,extended,,False,model seed = shard seed; splits fixed,,,,"[100, 50, 20]",,,,"[50, 50]",80,0.01,0.0,health/seed456/equalized/fnf_extended_gamma0.1_prior-flow_blocks6,80,256,0.001,0.0,"[100, 100, 50]",0,10,0.05,10.0,10,"[50, 50]",4,80,4,flow,6
health,456,equalized,fnf,continuous,,0.1,extended,,False,model seed = shard seed; splits fixed,,,,"[100, 50, 20]",,,,"[50, 50]",80,0.01,0.0,health/seed456/equalized/fnf_extended_gamma0.1_prior-gmm_blocks4,80,256,0.001,0.0,"[100, 100, 50]",0,10,0.05,10.0,10,"[50, 50]",4,80,4,gmm,4
health,456,equalized,fnf,continuous,,0.1,extended,,False,model seed = shard seed; splits fixed,,,,"[100, 50, 20]",,,,"[50, 50]",80,0.01,0.0,health/seed456/equalized/fnf_extended_gamma0.1_prior-gmm_blocks6,80,256,0.001,0.0,"[100, 100, 50]",0,10,0.05,10.0,10,"[50, 50]",4,80,4,gmm,6
health,456,equalized,fnf,continuous,,0.5,extended,,False,model seed = shard seed; splits fixed,,,,"[100, 50, 20]",,,,"[50, 50]",80,0.01,0.0,health/seed456/equalized/fnf_extended_gamma0.5_prior-flow_blocks4,80,256,0.001,0.0,"[100, 100, 50]",0,10,0.05,10.0,10,"[50, 50]",4,80,4,flow,4
health,456,equalized,fnf,continuous,,0.5,extended,,False,model seed = shard seed; splits fixed,,,,"[100, 50, 20]",,,,"[50, 50]",80,0.01,0.0,health/seed456/equalized/fnf_extended_gamma0.5_prior-flow_blocks6,80,256,0.001,0.0,"[100, 100, 50]",0,10,0.05,10.0,10,"[50, 50]",4,80,4,flow,6
health,456,equalized,fnf,continuous,,0.5,extended,,False,model seed = shard seed; splits fixed,,,,"[100, 50, 20]",,,,"[50, 50]",80,0.01,0.0,health/seed456/equalized/fnf_extended_gamma0.5_prior-gmm_blocks4,80,256,0.001,0.0,"[100, 100, 50]",0,10,0.05,10.0,10,"[50, 50]",4,80,4,gmm,4
health,456,equalized,fnf,continuous,,0.5,extended,,False,model seed = shard seed; splits fixed,,,,"[100, 50, 20]",,,,"[50, 50]",80,0.01,0.0,health/seed456/equalized/fnf_extended_gamma0.5_prior-gmm_blocks6,80,256,0.001,0.0,"[100, 100, 50]",0,10,0.05,10.0,10,"[50, 50]",4,80,4,gmm,6
health,456,equalized,fnf,continuous,,0.95,extended,,False,model seed = shard seed; splits fixed,,,,"[100, 50, 20]",,,,"[50, 50]",80,0.01,0.0,health/seed456/equalized/fnf_extended_gamma0.95_prior-flow_blocks4,80,256,0.001,0.0,"[100, 100, 50]",0,10,0.05,10.0,10,"[50, 50]",4,80,4,flow,4
health,456,equalized,fnf,continuous,,0.95,extended,,False,model seed = shard seed; splits fixed,,,,"[100, 50, 20]",,,,"[50, 50]",80,0.01,0.0,health/seed456/equalized/fnf_extended_gamma0.95_prior-flow_blocks6,80,256,0.001,0.0,"[100, 100, 50]",0,10,0.05,10.0,10,"[50, 50]",4,80,4,flow,6
health,456,equalized,fnf,continuous,,0.95,extended,,False,model seed = shard seed; splits fixed,,,,"[100, 50, 20]",,,,"[50, 50]",80,0.01,0.0,health/seed456/equalized/fnf_extended_gamma0.95_prior-gmm_blocks4,80,256,0.001,0.0,"[100, 100, 50]",0,10,0.05,10.0,10,"[50, 50]",4,80,4,gmm,4
health,456,equalized,fnf,continuous,,0.95,extended,,False,model seed = shard seed; splits fixed,,,,"[100, 50, 20]",,,,"[50, 50]",80,0.01,0.0,health/seed456/equalized/fnf_extended_gamma0.95_prior-gmm_blocks6,80,256,0.001,0.0,"[100, 100, 50]",0,10,0.05,10.0,10,"[50, 50]",4,80,4,gmm,6
health,456,equalized,fnf,continuous,,0.0,extended,,False,model seed = shard seed; splits fixed,,,,"[100, 50, 20]",,,,"[50, 50]",80,0.01,0.0,health/seed456/equalized/fnf_extended_gamma0_prior-flow_blocks4,80,256,0.001,0.0,"[100, 100, 50]",0,10,0.05,10.0,10,"[50, 50]",4,80,4,flow,4
health,456,equalized,fnf,continuous,,0.0,extended,,False,model seed = shard seed; splits fixed,,,,"[100, 50, 20]",,,,"[50, 50]",80,0.01,0.0,health/seed456/equalized/fnf_extended_gamma0_prior-flow_blocks6,80,256,0.001,0.0,"[100, 100, 50]",0,10,0.05,10.0,10,"[50, 50]",4,80,4,flow,6
health,456,equalized,fnf,continuous,,0.0,extended,,False,model seed = shard seed; splits fixed,,,,"[100, 50, 20]",,,,"[50, 50]",80,0.01,0.0,health/seed456/equalized/fnf_extended_gamma0_prior-gmm_blocks4,80,256,0.001,0.0,"[100, 100, 50]",0,10,0.05,10.0,10,"[50, 50]",4,80,4,gmm,4
health,456,equalized,fnf,continuous,,0.0,extended,,False,model seed = shard seed; splits fixed,,,,"[100, 50, 20]",,,,"[50, 50]",80,0.01,0.0,health/seed456/equalized/fnf_extended_gamma0_prior-gmm_blocks6,80,256,0.001,0.0,"[100, 100, 50]",0,10,0.05,10.0,10,"[50, 50]",4,80,4,gmm,6
health,456,natural,erm,,,,core,,False,model seed = shard seed; splits fixed,,,,"[100, 50, 20]",,,,"[50, 50]",80,0.01,0.0,health/seed456/natural/erm_core,80,256,0.001,0.0,"[100, 100, 50]",0,10,0.05,10.0,10,"[50, 50]",4,80,4,,
health,456,natural,erm,,,,extended,,False,model seed = shard seed; splits fixed,,,,"[100, 50, 20]",,,,"[50, 50]",80,0.01,0.0,health/seed456/natural/erm_extended,80,256,0.001,0.0,"[100, 100, 50]",0,10,0.05,10.0,10,"[50, 50]",4,80,4,,
health,456,natural,fnf,continuous,,0.05,core,,False,model seed = shard seed; splits fixed,,,,"[100, 50, 20]",,,,"[50, 50]",80,0.01,0.0,health/seed456/natural/fnf_core_gamma0.05_prior-flow_blocks4,80,256,0.001,0.0,"[100, 100, 50]",0,10,0.05,10.0,10,"[50, 50]",4,80,4,flow,4
health,456,natural,fnf,continuous,,0.05,core,,False,model seed = shard seed; splits fixed,,,,"[100, 50, 20]",,,,"[50, 50]",80,0.01,0.0,health/seed456/natural/fnf_core_gamma0.05_prior-flow_blocks6,80,256,0.001,0.0,"[100, 100, 50]",0,10,0.05,10.0,10,"[50, 50]",4,80,4,flow,6
health,456,natural,fnf,continuous,,0.05,core,,False,model seed = shard seed; splits fixed,,,,"[100, 50, 20]",,,,"[50, 50]",80,0.01,0.0,health/seed456/natural/fnf_core_gamma0.05_prior-gmm_blocks4,80,256,0.001,0.0,"[100, 100, 50]",0,10,0.05,10.0,10,"[50, 50]",4,80,4,gmm,4
health,456,natural,fnf,continuous,,0.05,core,,False,model seed = shard seed; splits fixed,,,,"[100, 50, 20]",,,,"[50, 50]",80,0.01,0.0,health/seed456/natural/fnf_core_gamma0.05_prior-gmm_blocks6,80,256,0.001,0.0,"[100, 100, 50]",0,10,0.05,10.0,10,"[50, 50]",4,80,4,gmm,6
health,456,natural,fnf,continuous,,0.1,core,,False,model seed = shard seed; splits fixed,,,,"[100, 50, 20]",,,,"[50, 50]",80,0.01,0.0,health/seed456/natural/fnf_core_gamma0.1_prior-flow_blocks4,80,256,0.001,0.0,"[100, 100, 50]",0,10,0.05,10.0,10,"[50, 50]",4,80,4,flow,4
health,456,natural,fnf,continuous,,0.1,core,,False,model seed = shard seed; splits fixed,,,,"[100, 50, 20]",,,,"[50, 50]",80,0.01,0.0,health/seed456/natural/fnf_core_gamma0.1_prior-flow_blocks6,80,256,0.001,0.0,"[100, 100, 50]",0,10,0.05,10.0,10,"[50, 50]",4,80,4,flow,6
health,456,natural,fnf,continuous,,0.1,core,,False,model seed = shard seed; splits fixed,,,,"[100, 50, 20]",,,,"[50, 50]",80,0.01,0.0,health/seed456/natural/fnf_core_gamma0.1_prior-gmm_blocks4,80,256,0.001,0.0,"[100, 100, 50]",0,10,0.05,10.0,10,"[50, 50]",4,80,4,gmm,4
health,456,natural,fnf,continuous,,0.1,core,,False,model seed = shard seed; splits fixed,,,,"[100, 50, 20]",,,,"[50, 50]",80,0.01,0.0,health/seed456/natural/fnf_core_gamma0.1_prior-gmm_blocks6,80,256,0.001,0.0,"[100, 100, 50]",0,10,0.05,10.0,10,"[50, 50]",4,80,4,gmm,6
health,456,natural,fnf,continuous,,0.5,core,,False,model seed = shard seed; splits fixed,,,,"[100, 50, 20]",,,,"[50, 50]",80,0.01,0.0,health/seed456/natural/fnf_core_gamma0.5_prior-flow_blocks4,80,256,0.001,0.0,"[100, 100, 50]",0,10,0.05,10.0,10,"[50, 50]",4,80,4,flow,4
health,456,natural,fnf,continuous,,0.5,core,,False,model seed = shard seed; splits fixed,,,,"[100, 50, 20]",,,,"[50, 50]",80,0.01,0.0,health/seed456/natural/fnf_core_gamma0.5_prior-flow_blocks6,80,256,0.001,0.0,"[100, 100, 50]",0,10,0.05,10.0,10,"[50, 50]",4,80,4,flow,6
health,456,natural,fnf,continuous,,0.5,core,,False,model seed = shard seed; splits fixed,,,,"[100, 50, 20]",,,,"[50, 50]",80,0.01,0.0,health/seed456/natural/fnf_core_gamma0.5_prior-gmm_blocks4,80,256,0.001,0.0,"[100, 100, 50]",0,10,0.05,10.0,10,"[50, 50]",4,80,4,gmm,4
health,456,natural,fnf,continuous,,0.5,core,,False,model seed = shard seed; splits fixed,,,,"[100, 50, 20]",,,,"[50, 50]",80,0.01,0.0,health/seed456/natural/fnf_core_gamma0.5_prior-gmm_blocks6,80,256,0.001,0.0,"[100, 100, 50]",0,10,0.05,10.0,10,"[50, 50]",4,80,4,gmm,6
health,456,natural,fnf,continuous,,0.95,core,,False,model seed = shard seed; splits fixed,,,,"[100, 50, 20]",,,,"[50, 50]",80,0.01,0.0,health/seed456/natural/fnf_core_gamma0.95_prior-flow_blocks4,80,256,0.001,0.0,"[100, 100, 50]",0,10,0.05,10.0,10,"[50, 50]",4,80,4,flow,4
health,456,natural,fnf,continuous,,0.95,core,,False,model seed = shard seed; splits fixed,,,,"[100, 50, 20]",,,,"[50, 50]",80,0.01,0.0,health/seed456/natural/fnf_core_gamma0.95_prior-flow_blocks6,80,256,0.001,0.0,"[100, 100, 50]",0,10,0.05,10.0,10,"[50, 50]",4,80,4,flow,6
health,456,natural,fnf,continuous,,0.95,core,,False,model seed = shard seed; splits fixed,,,,"[100, 50, 20]",,,,"[50, 50]",80,0.01,0.0,health/seed456/natural/fnf_core_gamma0.95_prior-gmm_blocks4,80,256,0.001,0.0,"[100, 100, 50]",0,10,0.05,10.0,10,"[50, 50]",4,80,4,gmm,4
health,456,natural,fnf,continuous,,0.95,core,,False,model seed = shard seed; splits fixed,,,,"[100, 50, 20]",,,,"[50, 50]",80,0.01,0.0,health/seed456/natural/fnf_core_gamma0.95_prior-gmm_blocks6,80,256,0.001,0.0,"[100, 100, 50]",0,10,0.05,10.0,10,"[50, 50]",4,80,4,gmm,6
health,456,natural,fnf,continuous,,0.0,core,,False,model seed = shard seed; splits fixed,,,,"[100, 50, 20]",,,,"[50, 50]",80,0.01,0.0,health/seed456/natural/fnf_core_gamma0_prior-flow_blocks4,80,256,0.001,0.0,"[100, 100, 50]",0,10,0.05,10.0,10,"[50, 50]",4,80,4,flow,4
health,456,natural,fnf,continuous,,0.0,core,,False,model seed = shard seed; splits fixed,,,,"[100, 50, 20]",,,,"[50, 50]",80,0.01,0.0,health/seed456/natural/fnf_core_gamma0_prior-flow_blocks6,80,256,0.001,0.0,"[100, 100, 50]",0,10,0.05,10.0,10,"[50, 50]",4,80,4,flow,6
health,456,natural,fnf,continuous,,0.0,core,,False,model seed = shard seed; splits fixed,,,,"[100, 50, 20]",,,,"[50, 50]",80,0.01,0.0,health/seed456/natural/fnf_core_gamma0_prior-gmm_blocks4,80,256,0.001,0.0,"[100, 100, 50]",0,10,0.05,10.0,10,"[50, 50]",4,80,4,gmm,4
health,456,natural,fnf,continuous,,0.0,core,,False,model seed = shard seed; splits fixed,,,,"[100, 50, 20]",,,,"[50, 50]",80,0.01,0.0,health/seed456/natural/fnf_core_gamma0_prior-gmm_blocks6,80,256,0.001,0.0,"[100, 100, 50]",0,10,0.05,10.0,10,"[50, 50]",4,80,4,gmm,6
health,456,natural,fnf,continuous,,0.05,extended,,False,model seed = shard seed; splits fixed,,,,"[100, 50, 20]",,,,"[50, 50]",80,0.01,0.0,health/seed456/natural/fnf_extended_gamma0.05_prior-flow_blocks4,80,256,0.001,0.0,"[100, 100, 50]",0,10,0.05,10.0,10,"[50, 50]",4,80,4,flow,4
health,456,natural,fnf,continuous,,0.05,extended,,False,model seed = shard seed; splits fixed,,,,"[100, 50, 20]",,,,"[50, 50]",80,0.01,0.0,health/seed456/natural/fnf_extended_gamma0.05_prior-flow_blocks6,80,256,0.001,0.0,"[100, 100, 50]",0,10,0.05,10.0,10,"[50, 50]",4,80,4,flow,6
health,456,natural,fnf,continuous,,0.05,extended,,False,model seed = shard seed; splits fixed,,,,"[100, 50, 20]",,,,"[50, 50]",80,0.01,0.0,health/seed456/natural/fnf_extended_gamma0.05_prior-gmm_blocks4,80,256,0.001,0.0,"[100, 100, 50]",0,10,0.05,10.0,10,"[50, 50]",4,80,4,gmm,4
health,456,natural,fnf,continuous,,0.05,extended,,False,model seed = shard seed; splits fixed,,,,"[100, 50, 20]",,,,"[50, 50]",80,0.01,0.0,health/seed456/natural/fnf_extended_gamma0.05_prior-gmm_blocks6,80,256,0.001,0.0,"[100, 100, 50]",0,10,0.05,10.0,10,"[50, 50]",4,80,4,gmm,6
health,456,natural,fnf,continuous,,0.1,extended,,False,model seed = shard seed; splits fixed,,,,"[100, 50, 20]",,,,"[50, 50]",80,0.01,0.0,health/seed456/natural/fnf_extended_gamma0.1_prior-flow_blocks4,80,256,0.001,0.0,"[100, 100, 50]",0,10,0.05,10.0,10,"[50, 50]",4,80,4,flow,4
health,456,natural,fnf,continuous,,0.1,extended,,False,model seed = shard seed; splits fixed,,,,"[100, 50, 20]",,,,"[50, 50]",80,0.01,0.0,health/seed456/natural/fnf_extended_gamma0.1_prior-flow_blocks6,80,256,0.001,0.0,"[100, 100, 50]",0,10,0.05,10.0,10,"[50, 50]",4,80,4,flow,6
health,456,natural,fnf,continuous,,0.1,extended,,False,model seed = shard seed; splits fixed,,,,"[100, 50, 20]",,,,"[50, 50]",80,0.01,0.0,health/seed456/natural/fnf_extended_gamma0.1_prior-gmm_blocks4,80,256,0.001,0.0,"[100, 100, 50]",0,10,0.05,10.0,10,"[50, 50]",4,80,4,gmm,4
health,456,natural,fnf,continuous,,0.1,extended,,False,model seed = shard seed; splits fixed,,,,"[100, 50, 20]",,,,"[50, 50]",80,0.01,0.0,health/seed456/natural/fnf_extended_gamma0.1_prior-gmm_blocks6,80,256,0.001,0.0,"[100, 100, 50]",0,10,0.05,10.0,10,"[50, 50]",4,80,4,gmm,6
health,456,natural,fnf,continuous,,0.5,extended,,False,model seed = shard seed; splits fixed,,,,"[100, 50, 20]",,,,"[50, 50]",80,0.01,0.0,health/seed456/natural/fnf_extended_gamma0.5_prior-flow_blocks4,80,256,0.001,0.0,"[100, 100, 50]",0,10,0.05,10.0,10,"[50, 50]",4,80,4,flow,4
health,456,natural,fnf,continuous,,0.5,extended,,False,model seed = shard seed; splits fixed,,,,"[100, 50, 20]",,,,"[50, 50]",80,0.01,0.0,health/seed456/natural/fnf_extended_gamma0.5_prior-flow_blocks6,80,256,0.001,0.0,"[100, 100, 50]",0,10,0.05,10.0,10,"[50, 50]",4,80,4,flow,6
health,456,natural,fnf,continuous,,0.5,extended,,False,model seed = shard seed; splits fixed,,,,"[100, 50, 20]",,,,"[50, 50]",80,0.01,0.0,health/seed456/natural/fnf_extended_gamma0.5_prior-gmm_blocks4,80,256,0.001,0.0,"[100, 100, 50]",0,10,0.05,10.0,10,"[50, 50]",4,80,4,gmm,4
health,456,natural,fnf,continuous,,0.5,extended,,False,model seed = shard seed; splits fixed,,,,"[100, 50, 20]",,,,"[50, 50]",80,0.01,0.0,health/seed456/natural/fnf_extended_gamma0.5_prior-gmm_blocks6,80,256,0.001,0.0,"[100, 100, 50]",0,10,0.05,10.0,10,"[50, 50]",4,80,4,gmm,6
health,456,natural,fnf,continuous,,0.95,extended,,False,model seed = shard seed; splits fixed,,,,"[100, 50, 20]",,,,"[50, 50]",80,0.01,0.0,health/seed456/natural/fnf_extended_gamma0.95_prior-flow_blocks4,80,256,0.001,0.0,"[100, 100, 50]",0,10,0.05,10.0,10,"[50, 50]",4,80,4,flow,4
health,456,natural,fnf,continuous,,0.95,extended,,False,model seed = shard seed; splits fixed,,,,"[100, 50, 20]",,,,"[50, 50]",80,0.01,0.0,health/seed456/natural/fnf_extended_gamma0.95_prior-flow_blocks6,80,256,0.001,0.0,"[100, 100, 50]",0,10,0.05,10.0,10,"[50, 50]",4,80,4,flow,6
health,456,natural,fnf,continuous,,0.95,extended,,False,model seed = shard seed; splits fixed,,,,"[100, 50, 20]",,,,"[50, 50]",80,0.01,0.0,health/seed456/natural/fnf_extended_gamma0.95_prior-gmm_blocks4,80,256,0.001,0.0,"[100, 100, 50]",0,10,0.05,10.0,10,"[50, 50]",4,80,4,gmm,4
health,456,natural,fnf,continuous,,0.95,extended,,False,model seed = shard seed; splits fixed,,,,"[100, 50, 20]",,,,"[50, 50]",80,0.01,0.0,health/seed456/natural/fnf_extended_gamma0.95_prior-gmm_blocks6,80,256,0.001,0.0,"[100, 100, 50]",0,10,0.05,10.0,10,"[50, 50]",4,80,4,gmm,6
health,456,natural,fnf,continuous,,0.0,extended,,False,model seed = shard seed; splits fixed,,,,"[100, 50, 20]",,,,"[50, 50]",80,0.01,0.0,health/seed456/natural/fnf_extended_gamma0_prior-flow_blocks4,80,256,0.001,0.0,"[100, 100, 50]",0,10,0.05,10.0,10,"[50, 50]",4,80,4,flow,4
health,456,natural,fnf,continuous,,0.0,extended,,False,model seed = shard seed; splits fixed,,,,"[100, 50, 20]",,,,"[50, 50]",80,0.01,0.0,health/seed456/natural/fnf_extended_gamma0_prior-flow_blocks6,80,256,0.001,0.0,"[100, 100, 50]",0,10,0.05,10.0,10,"[50, 50]",4,80,4,flow,6
health,456,natural,fnf,continuous,,0.0,extended,,False,model seed = shard seed; splits fixed,,,,"[100, 50, 20]",,,,"[50, 50]",80,0.01,0.0,health/seed456/natural/fnf_extended_gamma0_prior-gmm_blocks4,80,256,0.001,0.0,"[100, 100, 50]",0,10,0.05,10.0,10,"[50, 50]",4,80,4,gmm,4
health,456,natural,fnf,continuous,,0.0,extended,,False,model seed = shard seed; splits fixed,,,,"[100, 50, 20]",,,,"[50, 50]",80,0.01,0.0,health/seed456/natural/fnf_extended_gamma0_prior-gmm_blocks6,80,256,0.001,0.0,"[100, 100, 50]",0,10,0.05,10.0,10,"[50, 50]",4,80,4,gmm,6
health,456,shift50,erm,,,,core,,False,model seed = shard seed; splits fixed,,,,"[100, 50, 20]",,,,"[50, 50]",80,0.01,0.0,health/seed456/shift50/erm_core,80,256,0.001,0.0,"[100, 100, 50]",0,10,0.05,10.0,10,"[50, 50]",4,80,4,,
health,456,shift50,erm,,,,extended,,False,model seed = shard seed; splits fixed,,,,"[100, 50, 20]",,,,"[50, 50]",80,0.01,0.0,health/seed456/shift50/erm_extended,80,256,0.001,0.0,"[100, 100, 50]",0,10,0.05,10.0,10,"[50, 50]",4,80,4,,
health,456,shift50,fnf,continuous,,0.05,core,,False,model seed = shard seed; splits fixed,,,,"[100, 50, 20]",,,,"[50, 50]",80,0.01,0.0,health/seed456/shift50/fnf_core_gamma0.05_prior-flow_blocks4,80,256,0.001,0.0,"[100, 100, 50]",0,10,0.05,10.0,10,"[50, 50]",4,80,4,flow,4
health,456,shift50,fnf,continuous,,0.05,core,,False,model seed = shard seed; splits fixed,,,,"[100, 50, 20]",,,,"[50, 50]",80,0.01,0.0,health/seed456/shift50/fnf_core_gamma0.05_prior-flow_blocks6,80,256,0.001,0.0,"[100, 100, 50]",0,10,0.05,10.0,10,"[50, 50]",4,80,4,flow,6
health,456,shift50,fnf,continuous,,0.05,core,,False,model seed = shard seed; splits fixed,,,,"[100, 50, 20]",,,,"[50, 50]",80,0.01,0.0,health/seed456/shift50/fnf_core_gamma0.05_prior-gmm_blocks4,80,256,0.001,0.0,"[100, 100, 50]",0,10,0.05,10.0,10,"[50, 50]",4,80,4,gmm,4
health,456,shift50,fnf,continuous,,0.05,core,,False,model seed = shard seed; splits fixed,,,,"[100, 50, 20]",,,,"[50, 50]",80,0.01,0.0,health/seed456/shift50/fnf_core_gamma0.05_prior-gmm_blocks6,80,256,0.001,0.0,"[100, 100, 50]",0,10,0.05,10.0,10,"[50, 50]",4,80,4,gmm,6
health,456,shift50,fnf,continuous,,0.1,core,,False,model seed = shard seed; splits fixed,,,,"[100, 50, 20]",,,,"[50, 50]",80,0.01,0.0,health/seed456/shift50/fnf_core_gamma0.1_prior-flow_blocks4,80,256,0.001,0.0,"[100, 100, 50]",0,10,0.05,10.0,10,"[50, 50]",4,80,4,flow,4
health,456,shift50,fnf,continuous,,0.1,core,,False,model seed = shard seed; splits fixed,,,,"[100, 50, 20]",,,,"[50, 50]",80,0.01,0.0,health/seed456/shift50/fnf_core_gamma0.1_prior-flow_blocks6,80,256,0.001,0.0,"[100, 100, 50]",0,10,0.05,10.0,10,"[50, 50]",4,80,4,flow,6
health,456,shift50,fnf,continuous,,0.1,core,,False,model seed = shard seed; splits fixed,,,,"[100, 50, 20]",,,,"[50, 50]",80,0.01,0.0,health/seed456/shift50/fnf_core_gamma0.1_prior-gmm_blocks4,80,256,0.001,0.0,"[100, 100, 50]",0,10,0.05,10.0,10,"[50, 50]",4,80,4,gmm,4
health,456,shift50,fnf,continuous,,0.1,core,,False,model seed = shard seed; splits fixed,,,,"[100, 50, 20]",,,,"[50, 50]",80,0.01,0.0,health/seed456/shift50/fnf_core_gamma0.1_prior-gmm_blocks6,80,256,0.001,0.0,"[100, 100, 50]",0,10,0.05,10.0,10,"[50, 50]",4,80,4,gmm,6
health,456,shift50,fnf,continuous,,0.5,core,,False,model seed = shard seed; splits fixed,,,,"[100, 50, 20]",,,,"[50, 50]",80,0.01,0.0,health/seed456/shift50/fnf_core_gamma0.5_prior-flow_blocks4,80,256,0.001,0.0,"[100, 100, 50]",0,10,0.05,10.0,10,"[50, 50]",4,80,4,flow,4
health,456,shift50,fnf,continuous,,0.5,core,,False,model seed = shard seed; splits fixed,,,,"[100, 50, 20]",,,,"[50, 50]",80,0.01,0.0,health/seed456/shift50/fnf_core_gamma0.5_prior-flow_blocks6,80,256,0.001,0.0,"[100, 100, 50]",0,10,0.05,10.0,10,"[50, 50]",4,80,4,flow,6
health,456,shift50,fnf,continuous,,0.5,core,,False,model seed = shard seed; splits fixed,,,,"[100, 50, 20]",,,,"[50, 50]",80,0.01,0.0,health/seed456/shift50/fnf_core_gamma0.5_prior-gmm_blocks4,80,256,0.001,0.0,"[100, 100, 50]",0,10,0.05,10.0,10,"[50, 50]",4,80,4,gmm,4
health,456,shift50,fnf,continuous,,0.5,core,,False,model seed = shard seed; splits fixed,,,,"[100, 50, 20]",,,,"[50, 50]",80,0.01,0.0,health/seed456/shift50/fnf_core_gamma0.5_prior-gmm_blocks6,80,256,0.001,0.0,"[100, 100, 50]",0,10,0.05,10.0,10,"[50, 50]",4,80,4,gmm,6
health,456,shift50,fnf,continuous,,0.95,core,,False,model seed = shard seed; splits fixed,,,,"[100, 50, 20]",,,,"[50, 50]",80,0.01,0.0,health/seed456/shift50/fnf_core_gamma0.95_prior-flow_blocks4,80,256,0.001,0.0,"[100, 100, 50]",0,10,0.05,10.0,10,"[50, 50]",4,80,4,flow,4
health,456,shift50,fnf,continuous,,0.95,core,,False,model seed = shard seed; splits fixed,,,,"[100, 50, 20]",,,,"[50, 50]",80,0.01,0.0,health/seed456/shift50/fnf_core_gamma0.95_prior-flow_blocks6,80,256,0.001,0.0,"[100, 100, 50]",0,10,0.05,10.0,10,"[50, 50]",4,80,4,flow,6
health,456,shift50,fnf,continuous,,0.95,core,,False,model seed = shard seed; splits fixed,,,,"[100, 50, 20]",,,,"[50, 50]",80,0.01,0.0,health/seed456/shift50/fnf_core_gamma0.95_prior-gmm_blocks4,80,256,0.001,0.0,"[100, 100, 50]",0,10,0.05,10.0,10,"[50, 50]",4,80,4,gmm,4
health,456,shift50,fnf,continuous,,0.95,core,,False,model seed = shard seed; splits fixed,,,,"[100, 50, 20]",,,,"[50, 50]",80,0.01,0.0,health/seed456/shift50/fnf_core_gamma0.95_prior-gmm_blocks6,80,256,0.001,0.0,"[100, 100, 50]",0,10,0.05,10.0,10,"[50, 50]",4,80,4,gmm,6
health,456,shift50,fnf,continuous,,0.0,core,,False,model seed = shard seed; splits fixed,,,,"[100, 50, 20]",,,,"[50, 50]",80,0.01,0.0,health/seed456/shift50/fnf_core_gamma0_prior-flow_blocks4,80,256,0.001,0.0,"[100, 100, 50]",0,10,0.05,10.0,10,"[50, 50]",4,80,4,flow,4
health,456,shift50,fnf,continuous,,0.0,core,,False,model seed = shard seed; splits fixed,,,,"[100, 50, 20]",,,,"[50, 50]",80,0.01,0.0,health/seed456/shift50/fnf_core_gamma0_prior-flow_blocks6,80,256,0.001,0.0,"[100, 100, 50]",0,10,0.05,10.0,10,"[50, 50]",4,80,4,flow,6
health,456,shift50,fnf,continuous,,0.0,core,,False,model seed = shard seed; splits fixed,,,,"[100, 50, 20]",,,,"[50, 50]",80,0.01,0.0,health/seed456/shift50/fnf_core_gamma0_prior-gmm_blocks4,80,256,0.001,0.0,"[100, 100, 50]",0,10,0.05,10.0,10,"[50, 50]",4,80,4,gmm,4
health,456,shift50,fnf,continuous,,0.0,core,,False,model seed = shard seed; splits fixed,,,,"[100, 50, 20]",,,,"[50, 50]",80,0.01,0.0,health/seed456/shift50/fnf_core_gamma0_prior-gmm_blocks6,80,256,0.001,0.0,"[100, 100, 50]",0,10,0.05,10.0,10,"[50, 50]",4,80,4,gmm,6
health,456,shift50,fnf,continuous,,0.05,extended,,False,model seed = shard seed; splits fixed,,,,"[100, 50, 20]",,,,"[50, 50]",80,0.01,0.0,health/seed456/shift50/fnf_extended_gamma0.05_prior-flow_blocks4,80,256,0.001,0.0,"[100, 100, 50]",0,10,0.05,10.0,10,"[50, 50]",4,80,4,flow,4
health,456,shift50,fnf,continuous,,0.05,extended,,False,model seed = shard seed; splits fixed,,,,"[100, 50, 20]",,,,"[50, 50]",80,0.01,0.0,health/seed456/shift50/fnf_extended_gamma0.05_prior-flow_blocks6,80,256,0.001,0.0,"[100, 100, 50]",0,10,0.05,10.0,10,"[50, 50]",4,80,4,flow,6
health,456,shift50,fnf,continuous,,0.05,extended,,False,model seed = shard seed; splits fixed,,,,"[100, 50, 20]",,,,"[50, 50]",80,0.01,0.0,health/seed456/shift50/fnf_extended_gamma0.05_prior-gmm_blocks4,80,256,0.001,0.0,"[100, 100, 50]",0,10,0.05,10.0,10,"[50, 50]",4,80,4,gmm,4
health,456,shift50,fnf,continuous,,0.05,extended,,False,model seed = shard seed; splits fixed,,,,"[100, 50, 20]",,,,"[50, 50]",80,0.01,0.0,health/seed456/shift50/fnf_extended_gamma0.05_prior-gmm_blocks6,80,256,0.001,0.0,"[100, 100, 50]",0,10,0.05,10.0,10,"[50, 50]",4,80,4,gmm,6
health,456,shift50,fnf,continuous,,0.1,extended,,False,model seed = shard seed; splits fixed,,,,"[100, 50, 20]",,,,"[50, 50]",80,0.01,0.0,health/seed456/shift50/fnf_extended_gamma0.1_prior-flow_blocks4,80,256,0.001,0.0,"[100, 100, 50]",0,10,0.05,10.0,10,"[50, 50]",4,80,4,flow,4
health,456,shift50,fnf,continuous,,0.1,extended,,False,model seed = shard seed; splits fixed,,,,"[100, 50, 20]",,,,"[50, 50]",80,0.01,0.0,health/seed456/shift50/fnf_extended_gamma0.1_prior-flow_blocks6,80,256,0.001,0.0,"[100, 100, 50]",0,10,0.05,10.0,10,"[50, 50]",4,80,4,flow,6
health,456,shift50,fnf,continuous,,0.1,extended,,False,model seed = shard seed; splits fixed,,,,"[100, 50, 20]",,,,"[50, 50]",80,0.01,0.0,health/seed456/shift50/fnf_extended_gamma0.1_prior-gmm_blocks4,80,256,0.001,0.0,"[100, 100, 50]",0,10,0.05,10.0,10,"[50, 50]",4,80,4,gmm,4
health,456,shift50,fnf,continuous,,0.1,extended,,False,model seed = shard seed; splits fixed,,,,"[100, 50, 20]",,,,"[50, 50]",80,0.01,0.0,health/seed456/shift50/fnf_extended_gamma0.1_prior-gmm_blocks6,80,256,0.001,0.0,"[100, 100, 50]",0,10,0.05,10.0,10,"[50, 50]",4,80,4,gmm,6
health,456,shift50,fnf,continuous,,0.5,extended,,False,model seed = shard seed; splits fixed,,,,"[100, 50, 20]",,,,"[50, 50]",80,0.01,0.0,health/seed456/shift50/fnf_extended_gamma0.5_prior-flow_blocks4,80,256,0.001,0.0,"[100, 100, 50]",0,10,0.05,10.0,10,"[50, 50]",4,80,4,flow,4
health,456,shift50,fnf,continuous,,0.5,extended,,False,model seed = shard seed; splits fixed,,,,"[100, 50, 20]",,,,"[50, 50]",80,0.01,0.0,health/seed456/shift50/fnf_extended_gamma0.5_prior-flow_blocks6,80,256,0.001,0.0,"[100, 100, 50]",0,10,0.05,10.0,10,"[50, 50]",4,80,4,flow,6
health,456,shift50,fnf,continuous,,0.5,extended,,False,model seed = shard seed; splits fixed,,,,"[100, 50, 20]",,,,"[50, 50]",80,0.01,0.0,health/seed456/shift50/fnf_extended_gamma0.5_prior-gmm_blocks4,80,256,0.001,0.0,"[100, 100, 50]",0,10,0.05,10.0,10,"[50, 50]",4,80,4,gmm,4
health,456,shift50,fnf,continuous,,0.5,extended,,False,model seed = shard seed; splits fixed,,,,"[100, 50, 20]",,,,"[50, 50]",80,0.01,0.0,health/seed456/shift50/fnf_extended_gamma0.5_prior-gmm_blocks6,80,256,0.001,0.0,"[100, 100, 50]",0,10,0.05,10.0,10,"[50, 50]",4,80,4,gmm,6
health,456,shift50,fnf,continuous,,0.95,extended,,False,model seed = shard seed; splits fixed,,,,"[100, 50, 20]",,,,"[50, 50]",80,0.01,0.0,health/seed456/shift50/fnf_extended_gamma0.95_prior-flow_blocks4,80,256,0.001,0.0,"[100, 100, 50]",0,10,0.05,10.0,10,"[50, 50]",4,80,4,flow,4
health,456,shift50,fnf,continuous,,0.95,extended,,False,model seed = shard seed; splits fixed,,,,"[100, 50, 20]",,,,"[50, 50]",80,0.01,0.0,health/seed456/shift50/fnf_extended_gamma0.95_prior-flow_blocks6,80,256,0.001,0.0,"[100, 100, 50]",0,10,0.05,10.0,10,"[50, 50]",4,80,4,flow,6
health,456,shift50,fnf,continuous,,0.95,extended,,False,model seed = shard seed; splits fixed,,,,"[100, 50, 20]",,,,"[50, 50]",80,0.01,0.0,health/seed456/shift50/fnf_extended_gamma0.95_prior-gmm_blocks4,80,256,0.001,0.0,"[100, 100, 50]",0,10,0.05,10.0,10,"[50, 50]",4,80,4,gmm,4
health,456,shift50,fnf,continuous,,0.95,extended,,False,model seed = shard seed; splits fixed,,,,"[100, 50, 20]",,,,"[50, 50]",80,0.01,0.0,health/seed456/shift50/fnf_extended_gamma0.95_prior-gmm_blocks6,80,256,0.001,0.0,"[100, 100, 50]",0,10,0.05,10.0,10,"[50, 50]",4,80,4,gmm,6
health,456,shift50,fnf,continuous,,0.0,extended,,False,model seed = shard seed; splits fixed,,,,"[100, 50, 20]",,,,"[50, 50]",80,0.01,0.0,health/seed456/shift50/fnf_extended_gamma0_prior-flow_blocks4,80,256,0.001,0.0,"[100, 100, 50]",0,10,0.05,10.0,10,"[50, 50]",4,80,4,flow,4
health,456,shift50,fnf,continuous,,0.0,extended,,False,model seed = shard seed; splits fixed,,,,"[100, 50, 20]",,,,"[50, 50]",80,0.01,0.0,health/seed456/shift50/fnf_extended_gamma0_prior-flow_blocks6,80,256,0.001,0.0,"[100, 100, 50]",0,10,0.05,10.0,10,"[50, 50]",4,80,4,flow,6
health,456,shift50,fnf,continuous,,0.0,extended,,False,model seed = shard seed; splits fixed,,,,"[100, 50, 20]",,,,"[50, 50]",80,0.01,0.0,health/seed456/shift50/fnf_extended_gamma0_prior-gmm_blocks4,80,256,0.001,0.0,"[100, 100, 50]",0,10,0.05,10.0,10,"[50, 50]",4,80,4,gmm,4
health,456,shift50,fnf,continuous,,0.0,extended,,False,model seed = shard seed; splits fixed,,,,"[100, 50, 20]",,,,"[50, 50]",80,0.01,0.0,health/seed456/shift50/fnf_extended_gamma0_prior-gmm_blocks6,80,256,0.001,0.0,"[100, 100, 50]",0,10,0.05,10.0,10,"[50, 50]",4,80,4,gmm,6
health,456,shift75,erm,,,,core,,False,model seed = shard seed; splits fixed,,,,"[100, 50, 20]",,,,"[50, 50]",80,0.01,0.0,health/seed456/shift75/erm_core,80,256,0.001,0.0,"[100, 100, 50]",0,10,0.05,10.0,10,"[50, 50]",4,80,4,,
health,456,shift75,erm,,,,extended,,False,model seed = shard seed; splits fixed,,,,"[100, 50, 20]",,,,"[50, 50]",80,0.01,0.0,health/seed456/shift75/erm_extended,80,256,0.001,0.0,"[100, 100, 50]",0,10,0.05,10.0,10,"[50, 50]",4,80,4,,
health,456,shift75,fnf,continuous,,0.05,core,,False,model seed = shard seed; splits fixed,,,,"[100, 50, 20]",,,,"[50, 50]",80,0.01,0.0,health/seed456/shift75/fnf_core_gamma0.05_prior-flow_blocks4,80,256,0.001,0.0,"[100, 100, 50]",0,10,0.05,10.0,10,"[50, 50]",4,80,4,flow,4
health,456,shift75,fnf,continuous,,0.05,core,,False,model seed = shard seed; splits fixed,,,,"[100, 50, 20]",,,,"[50, 50]",80,0.01,0.0,health/seed456/shift75/fnf_core_gamma0.05_prior-flow_blocks6,80,256,0.001,0.0,"[100, 100, 50]",0,10,0.05,10.0,10,"[50, 50]",4,80,4,flow,6
health,456,shift75,fnf,continuous,,0.05,core,,False,model seed = shard seed; splits fixed,,,,"[100, 50, 20]",,,,"[50, 50]",80,0.01,0.0,health/seed456/shift75/fnf_core_gamma0.05_prior-gmm_blocks4,80,256,0.001,0.0,"[100, 100, 50]",0,10,0.05,10.0,10,"[50, 50]",4,80,4,gmm,4
health,456,shift75,fnf,continuous,,0.05,core,,False,model seed = shard seed; splits fixed,,,,"[100, 50, 20]",,,,"[50, 50]",80,0.01,0.0,health/seed456/shift75/fnf_core_gamma0.05_prior-gmm_blocks6,80,256,0.001,0.0,"[100, 100, 50]",0,10,0.05,10.0,10,"[50, 50]",4,80,4,gmm,6
health,456,shift75,fnf,continuous,,0.1,core,,False,model seed = shard seed; splits fixed,,,,"[100, 50, 20]",,,,"[50, 50]",80,0.01,0.0,health/seed456/shift75/fnf_core_gamma0.1_prior-flow_blocks4,80,256,0.001,0.0,"[100, 100, 50]",0,10,0.05,10.0,10,"[50, 50]",4,80,4,flow,4
health,456,shift75,fnf,continuous,,0.1,core,,False,model seed = shard seed; splits fixed,,,,"[100, 50, 20]",,,,"[50, 50]",80,0.01,0.0,health/seed456/shift75/fnf_core_gamma0.1_prior-flow_blocks6,80,256,0.001,0.0,"[100, 100, 50]",0,10,0.05,10.0,10,"[50, 50]",4,80,4,flow,6
health,456,shift75,fnf,continuous,,0.1,core,,False,model seed = shard seed; splits fixed,,,,"[100, 50, 20]",,,,"[50, 50]",80,0.01,0.0,health/seed456/shift75/fnf_core_gamma0.1_prior-gmm_blocks4,80,256,0.001,0.0,"[100, 100, 50]",0,10,0.05,10.0,10,"[50, 50]",4,80,4,gmm,4
health,456,shift75,fnf,continuous,,0.1,core,,False,model seed = shard seed; splits fixed,,,,"[100, 50, 20]",,,,"[50, 50]",80,0.01,0.0,health/seed456/shift75/fnf_core_gamma0.1_prior-gmm_blocks6,80,256,0.001,0.0,"[100, 100, 50]",0,10,0.05,10.0,10,"[50, 50]",4,80,4,gmm,6
health,456,shift75,fnf,continuous,,0.5,core,,False,model seed = shard seed; splits fixed,,,,"[100, 50, 20]",,,,"[50, 50]",80,0.01,0.0,health/seed456/shift75/fnf_core_gamma0.5_prior-flow_blocks4,80,256,0.001,0.0,"[100, 100, 50]",0,10,0.05,10.0,10,"[50, 50]",4,80,4,flow,4
health,456,shift75,fnf,continuous,,0.5,core,,False,model seed = shard seed; splits fixed,,,,"[100, 50, 20]",,,,"[50, 50]",80,0.01,0.0,health/seed456/shift75/fnf_core_gamma0.5_prior-flow_blocks6,80,256,0.001,0.0,"[100, 100, 50]",0,10,0.05,10.0,10,"[50, 50]",4,80,4,flow,6
health,456,shift75,fnf,continuous,,0.5,core,,False,model seed = shard seed; splits fixed,,,,"[100, 50, 20]",,,,"[50, 50]",80,0.01,0.0,health/seed456/shift75/fnf_core_gamma0.5_prior-gmm_blocks4,80,256,0.001,0.0,"[100, 100, 50]",0,10,0.05,10.0,10,"[50, 50]",4,80,4,gmm,4
health,456,shift75,fnf,continuous,,0.5,core,,False,model seed = shard seed; splits fixed,,,,"[100, 50, 20]",,,,"[50, 50]",80,0.01,0.0,health/seed456/shift75/fnf_core_gamma0.5_prior-gmm_blocks6,80,256,0.001,0.0,"[100, 100, 50]",0,10,0.05,10.0,10,"[50, 50]",4,80,4,gmm,6
health,456,shift75,fnf,continuous,,0.95,core,,False,model seed = shard seed; splits fixed,,,,"[100, 50, 20]",,,,"[50, 50]",80,0.01,0.0,health/seed456/shift75/fnf_core_gamma0.95_prior-flow_blocks4,80,256,0.001,0.0,"[100, 100, 50]",0,10,0.05,10.0,10,"[50, 50]",4,80,4,flow,4
health,456,shift75,fnf,continuous,,0.95,core,,False,model seed = shard seed; splits fixed,,,,"[100, 50, 20]",,,,"[50, 50]",80,0.01,0.0,health/seed456/shift75/fnf_core_gamma0.95_prior-flow_blocks6,80,256,0.001,0.0,"[100, 100, 50]",0,10,0.05,10.0,10,"[50, 50]",4,80,4,flow,6
health,456,shift75,fnf,continuous,,0.95,core,,False,model seed = shard seed; splits fixed,,,,"[100, 50, 20]",,,,"[50, 50]",80,0.01,0.0,health/seed456/shift75/fnf_core_gamma0.95_prior-gmm_blocks4,80,256,0.001,0.0,"[100, 100, 50]",0,10,0.05,10.0,10,"[50, 50]",4,80,4,gmm,4
health,456,shift75,fnf,continuous,,0.95,core,,False,model seed = shard seed; splits fixed,,,,"[100, 50, 20]",,,,"[50, 50]",80,0.01,0.0,health/seed456/shift75/fnf_core_gamma0.95_prior-gmm_blocks6,80,256,0.001,0.0,"[100, 100, 50]",0,10,0.05,10.0,10,"[50, 50]",4,80,4,gmm,6
health,456,shift75,fnf,continuous,,0.0,core,,False,model seed = shard seed; splits fixed,,,,"[100, 50, 20]",,,,"[50, 50]",80,0.01,0.0,health/seed456/shift75/fnf_core_gamma0_prior-flow_blocks4,80,256,0.001,0.0,"[100, 100, 50]",0,10,0.05,10.0,10,"[50, 50]",4,80,4,flow,4
health,456,shift75,fnf,continuous,,0.0,core,,False,model seed = shard seed; splits fixed,,,,"[100, 50, 20]",,,,"[50, 50]",80,0.01,0.0,health/seed456/shift75/fnf_core_gamma0_prior-flow_blocks6,80,256,0.001,0.0,"[100, 100, 50]",0,10,0.05,10.0,10,"[50, 50]",4,80,4,flow,6
health,456,shift75,fnf,continuous,,0.0,core,,False,model seed = shard seed; splits fixed,,,,"[100, 50, 20]",,,,"[50, 50]",80,0.01,0.0,health/seed456/shift75/fnf_core_gamma0_prior-gmm_blocks4,80,256,0.001,0.0,"[100, 100, 50]",0,10,0.05,10.0,10,"[50, 50]",4,80,4,gmm,4
health,456,shift75,fnf,continuous,,0.0,core,,False,model seed = shard seed; splits fixed,,,,"[100, 50, 20]",,,,"[50, 50]",80,0.01,0.0,health/seed456/shift75/fnf_core_gamma0_prior-gmm_blocks6,80,256,0.001,0.0,"[100, 100, 50]",0,10,0.05,10.0,10,"[50, 50]",4,80,4,gmm,6
health,456,shift75,fnf,continuous,,0.05,extended,,False,model seed = shard seed; splits fixed,,,,"[100, 50, 20]",,,,"[50, 50]",80,0.01,0.0,health/seed456/shift75/fnf_extended_gamma0.05_prior-flow_blocks4,80,256,0.001,0.0,"[100, 100, 50]",0,10,0.05,10.0,10,"[50, 50]",4,80,4,flow,4
health,456,shift75,fnf,continuous,,0.05,extended,,False,model seed = shard seed; splits fixed,,,,"[100, 50, 20]",,,,"[50, 50]",80,0.01,0.0,health/seed456/shift75/fnf_extended_gamma0.05_prior-flow_blocks6,80,256,0.001,0.0,"[100, 100, 50]",0,10,0.05,10.0,10,"[50, 50]",4,80,4,flow,6
health,456,shift75,fnf,continuous,,0.05,extended,,False,model seed = shard seed; splits fixed,,,,"[100, 50, 20]",,,,"[50, 50]",80,0.01,0.0,health/seed456/shift75/fnf_extended_gamma0.05_prior-gmm_blocks4,80,256,0.001,0.0,"[100, 100, 50]",0,10,0.05,10.0,10,"[50, 50]",4,80,4,gmm,4
health,456,shift75,fnf,continuous,,0.05,extended,,False,model seed = shard seed; splits fixed,,,,"[100, 50, 20]",,,,"[50, 50]",80,0.01,0.0,health/seed456/shift75/fnf_extended_gamma0.05_prior-gmm_blocks6,80,256,0.001,0.0,"[100, 100, 50]",0,10,0.05,10.0,10,"[50, 50]",4,80,4,gmm,6
health,456,shift75,fnf,continuous,,0.1,extended,,False,model seed = shard seed; splits fixed,,,,"[100, 50, 20]",,,,"[50, 50]",80,0.01,0.0,health/seed456/shift75/fnf_extended_gamma0.1_prior-flow_blocks4,80,256,0.001,0.0,"[100, 100, 50]",0,10,0.05,10.0,10,"[50, 50]",4,80,4,flow,4
health,456,shift75,fnf,continuous,,0.1,extended,,False,model seed = shard seed; splits fixed,,,,"[100, 50, 20]",,,,"[50, 50]",80,0.01,0.0,health/seed456/shift75/fnf_extended_gamma0.1_prior-flow_blocks6,80,256,0.001,0.0,"[100, 100, 50]",0,10,0.05,10.0,10,"[50, 50]",4,80,4,flow,6
health,456,shift75,fnf,continuous,,0.1,extended,,False,model seed = shard seed; splits fixed,,,,"[100, 50, 20]",,,,"[50, 50]",80,0.01,0.0,health/seed456/shift75/fnf_extended_gamma0.1_prior-gmm_blocks4,80,256,0.001,0.0,"[100, 100, 50]",0,10,0.05,10.0,10,"[50, 50]",4,80,4,gmm,4
health,456,shift75,fnf,continuous,,0.1,extended,,False,model seed = shard seed; splits fixed,,,,"[100, 50, 20]",,,,"[50, 50]",80,0.01,0.0,health/seed456/shift75/fnf_extended_gamma0.1_prior-gmm_blocks6,80,256,0.001,0.0,"[100, 100, 50]",0,10,0.05,10.0,10,"[50, 50]",4,80,4,gmm,6
health,456,shift75,fnf,continuous,,0.5,extended,,False,model seed = shard seed; splits fixed,,,,"[100, 50, 20]",,,,"[50, 50]",80,0.01,0.0,health/seed456/shift75/fnf_extended_gamma0.5_prior-flow_blocks4,80,256,0.001,0.0,"[100, 100, 50]",0,10,0.05,10.0,10,"[50, 50]",4,80,4,flow,4
health,456,shift75,fnf,continuous,,0.5,extended,,False,model seed = shard seed; splits fixed,,,,"[100, 50, 20]",,,,"[50, 50]",80,0.01,0.0,health/seed456/shift75/fnf_extended_gamma0.5_prior-flow_blocks6,80,256,0.001,0.0,"[100, 100, 50]",0,10,0.05,10.0,10,"[50, 50]",4,80,4,flow,6
health,456,shift75,fnf,continuous,,0.5,extended,,False,model seed = shard seed; splits fixed,,,,"[100, 50, 20]",,,,"[50, 50]",80,0.01,0.0,health/seed456/shift75/fnf_extended_gamma0.5_prior-gmm_blocks4,80,256,0.001,0.0,"[100, 100, 50]",0,10,0.05,10.0,10,"[50, 50]",4,80,4,gmm,4
health,456,shift75,fnf,continuous,,0.5,extended,,False,model seed = shard seed; splits fixed,,,,"[100, 50, 20]",,,,"[50, 50]",80,0.01,0.0,health/seed456/shift75/fnf_extended_gamma0.5_prior-gmm_blocks6,80,256,0.001,0.0,"[100, 100, 50]",0,10,0.05,10.0,10,"[50, 50]",4,80,4,gmm,6
health,456,shift75,fnf,continuous,,0.95,extended,,False,model seed = shard seed; splits fixed,,,,"[100, 50, 20]",,,,"[50, 50]",80,0.01,0.0,health/seed456/shift75/fnf_extended_gamma0.95_prior-gmm_blocks4,80,256,0.001,0.0,"[100, 100, 50]",0,10,0.05,10.0,10,"[50, 50]",4,80,4,gmm,4
health,456,shift75,fnf,continuous,,0.0,extended,,False,model seed = shard seed; splits fixed,,,,"[100, 50, 20]",,,,"[50, 50]",80,0.01,0.0,health/seed456/shift75/fnf_extended_gamma0_prior-flow_blocks4,80,256,0.001,0.0,"[100, 100, 50]",0,10,0.05,10.0,10,"[50, 50]",4,80,4,flow,4
health,456,shift75,fnf,continuous,,0.0,extended,,False,model seed = shard seed; splits fixed,,,,"[100, 50, 20]",,,,"[50, 50]",80,0.01,0.0,health/seed456/shift75/fnf_extended_gamma0_prior-flow_blocks6,80,256,0.001,0.0,"[100, 100, 50]",0,10,0.05,10.0,10,"[50, 50]",4,80,4,flow,6
health,456,shift75,fnf,continuous,,0.0,extended,,False,model seed = shard seed; splits fixed,,,,"[100, 50, 20]",,,,"[50, 50]",80,0.01,0.0,health/seed456/shift75/fnf_extended_gamma0_prior-gmm_blocks4,80,256,0.001,0.0,"[100, 100, 50]",0,10,0.05,10.0,10,"[50, 50]",4,80,4,gmm,4
health,456,shift75,fnf,continuous,,0.0,extended,,False,model seed = shard seed; splits fixed,,,,"[100, 50, 20]",,,,"[50, 50]",80,0.01,0.0,health/seed456/shift75/fnf_extended_gamma0_prior-gmm_blocks6,80,256,0.001,0.0,"[100, 100, 50]",0,10,0.05,10.0,10,"[50, 50]",4,80,4,gmm,6
lawschool,123,equalized,erm,,,,extended6,,False,model seed = shard seed; splits fixed,,100,100,[20],0.001,0.0001,4,"[30, 30]",60,0.01,0.001,lawschool/seed123/equalized/erm_extended6,,,,,,,,,,,,,,,,
lawschool,123,equalized,erm,,,,paper2,,False,model seed = shard seed; splits fixed,,100,100,[20],0.001,0.0001,4,"[30, 30]",60,0.01,0.001,lawschool/seed123/equalized/erm_paper2,,,,,,,,,,,,,,,,
lawschool,123,equalized,fnf,categorical,,0.02,extended6,100,False,model seed = shard seed; splits fixed,1,100,100,[20],0.001,0.0001,4,"[30, 30]",60,0.01,0.001,lawschool/seed123/equalized/fnf_extended6_gamma0.02_made100,,,,,,,,,,,,,,,,
lawschool,123,equalized,fnf,categorical,,0.02,extended6,50,False,model seed = shard seed; splits fixed,1,100,100,[20],0.001,0.0001,4,"[30, 30]",60,0.01,0.001,lawschool/seed123/equalized/fnf_extended6_gamma0.02_made50,,,,,,,,,,,,,,,,
lawschool,123,equalized,fnf,categorical,,0.1,extended6,100,False,model seed = shard seed; splits fixed,1,100,100,[20],0.001,0.0001,4,"[30, 30]",60,0.01,0.001,lawschool/seed123/equalized/fnf_extended6_gamma0.1_made100,,,,,,,,,,,,,,,,
lawschool,123,equalized,fnf,categorical,,0.1,extended6,50,False,model seed = shard seed; splits fixed,1,100,100,[20],0.001,0.0001,4,"[30, 30]",60,0.01,0.001,lawschool/seed123/equalized/fnf_extended6_gamma0.1_made50,,,,,,,,,,,,,,,,
lawschool,123,equalized,fnf,categorical,,0.2,extended6,100,False,model seed = shard seed; splits fixed,1,100,100,[20],0.001,0.0001,4,"[30, 30]",60,0.01,0.001,lawschool/seed123/equalized/fnf_extended6_gamma0.2_made100,,,,,,,,,,,,,,,,
lawschool,123,equalized,fnf,categorical,,0.2,extended6,50,False,model seed = shard seed; splits fixed,1,100,100,[20],0.001,0.0001,4,"[30, 30]",60,0.01,0.001,lawschool/seed123/equalized/fnf_extended6_gamma0.2_made50,,,,,,,,,,,,,,,,
lawschool,123,equalized,fnf,categorical,,0.5,extended6,100,False,model seed = shard seed; splits fixed,1,100,100,[20],0.001,0.0001,4,"[30, 30]",60,0.01,0.001,lawschool/seed123/equalized/fnf_extended6_gamma0.5_made100,,,,,,,,,,,,,,,,
lawschool,123,equalized,fnf,categorical,,0.5,extended6,50,False,model seed = shard seed; splits fixed,1,100,100,[20],0.001,0.0001,4,"[30, 30]",60,0.01,0.001,lawschool/seed123/equalized/fnf_extended6_gamma0.5_made50,,,,,,,,,,,,,,,,
lawschool,123,equalized,fnf,categorical,,0.9,extended6,100,False,model seed = shard seed; splits fixed,1,100,100,[20],0.001,0.0001,4,"[30, 30]",60,0.01,0.001,lawschool/seed123/equalized/fnf_extended6_gamma0.9_made100,,,,,,,,,,,,,,,,
lawschool,123,equalized,fnf,categorical,,0.9,extended6,50,False,model seed = shard seed; splits fixed,1,100,100,[20],0.001,0.0001,4,"[30, 30]",60,0.01,0.001,lawschool/seed123/equalized/fnf_extended6_gamma0.9_made50,,,,,,,,,,,,,,,,
lawschool,123,equalized,fnf,categorical,,0.0,extended6,100,False,model seed = shard seed; splits fixed,1,100,100,[20],0.001,0.0001,4,"[30, 30]",60,0.01,0.001,lawschool/seed123/equalized/fnf_extended6_gamma0_made100,,,,,,,,,,,,,,,,
lawschool,123,equalized,fnf,categorical,,0.0,extended6,50,False,model seed = shard seed; splits fixed,1,100,100,[20],0.001,0.0001,4,"[30, 30]",60,0.01,0.001,lawschool/seed123/equalized/fnf_extended6_gamma0_made50,,,,,,,,,,,,,,,,
lawschool,123,equalized,fnf,categorical,,1.0,extended6,100,False,model seed = shard seed; splits fixed,1,100,100,[20],0.001,0.0001,4,"[30, 30]",60,0.01,0.001,lawschool/seed123/equalized/fnf_extended6_gamma1_made100,,,,,,,,,,,,,,,,
lawschool,123,equalized,fnf,categorical,,1.0,extended6,50,False,model seed = shard seed; splits fixed,1,100,100,[20],0.001,0.0001,4,"[30, 30]",60,0.01,0.001,lawschool/seed123/equalized/fnf_extended6_gamma1_made50,,,,,,,,,,,,,,,,
lawschool,123,equalized,fnf,categorical,,0.02,paper2,100,False,model seed = shard seed; splits fixed,1,100,100,[20],0.001,0.0001,4,"[30, 30]",60,0.01,0.001,lawschool/seed123/equalized/fnf_paper2_gamma0.02_made100,,,,,,,,,,,,,,,,
lawschool,123,equalized,fnf,categorical,,0.02,paper2,50,False,model seed = shard seed; splits fixed,1,100,100,[20],0.001,0.0001,4,"[30, 30]",60,0.01,0.001,lawschool/seed123/equalized/fnf_paper2_gamma0.02_made50,,,,,,,,,,,,,,,,
lawschool,123,equalized,fnf,categorical,,0.1,paper2,100,False,model seed = shard seed; splits fixed,1,100,100,[20],0.001,0.0001,4,"[30, 30]",60,0.01,0.001,lawschool/seed123/equalized/fnf_paper2_gamma0.1_made100,,,,,,,,,,,,,,,,
lawschool,123,equalized,fnf,categorical,,0.1,paper2,50,False,model seed = shard seed; splits fixed,1,100,100,[20],0.001,0.0001,4,"[30, 30]",60,0.01,0.001,lawschool/seed123/equalized/fnf_paper2_gamma0.1_made50,,,,,,,,,,,,,,,,
lawschool,123,equalized,fnf,categorical,,0.2,paper2,100,False,model seed = shard seed; splits fixed,1,100,100,[20],0.001,0.0001,4,"[30, 30]",60,0.01,0.001,lawschool/seed123/equalized/fnf_paper2_gamma0.2_made100,,,,,,,,,,,,,,,,
lawschool,123,equalized,fnf,categorical,,0.2,paper2,50,False,model seed = shard seed; splits fixed,1,100,100,[20],0.001,0.0001,4,"[30, 30]",60,0.01,0.001,lawschool/seed123/equalized/fnf_paper2_gamma0.2_made50,,,,,,,,,,,,,,,,
lawschool,123,equalized,fnf,categorical,,0.5,paper2,100,False,model seed = shard seed; splits fixed,1,100,100,[20],0.001,0.0001,4,"[30, 30]",60,0.01,0.001,lawschool/seed123/equalized/fnf_paper2_gamma0.5_made100,,,,,,,,,,,,,,,,
lawschool,123,equalized,fnf,categorical,,0.5,paper2,50,False,model seed = shard seed; splits fixed,1,100,100,[20],0.001,0.0001,4,"[30, 30]",60,0.01,0.001,lawschool/seed123/equalized/fnf_paper2_gamma0.5_made50,,,,,,,,,,,,,,,,
lawschool,123,equalized,fnf,categorical,,0.9,paper2,100,False,model seed = shard seed; splits fixed,1,100,100,[20],0.001,0.0001,4,"[30, 30]",60,0.01,0.001,lawschool/seed123/equalized/fnf_paper2_gamma0.9_made100,,,,,,,,,,,,,,,,
lawschool,123,equalized,fnf,categorical,,0.9,paper2,50,False,model seed = shard seed; splits fixed,1,100,100,[20],0.001,0.0001,4,"[30, 30]",60,0.01,0.001,lawschool/seed123/equalized/fnf_paper2_gamma0.9_made50,,,,,,,,,,,,,,,,
lawschool,123,equalized,fnf,categorical,,0.0,paper2,100,False,model seed = shard seed; splits fixed,1,100,100,[20],0.001,0.0001,4,"[30, 30]",60,0.01,0.001,lawschool/seed123/equalized/fnf_paper2_gamma0_made100,,,,,,,,,,,,,,,,
lawschool,123,equalized,fnf,categorical,,0.0,paper2,50,False,model seed = shard seed; splits fixed,1,100,100,[20],0.001,0.0001,4,"[30, 30]",60,0.01,0.001,lawschool/seed123/equalized/fnf_paper2_gamma0_made50,,,,,,,,,,,,,,,,
lawschool,123,equalized,fnf,categorical,,1.0,paper2,100,False,model seed = shard seed; splits fixed,1,100,100,[20],0.001,0.0001,4,"[30, 30]",60,0.01,0.001,lawschool/seed123/equalized/fnf_paper2_gamma1_made100,,,,,,,,,,,,,,,,
lawschool,123,equalized,fnf,categorical,,1.0,paper2,50,False,model seed = shard seed; splits fixed,1,100,100,[20],0.001,0.0001,4,"[30, 30]",60,0.01,0.001,lawschool/seed123/equalized/fnf_paper2_gamma1_made50,,,,,,,,,,,,,,,,
lawschool,123,natural,erm,,,,extended6,,False,model seed = shard seed; splits fixed,,100,100,[20],0.001,0.0001,4,"[30, 30]",60,0.01,0.001,lawschool/seed123/natural/erm_extended6,,,,,,,,,,,,,,,,
lawschool,123,natural,erm,,,,paper2,,False,model seed = shard seed; splits fixed,,100,100,[20],0.001,0.0001,4,"[30, 30]",60,0.01,0.001,lawschool/seed123/natural/erm_paper2,,,,,,,,,,,,,,,,
lawschool,123,natural,fnf,categorical,,0.02,extended6,100,False,model seed = shard seed; splits fixed,1,100,100,[20],0.001,0.0001,4,"[30, 30]",60,0.01,0.001,lawschool/seed123/natural/fnf_extended6_gamma0.02_made100,,,,,,,,,,,,,,,,
lawschool,123,natural,fnf,categorical,,0.02,extended6,50,False,model seed = shard seed; splits fixed,1,100,100,[20],0.001,0.0001,4,"[30, 30]",60,0.01,0.001,lawschool/seed123/natural/fnf_extended6_gamma0.02_made50,,,,,,,,,,,,,,,,
lawschool,123,natural,fnf,categorical,,0.1,extended6,100,False,model seed = shard seed; splits fixed,1,100,100,[20],0.001,0.0001,4,"[30, 30]",60,0.01,0.001,lawschool/seed123/natural/fnf_extended6_gamma0.1_made100,,,,,,,,,,,,,,,,
lawschool,123,natural,fnf,categorical,,0.1,extended6,50,False,model seed = shard seed; splits fixed,1,100,100,[20],0.001,0.0001,4,"[30, 30]",60,0.01,0.001,lawschool/seed123/natural/fnf_extended6_gamma0.1_made50,,,,,,,,,,,,,,,,
lawschool,123,natural,fnf,categorical,,0.2,extended6,100,False,model seed = shard seed; splits fixed,1,100,100,[20],0.001,0.0001,4,"[30, 30]",60,0.01,0.001,lawschool/seed123/natural/fnf_extended6_gamma0.2_made100,,,,,,,,,,,,,,,,
lawschool,123,natural,fnf,categorical,,0.2,extended6,50,False,model seed = shard seed; splits fixed,1,100,100,[20],0.001,0.0001,4,"[30, 30]",60,0.01,0.001,lawschool/seed123/natural/fnf_extended6_gamma0.2_made50,,,,,,,,,,,,,,,,
lawschool,123,natural,fnf,categorical,,0.5,extended6,100,False,model seed = shard seed; splits fixed,1,100,100,[20],0.001,0.0001,4,"[30, 30]",60,0.01,0.001,lawschool/seed123/natural/fnf_extended6_gamma0.5_made100,,,,,,,,,,,,,,,,
lawschool,123,natural,fnf,categorical,,0.5,extended6,50,False,model seed = shard seed; splits fixed,1,100,100,[20],0.001,0.0001,4,"[30, 30]",60,0.01,0.001,lawschool/seed123/natural/fnf_extended6_gamma0.5_made50,,,,,,,,,,,,,,,,
lawschool,123,natural,fnf,categorical,,0.9,extended6,100,False,model seed = shard seed; splits fixed,1,100,100,[20],0.001,0.0001,4,"[30, 30]",60,0.01,0.001,lawschool/seed123/natural/fnf_extended6_gamma0.9_made100,,,,,,,,,,,,,,,,
lawschool,123,natural,fnf,categorical,,0.9,extended6,50,False,model seed = shard seed; splits fixed,1,100,100,[20],0.001,0.0001,4,"[30, 30]",60,0.01,0.001,lawschool/seed123/natural/fnf_extended6_gamma0.9_made50,,,,,,,,,,,,,,,,
lawschool,123,natural,fnf,categorical,,0.0,extended6,100,False,model seed = shard seed; splits fixed,1,100,100,[20],0.001,0.0001,4,"[30, 30]",60,0.01,0.001,lawschool/seed123/natural/fnf_extended6_gamma0_made100,,,,,,,,,,,,,,,,
lawschool,123,natural,fnf,categorical,,0.0,extended6,50,False,model seed = shard seed; splits fixed,1,100,100,[20],0.001,0.0001,4,"[30, 30]",60,0.01,0.001,lawschool/seed123/natural/fnf_extended6_gamma0_made50,,,,,,,,,,,,,,,,
lawschool,123,natural,fnf,categorical,,1.0,extended6,100,False,model seed = shard seed; splits fixed,1,100,100,[20],0.001,0.0001,4,"[30, 30]",60,0.01,0.001,lawschool/seed123/natural/fnf_extended6_gamma1_made100,,,,,,,,,,,,,,,,
lawschool,123,natural,fnf,categorical,,1.0,extended6,50,False,model seed = shard seed; splits fixed,1,100,100,[20],0.001,0.0001,4,"[30, 30]",60,0.01,0.001,lawschool/seed123/natural/fnf_extended6_gamma1_made50,,,,,,,,,,,,,,,,
lawschool,123,natural,fnf,categorical,,0.02,paper2,100,False,model seed = shard seed; splits fixed,1,100,100,[20],0.001,0.0001,4,"[30, 30]",60,0.01,0.001,lawschool/seed123/natural/fnf_paper2_gamma0.02_made100,,,,,,,,,,,,,,,,
lawschool,123,natural,fnf,categorical,,0.02,paper2,50,False,model seed = shard seed; splits fixed,1,100,100,[20],0.001,0.0001,4,"[30, 30]",60,0.01,0.001,lawschool/seed123/natural/fnf_paper2_gamma0.02_made50,,,,,,,,,,,,,,,,
lawschool,123,natural,fnf,categorical,,0.1,paper2,100,False,model seed = shard seed; splits fixed,1,100,100,[20],0.001,0.0001,4,"[30, 30]",60,0.01,0.001,lawschool/seed123/natural/fnf_paper2_gamma0.1_made100,,,,,,,,,,,,,,,,
lawschool,123,natural,fnf,categorical,,0.1,paper2,50,False,model seed = shard seed; splits fixed,1,100,100,[20],0.001,0.0001,4,"[30, 30]",60,0.01,0.001,lawschool/seed123/natural/fnf_paper2_gamma0.1_made50,,,,,,,,,,,,,,,,
lawschool,123,natural,fnf,categorical,,0.2,paper2,100,False,model seed = shard seed; splits fixed,1,100,100,[20],0.001,0.0001,4,"[30, 30]",60,0.01,0.001,lawschool/seed123/natural/fnf_paper2_gamma0.2_made100,,,,,,,,,,,,,,,,
lawschool,123,natural,fnf,categorical,,0.2,paper2,50,False,model seed = shard seed; splits fixed,1,100,100,[20],0.001,0.0001,4,"[30, 30]",60,0.01,0.001,lawschool/seed123/natural/fnf_paper2_gamma0.2_made50,,,,,,,,,,,,,,,,
lawschool,123,natural,fnf,categorical,,0.5,paper2,100,False,model seed = shard seed; splits fixed,1,100,100,[20],0.001,0.0001,4,"[30, 30]",60,0.01,0.001,lawschool/seed123/natural/fnf_paper2_gamma0.5_made100,,,,,,,,,,,,,,,,
lawschool,123,natural,fnf,categorical,,0.5,paper2,50,False,model seed = shard seed; splits fixed,1,100,100,[20],0.001,0.0001,4,"[30, 30]",60,0.01,0.001,lawschool/seed123/natural/fnf_paper2_gamma0.5_made50,,,,,,,,,,,,,,,,
lawschool,123,natural,fnf,categorical,,0.9,paper2,100,False,model seed = shard seed; splits fixed,1,100,100,[20],0.001,0.0001,4,"[30, 30]",60,0.01,0.001,lawschool/seed123/natural/fnf_paper2_gamma0.9_made100,,,,,,,,,,,,,,,,
lawschool,123,natural,fnf,categorical,,0.9,paper2,50,False,model seed = shard seed; splits fixed,1,100,100,[20],0.001,0.0001,4,"[30, 30]",60,0.01,0.001,lawschool/seed123/natural/fnf_paper2_gamma0.9_made50,,,,,,,,,,,,,,,,
lawschool,123,natural,fnf,categorical,,0.0,paper2,100,False,model seed = shard seed; splits fixed,1,100,100,[20],0.001,0.0001,4,"[30, 30]",60,0.01,0.001,lawschool/seed123/natural/fnf_paper2_gamma0_made100,,,,,,,,,,,,,,,,
lawschool,123,natural,fnf,categorical,,0.0,paper2,50,False,model seed = shard seed; splits fixed,1,100,100,[20],0.001,0.0001,4,"[30, 30]",60,0.01,0.001,lawschool/seed123/natural/fnf_paper2_gamma0_made50,,,,,,,,,,,,,,,,
lawschool,123,natural,fnf,categorical,,1.0,paper2,100,False,model seed = shard seed; splits fixed,1,100,100,[20],0.001,0.0001,4,"[30, 30]",60,0.01,0.001,lawschool/seed123/natural/fnf_paper2_gamma1_made100,,,,,,,,,,,,,,,,
lawschool,123,natural,fnf,categorical,,1.0,paper2,50,False,model seed = shard seed; splits fixed,1,100,100,[20],0.001,0.0001,4,"[30, 30]",60,0.01,0.001,lawschool/seed123/natural/fnf_paper2_gamma1_made50,,,,,,,,,,,,,,,,
lawschool,123,shift50,erm,,,,extended6,,False,model seed = shard seed; splits fixed,,100,100,[20],0.001,0.0001,4,"[30, 30]",60,0.01,0.001,lawschool/seed123/shift50/erm_extended6,,,,,,,,,,,,,,,,
lawschool,123,shift50,erm,,,,paper2,,False,model seed = shard seed; splits fixed,,100,100,[20],0.001,0.0001,4,"[30, 30]",60,0.01,0.001,lawschool/seed123/shift50/erm_paper2,,,,,,,,,,,,,,,,
lawschool,123,shift50,fnf,categorical,,0.02,extended6,100,False,model seed = shard seed; splits fixed,1,100,100,[20],0.001,0.0001,4,"[30, 30]",60,0.01,0.001,lawschool/seed123/shift50/fnf_extended6_gamma0.02_made100,,,,,,,,,,,,,,,,
lawschool,123,shift50,fnf,categorical,,0.02,extended6,50,False,model seed = shard seed; splits fixed,1,100,100,[20],0.001,0.0001,4,"[30, 30]",60,0.01,0.001,lawschool/seed123/shift50/fnf_extended6_gamma0.02_made50,,,,,,,,,,,,,,,,
lawschool,123,shift50,fnf,categorical,,0.1,extended6,100,False,model seed = shard seed; splits fixed,1,100,100,[20],0.001,0.0001,4,"[30, 30]",60,0.01,0.001,lawschool/seed123/shift50/fnf_extended6_gamma0.1_made100,,,,,,,,,,,,,,,,
lawschool,123,shift50,fnf,categorical,,0.1,extended6,50,False,model seed = shard seed; splits fixed,1,100,100,[20],0.001,0.0001,4,"[30, 30]",60,0.01,0.001,lawschool/seed123/shift50/fnf_extended6_gamma0.1_made50,,,,,,,,,,,,,,,,
lawschool,123,shift50,fnf,categorical,,0.2,extended6,100,False,model seed = shard seed; splits fixed,1,100,100,[20],0.001,0.0001,4,"[30, 30]",60,0.01,0.001,lawschool/seed123/shift50/fnf_extended6_gamma0.2_made100,,,,,,,,,,,,,,,,
lawschool,123,shift50,fnf,categorical,,0.2,extended6,50,False,model seed = shard seed; splits fixed,1,100,100,[20],0.001,0.0001,4,"[30, 30]",60,0.01,0.001,lawschool/seed123/shift50/fnf_extended6_gamma0.2_made50,,,,,,,,,,,,,,,,
lawschool,123,shift50,fnf,categorical,,0.5,extended6,100,False,model seed = shard seed; splits fixed,1,100,100,[20],0.001,0.0001,4,"[30, 30]",60,0.01,0.001,lawschool/seed123/shift50/fnf_extended6_gamma0.5_made100,,,,,,,,,,,,,,,,
lawschool,123,shift50,fnf,categorical,,0.5,extended6,50,False,model seed = shard seed; splits fixed,1,100,100,[20],0.001,0.0001,4,"[30, 30]",60,0.01,0.001,lawschool/seed123/shift50/fnf_extended6_gamma0.5_made50,,,,,,,,,,,,,,,,
lawschool,123,shift50,fnf,categorical,,0.9,extended6,100,False,model seed = shard seed; splits fixed,1,100,100,[20],0.001,0.0001,4,"[30, 30]",60,0.01,0.001,lawschool/seed123/shift50/fnf_extended6_gamma0.9_made100,,,,,,,,,,,,,,,,
lawschool,123,shift50,fnf,categorical,,0.9,extended6,50,False,model seed = shard seed; splits fixed,1,100,100,[20],0.001,0.0001,4,"[30, 30]",60,0.01,0.001,lawschool/seed123/shift50/fnf_extended6_gamma0.9_made50,,,,,,,,,,,,,,,,
lawschool,123,shift50,fnf,categorical,,0.0,extended6,100,False,model seed = shard seed; splits fixed,1,100,100,[20],0.001,0.0001,4,"[30, 30]",60,0.01,0.001,lawschool/seed123/shift50/fnf_extended6_gamma0_made100,,,,,,,,,,,,,,,,
lawschool,123,shift50,fnf,categorical,,0.0,extended6,50,False,model seed = shard seed; splits fixed,1,100,100,[20],0.001,0.0001,4,"[30, 30]",60,0.01,0.001,lawschool/seed123/shift50/fnf_extended6_gamma0_made50,,,,,,,,,,,,,,,,
lawschool,123,shift50,fnf,categorical,,1.0,extended6,100,False,model seed = shard seed; splits fixed,1,100,100,[20],0.001,0.0001,4,"[30, 30]",60,0.01,0.001,lawschool/seed123/shift50/fnf_extended6_gamma1_made100,,,,,,,,,,,,,,,,
lawschool,123,shift50,fnf,categorical,,1.0,extended6,50,False,model seed = shard seed; splits fixed,1,100,100,[20],0.001,0.0001,4,"[30, 30]",60,0.01,0.001,lawschool/seed123/shift50/fnf_extended6_gamma1_made50,,,,,,,,,,,,,,,,
lawschool,123,shift50,fnf,categorical,,0.02,paper2,100,False,model seed = shard seed; splits fixed,1,100,100,[20],0.001,0.0001,4,"[30, 30]",60,0.01,0.001,lawschool/seed123/shift50/fnf_paper2_gamma0.02_made100,,,,,,,,,,,,,,,,
lawschool,123,shift50,fnf,categorical,,0.02,paper2,50,False,model seed = shard seed; splits fixed,1,100,100,[20],0.001,0.0001,4,"[30, 30]",60,0.01,0.001,lawschool/seed123/shift50/fnf_paper2_gamma0.02_made50,,,,,,,,,,,,,,,,
lawschool,123,shift50,fnf,categorical,,0.1,paper2,100,False,model seed = shard seed; splits fixed,1,100,100,[20],0.001,0.0001,4,"[30, 30]",60,0.01,0.001,lawschool/seed123/shift50/fnf_paper2_gamma0.1_made100,,,,,,,,,,,,,,,,
lawschool,123,shift50,fnf,categorical,,0.1,paper2,50,False,model seed = shard seed; splits fixed,1,100,100,[20],0.001,0.0001,4,"[30, 30]",60,0.01,0.001,lawschool/seed123/shift50/fnf_paper2_gamma0.1_made50,,,,,,,,,,,,,,,,
lawschool,123,shift50,fnf,categorical,,0.2,paper2,100,False,model seed = shard seed; splits fixed,1,100,100,[20],0.001,0.0001,4,"[30, 30]",60,0.01,0.001,lawschool/seed123/shift50/fnf_paper2_gamma0.2_made100,,,,,,,,,,,,,,,,
lawschool,123,shift50,fnf,categorical,,0.2,paper2,50,False,model seed = shard seed; splits fixed,1,100,100,[20],0.001,0.0001,4,"[30, 30]",60,0.01,0.001,lawschool/seed123/shift50/fnf_paper2_gamma0.2_made50,,,,,,,,,,,,,,,,
lawschool,123,shift50,fnf,categorical,,0.5,paper2,100,False,model seed = shard seed; splits fixed,1,100,100,[20],0.001,0.0001,4,"[30, 30]",60,0.01,0.001,lawschool/seed123/shift50/fnf_paper2_gamma0.5_made100,,,,,,,,,,,,,,,,
lawschool,123,shift50,fnf,categorical,,0.5,paper2,50,False,model seed = shard seed; splits fixed,1,100,100,[20],0.001,0.0001,4,"[30, 30]",60,0.01,0.001,lawschool/seed123/shift50/fnf_paper2_gamma0.5_made50,,,,,,,,,,,,,,,,
lawschool,123,shift50,fnf,categorical,,0.9,paper2,100,False,model seed = shard seed; splits fixed,1,100,100,[20],0.001,0.0001,4,"[30, 30]",60,0.01,0.001,lawschool/seed123/shift50/fnf_paper2_gamma0.9_made100,,,,,,,,,,,,,,,,
lawschool,123,shift50,fnf,categorical,,0.9,paper2,50,False,model seed = shard seed; splits fixed,1,100,100,[20],0.001,0.0001,4,"[30, 30]",60,0.01,0.001,lawschool/seed123/shift50/fnf_paper2_gamma0.9_made50,,,,,,,,,,,,,,,,
lawschool,123,shift50,fnf,categorical,,0.0,paper2,100,False,model seed = shard seed; splits fixed,1,100,100,[20],0.001,0.0001,4,"[30, 30]",60,0.01,0.001,lawschool/seed123/shift50/fnf_paper2_gamma0_made100,,,,,,,,,,,,,,,,
lawschool,123,shift50,fnf,categorical,,0.0,paper2,50,False,model seed = shard seed; splits fixed,1,100,100,[20],0.001,0.0001,4,"[30, 30]",60,0.01,0.001,lawschool/seed123/shift50/fnf_paper2_gamma0_made50,,,,,,,,,,,,,,,,
lawschool,123,shift50,fnf,categorical,,1.0,paper2,100,False,model seed = shard seed; splits fixed,1,100,100,[20],0.001,0.0001,4,"[30, 30]",60,0.01,0.001,lawschool/seed123/shift50/fnf_paper2_gamma1_made100,,,,,,,,,,,,,,,,
lawschool,123,shift50,fnf,categorical,,1.0,paper2,50,False,model seed = shard seed; splits fixed,1,100,100,[20],0.001,0.0001,4,"[30, 30]",60,0.01,0.001,lawschool/seed123/shift50/fnf_paper2_gamma1_made50,,,,,,,,,,,,,,,,
lawschool,123,shift75,erm,,,,extended6,,False,model seed = shard seed; splits fixed,,100,100,[20],0.001,0.0001,4,"[30, 30]",60,0.01,0.001,lawschool/seed123/shift75/erm_extended6,,,,,,,,,,,,,,,,
lawschool,123,shift75,erm,,,,paper2,,False,model seed = shard seed; splits fixed,,100,100,[20],0.001,0.0001,4,"[30, 30]",60,0.01,0.001,lawschool/seed123/shift75/erm_paper2,,,,,,,,,,,,,,,,
lawschool,123,shift75,fnf,categorical,,0.02,extended6,100,False,model seed = shard seed; splits fixed,1,100,100,[20],0.001,0.0001,4,"[30, 30]",60,0.01,0.001,lawschool/seed123/shift75/fnf_extended6_gamma0.02_made100,,,,,,,,,,,,,,,,
lawschool,123,shift75,fnf,categorical,,0.02,extended6,50,False,model seed = shard seed; splits fixed,1,100,100,[20],0.001,0.0001,4,"[30, 30]",60,0.01,0.001,lawschool/seed123/shift75/fnf_extended6_gamma0.02_made50,,,,,,,,,,,,,,,,
lawschool,123,shift75,fnf,categorical,,0.1,extended6,100,False,model seed = shard seed; splits fixed,1,100,100,[20],0.001,0.0001,4,"[30, 30]",60,0.01,0.001,lawschool/seed123/shift75/fnf_extended6_gamma0.1_made100,,,,,,,,,,,,,,,,
lawschool,123,shift75,fnf,categorical,,0.1,extended6,50,False,model seed = shard seed; splits fixed,1,100,100,[20],0.001,0.0001,4,"[30, 30]",60,0.01,0.001,lawschool/seed123/shift75/fnf_extended6_gamma0.1_made50,,,,,,,,,,,,,,,,
lawschool,123,shift75,fnf,categorical,,0.2,extended6,100,False,model seed = shard seed; splits fixed,1,100,100,[20],0.001,0.0001,4,"[30, 30]",60,0.01,0.001,lawschool/seed123/shift75/fnf_extended6_gamma0.2_made100,,,,,,,,,,,,,,,,
lawschool,123,shift75,fnf,categorical,,0.2,extended6,50,False,model seed = shard seed; splits fixed,1,100,100,[20],0.001,0.0001,4,"[30, 30]",60,0.01,0.001,lawschool/seed123/shift75/fnf_extended6_gamma0.2_made50,,,,,,,,,,,,,,,,
lawschool,123,shift75,fnf,categorical,,0.5,extended6,100,False,model seed = shard seed; splits fixed,1,100,100,[20],0.001,0.0001,4,"[30, 30]",60,0.01,0.001,lawschool/seed123/shift75/fnf_extended6_gamma0.5_made100,,,,,,,,,,,,,,,,
lawschool,123,shift75,fnf,categorical,,0.5,extended6,50,False,model seed = shard seed; splits fixed,1,100,100,[20],0.001,0.0001,4,"[30, 30]",60,0.01,0.001,lawschool/seed123/shift75/fnf_extended6_gamma0.5_made50,,,,,,,,,,,,,,,,
lawschool,123,shift75,fnf,categorical,,0.9,extended6,100,False,model seed = shard seed; splits fixed,1,100,100,[20],0.001,0.0001,4,"[30, 30]",60,0.01,0.001,lawschool/seed123/shift75/fnf_extended6_gamma0.9_made100,,,,,,,,,,,,,,,,
lawschool,123,shift75,fnf,categorical,,0.9,extended6,50,False,model seed = shard seed; splits fixed,1,100,100,[20],0.001,0.0001,4,"[30, 30]",60,0.01,0.001,lawschool/seed123/shift75/fnf_extended6_gamma0.9_made50,,,,,,,,,,,,,,,,
lawschool,123,shift75,fnf,categorical,,0.0,extended6,100,False,model seed = shard seed; splits fixed,1,100,100,[20],0.001,0.0001,4,"[30, 30]",60,0.01,0.001,lawschool/seed123/shift75/fnf_extended6_gamma0_made100,,,,,,,,,,,,,,,,
lawschool,123,shift75,fnf,categorical,,0.0,extended6,50,False,model seed = shard seed; splits fixed,1,100,100,[20],0.001,0.0001,4,"[30, 30]",60,0.01,0.001,lawschool/seed123/shift75/fnf_extended6_gamma0_made50,,,,,,,,,,,,,,,,
lawschool,123,shift75,fnf,categorical,,1.0,extended6,100,False,model seed = shard seed; splits fixed,1,100,100,[20],0.001,0.0001,4,"[30, 30]",60,0.01,0.001,lawschool/seed123/shift75/fnf_extended6_gamma1_made100,,,,,,,,,,,,,,,,
lawschool,123,shift75,fnf,categorical,,1.0,extended6,50,False,model seed = shard seed; splits fixed,1,100,100,[20],0.001,0.0001,4,"[30, 30]",60,0.01,0.001,lawschool/seed123/shift75/fnf_extended6_gamma1_made50,,,,,,,,,,,,,,,,
lawschool,123,shift75,fnf,categorical,,0.02,paper2,100,False,model seed = shard seed; splits fixed,1,100,100,[20],0.001,0.0001,4,"[30, 30]",60,0.01,0.001,lawschool/seed123/shift75/fnf_paper2_gamma0.02_made100,,,,,,,,,,,,,,,,
lawschool,123,shift75,fnf,categorical,,0.02,paper2,50,False,model seed = shard seed; splits fixed,1,100,100,[20],0.001,0.0001,4,"[30, 30]",60,0.01,0.001,lawschool/seed123/shift75/fnf_paper2_gamma0.02_made50,,,,,,,,,,,,,,,,
lawschool,123,shift75,fnf,categorical,,0.1,paper2,100,False,model seed = shard seed; splits fixed,1,100,100,[20],0.001,0.0001,4,"[30, 30]",60,0.01,0.001,lawschool/seed123/shift75/fnf_paper2_gamma0.1_made100,,,,,,,,,,,,,,,,
lawschool,123,shift75,fnf,categorical,,0.1,paper2,50,False,model seed = shard seed; splits fixed,1,100,100,[20],0.001,0.0001,4,"[30, 30]",60,0.01,0.001,lawschool/seed123/shift75/fnf_paper2_gamma0.1_made50,,,,,,,,,,,,,,,,
lawschool,123,shift75,fnf,categorical,,0.2,paper2,100,False,model seed = shard seed; splits fixed,1,100,100,[20],0.001,0.0001,4,"[30, 30]",60,0.01,0.001,lawschool/seed123/shift75/fnf_paper2_gamma0.2_made100,,,,,,,,,,,,,,,,
lawschool,123,shift75,fnf,categorical,,0.2,paper2,50,False,model seed = shard seed; splits fixed,1,100,100,[20],0.001,0.0001,4,"[30, 30]",60,0.01,0.001,lawschool/seed123/shift75/fnf_paper2_gamma0.2_made50,,,,,,,,,,,,,,,,
lawschool,123,shift75,fnf,categorical,,0.5,paper2,100,False,model seed = shard seed; splits fixed,1,100,100,[20],0.001,0.0001,4,"[30, 30]",60,0.01,0.001,lawschool/seed123/shift75/fnf_paper2_gamma0.5_made100,,,,,,,,,,,,,,,,
lawschool,123,shift75,fnf,categorical,,0.5,paper2,50,False,model seed = shard seed; splits fixed,1,100,100,[20],0.001,0.0001,4,"[30, 30]",60,0.01,0.001,lawschool/seed123/shift75/fnf_paper2_gamma0.5_made50,,,,,,,,,,,,,,,,
lawschool,123,shift75,fnf,categorical,,0.9,paper2,100,False,model seed = shard seed; splits fixed,1,100,100,[20],0.001,0.0001,4,"[30, 30]",60,0.01,0.001,lawschool/seed123/shift75/fnf_paper2_gamma0.9_made100,,,,,,,,,,,,,,,,
lawschool,123,shift75,fnf,categorical,,0.9,paper2,50,False,model seed = shard seed; splits fixed,1,100,100,[20],0.001,0.0001,4,"[30, 30]",60,0.01,0.001,lawschool/seed123/shift75/fnf_paper2_gamma0.9_made50,,,,,,,,,,,,,,,,
lawschool,123,shift75,fnf,categorical,,0.0,paper2,100,False,model seed = shard seed; splits fixed,1,100,100,[20],0.001,0.0001,4,"[30, 30]",60,0.01,0.001,lawschool/seed123/shift75/fnf_paper2_gamma0_made100,,,,,,,,,,,,,,,,
lawschool,123,shift75,fnf,categorical,,0.0,paper2,50,False,model seed = shard seed; splits fixed,1,100,100,[20],0.001,0.0001,4,"[30, 30]",60,0.01,0.001,lawschool/seed123/shift75/fnf_paper2_gamma0_made50,,,,,,,,,,,,,,,,
lawschool,123,shift75,fnf,categorical,,1.0,paper2,100,False,model seed = shard seed; splits fixed,1,100,100,[20],0.001,0.0001,4,"[30, 30]",60,0.01,0.001,lawschool/seed123/shift75/fnf_paper2_gamma1_made100,,,,,,,,,,,,,,,,
lawschool,123,shift75,fnf,categorical,,1.0,paper2,50,False,model seed = shard seed; splits fixed,1,100,100,[20],0.001,0.0001,4,"[30, 30]",60,0.01,0.001,lawschool/seed123/shift75/fnf_paper2_gamma1_made50,,,,,,,,,,,,,,,,
lawschool,42,equalized,erm,,,,extended6,,False,model seed = shard seed; splits fixed,,100,100,[20],0.001,0.0001,4,"[30, 30]",60,0.01,0.001,lawschool/seed42/equalized/erm_extended6,,,,,,,,,,,,,,,,
lawschool,42,equalized,erm,,,,paper2,,False,model seed = shard seed; splits fixed,,100,100,[20],0.001,0.0001,4,"[30, 30]",60,0.01,0.001,lawschool/seed42/equalized/erm_paper2,,,,,,,,,,,,,,,,
lawschool,42,equalized,fnf,categorical,,0.02,extended6,100,False,model seed = shard seed; splits fixed,1,100,100,[20],0.001,0.0001,4,"[30, 30]",60,0.01,0.001,lawschool/seed42/equalized/fnf_extended6_gamma0.02_made100,,,,,,,,,,,,,,,,
lawschool,42,equalized,fnf,categorical,,0.02,extended6,50,False,model seed = shard seed; splits fixed,1,100,100,[20],0.001,0.0001,4,"[30, 30]",60,0.01,0.001,lawschool/seed42/equalized/fnf_extended6_gamma0.02_made50,,,,,,,,,,,,,,,,
lawschool,42,equalized,fnf,categorical,,0.1,extended6,100,False,model seed = shard seed; splits fixed,1,100,100,[20],0.001,0.0001,4,"[30, 30]",60,0.01,0.001,lawschool/seed42/equalized/fnf_extended6_gamma0.1_made100,,,,,,,,,,,,,,,,
lawschool,42,equalized,fnf,categorical,,0.1,extended6,50,False,model seed = shard seed; splits fixed,1,100,100,[20],0.001,0.0001,4,"[30, 30]",60,0.01,0.001,lawschool/seed42/equalized/fnf_extended6_gamma0.1_made50,,,,,,,,,,,,,,,,
lawschool,42,equalized,fnf,categorical,,0.2,extended6,100,False,model seed = shard seed; splits fixed,1,100,100,[20],0.001,0.0001,4,"[30, 30]",60,0.01,0.001,lawschool/seed42/equalized/fnf_extended6_gamma0.2_made100,,,,,,,,,,,,,,,,
lawschool,42,equalized,fnf,categorical,,0.2,extended6,50,False,model seed = shard seed; splits fixed,1,100,100,[20],0.001,0.0001,4,"[30, 30]",60,0.01,0.001,lawschool/seed42/equalized/fnf_extended6_gamma0.2_made50,,,,,,,,,,,,,,,,
lawschool,42,equalized,fnf,categorical,,0.5,extended6,100,False,model seed = shard seed; splits fixed,1,100,100,[20],0.001,0.0001,4,"[30, 30]",60,0.01,0.001,lawschool/seed42/equalized/fnf_extended6_gamma0.5_made100,,,,,,,,,,,,,,,,
lawschool,42,equalized,fnf,categorical,,0.5,extended6,50,False,model seed = shard seed; splits fixed,1,100,100,[20],0.001,0.0001,4,"[30, 30]",60,0.01,0.001,lawschool/seed42/equalized/fnf_extended6_gamma0.5_made50,,,,,,,,,,,,,,,,
lawschool,42,equalized,fnf,categorical,,0.9,extended6,100,False,model seed = shard seed; splits fixed,1,100,100,[20],0.001,0.0001,4,"[30, 30]",60,0.01,0.001,lawschool/seed42/equalized/fnf_extended6_gamma0.9_made100,,,,,,,,,,,,,,,,
lawschool,42,equalized,fnf,categorical,,0.9,extended6,50,False,model seed = shard seed; splits fixed,1,100,100,[20],0.001,0.0001,4,"[30, 30]",60,0.01,0.001,lawschool/seed42/equalized/fnf_extended6_gamma0.9_made50,,,,,,,,,,,,,,,,
lawschool,42,equalized,fnf,categorical,,0.0,extended6,100,False,model seed = shard seed; splits fixed,1,100,100,[20],0.001,0.0001,4,"[30, 30]",60,0.01,0.001,lawschool/seed42/equalized/fnf_extended6_gamma0_made100,,,,,,,,,,,,,,,,
lawschool,42,equalized,fnf,categorical,,0.0,extended6,50,False,model seed = shard seed; splits fixed,1,100,100,[20],0.001,0.0001,4,"[30, 30]",60,0.01,0.001,lawschool/seed42/equalized/fnf_extended6_gamma0_made50,,,,,,,,,,,,,,,,
lawschool,42,equalized,fnf,categorical,,1.0,extended6,100,False,model seed = shard seed; splits fixed,1,100,100,[20],0.001,0.0001,4,"[30, 30]",60,0.01,0.001,lawschool/seed42/equalized/fnf_extended6_gamma1_made100,,,,,,,,,,,,,,,,
lawschool,42,equalized,fnf,categorical,,1.0,extended6,50,False,model seed = shard seed; splits fixed,1,100,100,[20],0.001,0.0001,4,"[30, 30]",60,0.01,0.001,lawschool/seed42/equalized/fnf_extended6_gamma1_made50,,,,,,,,,,,,,,,,
lawschool,42,equalized,fnf,categorical,,0.02,paper2,100,False,model seed = shard seed; splits fixed,1,100,100,[20],0.001,0.0001,4,"[30, 30]",60,0.01,0.001,lawschool/seed42/equalized/fnf_paper2_gamma0.02_made100,,,,,,,,,,,,,,,,
lawschool,42,equalized,fnf,categorical,,0.02,paper2,50,False,model seed = shard seed; splits fixed,1,100,100,[20],0.001,0.0001,4,"[30, 30]",60,0.01,0.001,lawschool/seed42/equalized/fnf_paper2_gamma0.02_made50,,,,,,,,,,,,,,,,
lawschool,42,equalized,fnf,categorical,,0.1,paper2,100,False,model seed = shard seed; splits fixed,1,100,100,[20],0.001,0.0001,4,"[30, 30]",60,0.01,0.001,lawschool/seed42/equalized/fnf_paper2_gamma0.1_made100,,,,,,,,,,,,,,,,
lawschool,42,equalized,fnf,categorical,,0.1,paper2,50,False,model seed = shard seed; splits fixed,1,100,100,[20],0.001,0.0001,4,"[30, 30]",60,0.01,0.001,lawschool/seed42/equalized/fnf_paper2_gamma0.1_made50,,,,,,,,,,,,,,,,
lawschool,42,equalized,fnf,categorical,,0.2,paper2,100,False,model seed = shard seed; splits fixed,1,100,100,[20],0.001,0.0001,4,"[30, 30]",60,0.01,0.001,lawschool/seed42/equalized/fnf_paper2_gamma0.2_made100,,,,,,,,,,,,,,,,
lawschool,42,equalized,fnf,categorical,,0.2,paper2,50,False,model seed = shard seed; splits fixed,1,100,100,[20],0.001,0.0001,4,"[30, 30]",60,0.01,0.001,lawschool/seed42/equalized/fnf_paper2_gamma0.2_made50,,,,,,,,,,,,,,,,
lawschool,42,equalized,fnf,categorical,,0.5,paper2,100,False,model seed = shard seed; splits fixed,1,100,100,[20],0.001,0.0001,4,"[30, 30]",60,0.01,0.001,lawschool/seed42/equalized/fnf_paper2_gamma0.5_made100,,,,,,,,,,,,,,,,
lawschool,42,equalized,fnf,categorical,,0.5,paper2,50,False,model seed = shard seed; splits fixed,1,100,100,[20],0.001,0.0001,4,"[30, 30]",60,0.01,0.001,lawschool/seed42/equalized/fnf_paper2_gamma0.5_made50,,,,,,,,,,,,,,,,
lawschool,42,equalized,fnf,categorical,,0.9,paper2,100,False,model seed = shard seed; splits fixed,1,100,100,[20],0.001,0.0001,4,"[30, 30]",60,0.01,0.001,lawschool/seed42/equalized/fnf_paper2_gamma0.9_made100,,,,,,,,,,,,,,,,
lawschool,42,equalized,fnf,categorical,,0.9,paper2,50,False,model seed = shard seed; splits fixed,1,100,100,[20],0.001,0.0001,4,"[30, 30]",60,0.01,0.001,lawschool/seed42/equalized/fnf_paper2_gamma0.9_made50,,,,,,,,,,,,,,,,
lawschool,42,equalized,fnf,categorical,,0.0,paper2,100,False,model seed = shard seed; splits fixed,1,100,100,[20],0.001,0.0001,4,"[30, 30]",60,0.01,0.001,lawschool/seed42/equalized/fnf_paper2_gamma0_made100,,,,,,,,,,,,,,,,
lawschool,42,equalized,fnf,categorical,,0.0,paper2,50,False,model seed = shard seed; splits fixed,1,100,100,[20],0.001,0.0001,4,"[30, 30]",60,0.01,0.001,lawschool/seed42/equalized/fnf_paper2_gamma0_made50,,,,,,,,,,,,,,,,
lawschool,42,equalized,fnf,categorical,,1.0,paper2,100,False,model seed = shard seed; splits fixed,1,100,100,[20],0.001,0.0001,4,"[30, 30]",60,0.01,0.001,lawschool/seed42/equalized/fnf_paper2_gamma1_made100,,,,,,,,,,,,,,,,
lawschool,42,equalized,fnf,categorical,,1.0,paper2,50,False,model seed = shard seed; splits fixed,1,100,100,[20],0.001,0.0001,4,"[30, 30]",60,0.01,0.001,lawschool/seed42/equalized/fnf_paper2_gamma1_made50,,,,,,,,,,,,,,,,
lawschool,42,natural,erm,,,,extended6,,False,model seed = shard seed; splits fixed,,100,100,[20],0.001,0.0001,4,"[30, 30]",60,0.01,0.001,lawschool/seed42/natural/erm_extended6,,,,,,,,,,,,,,,,
lawschool,42,natural,erm,,,,paper2,,False,model seed = shard seed; splits fixed,,100,100,[20],0.001,0.0001,4,"[30, 30]",60,0.01,0.001,lawschool/seed42/natural/erm_paper2,,,,,,,,,,,,,,,,
lawschool,42,natural,fnf,categorical,,0.02,extended6,100,False,model seed = shard seed; splits fixed,1,100,100,[20],0.001,0.0001,4,"[30, 30]",60,0.01,0.001,lawschool/seed42/natural/fnf_extended6_gamma0.02_made100,,,,,,,,,,,,,,,,
lawschool,42,natural,fnf,categorical,,0.02,extended6,50,False,model seed = shard seed; splits fixed,1,100,100,[20],0.001,0.0001,4,"[30, 30]",60,0.01,0.001,lawschool/seed42/natural/fnf_extended6_gamma0.02_made50,,,,,,,,,,,,,,,,
lawschool,42,natural,fnf,categorical,,0.1,extended6,100,False,model seed = shard seed; splits fixed,1,100,100,[20],0.001,0.0001,4,"[30, 30]",60,0.01,0.001,lawschool/seed42/natural/fnf_extended6_gamma0.1_made100,,,,,,,,,,,,,,,,
lawschool,42,natural,fnf,categorical,,0.1,extended6,50,False,model seed = shard seed; splits fixed,1,100,100,[20],0.001,0.0001,4,"[30, 30]",60,0.01,0.001,lawschool/seed42/natural/fnf_extended6_gamma0.1_made50,,,,,,,,,,,,,,,,
lawschool,42,natural,fnf,categorical,,0.2,extended6,100,False,model seed = shard seed; splits fixed,1,100,100,[20],0.001,0.0001,4,"[30, 30]",60,0.01,0.001,lawschool/seed42/natural/fnf_extended6_gamma0.2_made100,,,,,,,,,,,,,,,,
lawschool,42,natural,fnf,categorical,,0.2,extended6,50,False,model seed = shard seed; splits fixed,1,100,100,[20],0.001,0.0001,4,"[30, 30]",60,0.01,0.001,lawschool/seed42/natural/fnf_extended6_gamma0.2_made50,,,,,,,,,,,,,,,,
lawschool,42,natural,fnf,categorical,,0.5,extended6,100,False,model seed = shard seed; splits fixed,1,100,100,[20],0.001,0.0001,4,"[30, 30]",60,0.01,0.001,lawschool/seed42/natural/fnf_extended6_gamma0.5_made100,,,,,,,,,,,,,,,,
lawschool,42,natural,fnf,categorical,,0.5,extended6,50,False,model seed = shard seed; splits fixed,1,100,100,[20],0.001,0.0001,4,"[30, 30]",60,0.01,0.001,lawschool/seed42/natural/fnf_extended6_gamma0.5_made50,,,,,,,,,,,,,,,,
lawschool,42,natural,fnf,categorical,,0.9,extended6,100,False,model seed = shard seed; splits fixed,1,100,100,[20],0.001,0.0001,4,"[30, 30]",60,0.01,0.001,lawschool/seed42/natural/fnf_extended6_gamma0.9_made100,,,,,,,,,,,,,,,,
lawschool,42,natural,fnf,categorical,,0.9,extended6,50,False,model seed = shard seed; splits fixed,1,100,100,[20],0.001,0.0001,4,"[30, 30]",60,0.01,0.001,lawschool/seed42/natural/fnf_extended6_gamma0.9_made50,,,,,,,,,,,,,,,,
lawschool,42,natural,fnf,categorical,,0.0,extended6,100,False,model seed = shard seed; splits fixed,1,100,100,[20],0.001,0.0001,4,"[30, 30]",60,0.01,0.001,lawschool/seed42/natural/fnf_extended6_gamma0_made100,,,,,,,,,,,,,,,,
lawschool,42,natural,fnf,categorical,,0.0,extended6,50,False,model seed = shard seed; splits fixed,1,100,100,[20],0.001,0.0001,4,"[30, 30]",60,0.01,0.001,lawschool/seed42/natural/fnf_extended6_gamma0_made50,,,,,,,,,,,,,,,,
lawschool,42,natural,fnf,categorical,,1.0,extended6,100,False,model seed = shard seed; splits fixed,1,100,100,[20],0.001,0.0001,4,"[30, 30]",60,0.01,0.001,lawschool/seed42/natural/fnf_extended6_gamma1_made100,,,,,,,,,,,,,,,,
lawschool,42,natural,fnf,categorical,,1.0,extended6,50,False,model seed = shard seed; splits fixed,1,100,100,[20],0.001,0.0001,4,"[30, 30]",60,0.01,0.001,lawschool/seed42/natural/fnf_extended6_gamma1_made50,,,,,,,,,,,,,,,,
lawschool,42,natural,fnf,categorical,,0.02,paper2,100,False,model seed = shard seed; splits fixed,1,100,100,[20],0.001,0.0001,4,"[30, 30]",60,0.01,0.001,lawschool/seed42/natural/fnf_paper2_gamma0.02_made100,,,,,,,,,,,,,,,,
lawschool,42,natural,fnf,categorical,,0.02,paper2,50,False,model seed = shard seed; splits fixed,1,100,100,[20],0.001,0.0001,4,"[30, 30]",60,0.01,0.001,lawschool/seed42/natural/fnf_paper2_gamma0.02_made50,,,,,,,,,,,,,,,,
lawschool,42,natural,fnf,categorical,,0.1,paper2,100,False,model seed = shard seed; splits fixed,1,100,100,[20],0.001,0.0001,4,"[30, 30]",60,0.01,0.001,lawschool/seed42/natural/fnf_paper2_gamma0.1_made100,,,,,,,,,,,,,,,,
lawschool,42,natural,fnf,categorical,,0.1,paper2,50,False,model seed = shard seed; splits fixed,1,100,100,[20],0.001,0.0001,4,"[30, 30]",60,0.01,0.001,lawschool/seed42/natural/fnf_paper2_gamma0.1_made50,,,,,,,,,,,,,,,,
lawschool,42,natural,fnf,categorical,,0.2,paper2,100,False,model seed = shard seed; splits fixed,1,100,100,[20],0.001,0.0001,4,"[30, 30]",60,0.01,0.001,lawschool/seed42/natural/fnf_paper2_gamma0.2_made100,,,,,,,,,,,,,,,,
lawschool,42,natural,fnf,categorical,,0.2,paper2,50,False,model seed = shard seed; splits fixed,1,100,100,[20],0.001,0.0001,4,"[30, 30]",60,0.01,0.001,lawschool/seed42/natural/fnf_paper2_gamma0.2_made50,,,,,,,,,,,,,,,,
lawschool,42,natural,fnf,categorical,,0.5,paper2,100,False,model seed = shard seed; splits fixed,1,100,100,[20],0.001,0.0001,4,"[30, 30]",60,0.01,0.001,lawschool/seed42/natural/fnf_paper2_gamma0.5_made100,,,,,,,,,,,,,,,,
lawschool,42,natural,fnf,categorical,,0.5,paper2,50,False,model seed = shard seed; splits fixed,1,100,100,[20],0.001,0.0001,4,"[30, 30]",60,0.01,0.001,lawschool/seed42/natural/fnf_paper2_gamma0.5_made50,,,,,,,,,,,,,,,,
lawschool,42,natural,fnf,categorical,,0.9,paper2,100,False,model seed = shard seed; splits fixed,1,100,100,[20],0.001,0.0001,4,"[30, 30]",60,0.01,0.001,lawschool/seed42/natural/fnf_paper2_gamma0.9_made100,,,,,,,,,,,,,,,,
lawschool,42,natural,fnf,categorical,,0.9,paper2,50,False,model seed = shard seed; splits fixed,1,100,100,[20],0.001,0.0001,4,"[30, 30]",60,0.01,0.001,lawschool/seed42/natural/fnf_paper2_gamma0.9_made50,,,,,,,,,,,,,,,,
lawschool,42,natural,fnf,categorical,,0.0,paper2,100,False,model seed = shard seed; splits fixed,1,100,100,[20],0.001,0.0001,4,"[30, 30]",60,0.01,0.001,lawschool/seed42/natural/fnf_paper2_gamma0_made100,,,,,,,,,,,,,,,,
lawschool,42,natural,fnf,categorical,,0.0,paper2,50,False,model seed = shard seed; splits fixed,1,100,100,[20],0.001,0.0001,4,"[30, 30]",60,0.01,0.001,lawschool/seed42/natural/fnf_paper2_gamma0_made50,,,,,,,,,,,,,,,,
lawschool,42,natural,fnf,categorical,,1.0,paper2,100,False,model seed = shard seed; splits fixed,1,100,100,[20],0.001,0.0001,4,"[30, 30]",60,0.01,0.001,lawschool/seed42/natural/fnf_paper2_gamma1_made100,,,,,,,,,,,,,,,,
lawschool,42,natural,fnf,categorical,,1.0,paper2,50,False,model seed = shard seed; splits fixed,1,100,100,[20],0.001,0.0001,4,"[30, 30]",60,0.01,0.001,lawschool/seed42/natural/fnf_paper2_gamma1_made50,,,,,,,,,,,,,,,,
lawschool,42,shift50,erm,,,,extended6,,False,model seed = shard seed; splits fixed,,100,100,[20],0.001,0.0001,4,"[30, 30]",60,0.01,0.001,lawschool/seed42/shift50/erm_extended6,,,,,,,,,,,,,,,,
lawschool,42,shift50,erm,,,,paper2,,False,model seed = shard seed; splits fixed,,100,100,[20],0.001,0.0001,4,"[30, 30]",60,0.01,0.001,lawschool/seed42/shift50/erm_paper2,,,,,,,,,,,,,,,,
lawschool,42,shift50,fnf,categorical,,0.02,extended6,100,False,model seed = shard seed; splits fixed,1,100,100,[20],0.001,0.0001,4,"[30, 30]",60,0.01,0.001,lawschool/seed42/shift50/fnf_extended6_gamma0.02_made100,,,,,,,,,,,,,,,,
lawschool,42,shift50,fnf,categorical,,0.02,extended6,50,False,model seed = shard seed; splits fixed,1,100,100,[20],0.001,0.0001,4,"[30, 30]",60,0.01,0.001,lawschool/seed42/shift50/fnf_extended6_gamma0.02_made50,,,,,,,,,,,,,,,,
lawschool,42,shift50,fnf,categorical,,0.1,extended6,100,False,model seed = shard seed; splits fixed,1,100,100,[20],0.001,0.0001,4,"[30, 30]",60,0.01,0.001,lawschool/seed42/shift50/fnf_extended6_gamma0.1_made100,,,,,,,,,,,,,,,,
lawschool,42,shift50,fnf,categorical,,0.1,extended6,50,False,model seed = shard seed; splits fixed,1,100,100,[20],0.001,0.0001,4,"[30, 30]",60,0.01,0.001,lawschool/seed42/shift50/fnf_extended6_gamma0.1_made50,,,,,,,,,,,,,,,,
lawschool,42,shift50,fnf,categorical,,0.2,extended6,100,False,model seed = shard seed; splits fixed,1,100,100,[20],0.001,0.0001,4,"[30, 30]",60,0.01,0.001,lawschool/seed42/shift50/fnf_extended6_gamma0.2_made100,,,,,,,,,,,,,,,,
lawschool,42,shift50,fnf,categorical,,0.2,extended6,50,False,model seed = shard seed; splits fixed,1,100,100,[20],0.001,0.0001,4,"[30, 30]",60,0.01,0.001,lawschool/seed42/shift50/fnf_extended6_gamma0.2_made50,,,,,,,,,,,,,,,,
lawschool,42,shift50,fnf,categorical,,0.5,extended6,100,False,model seed = shard seed; splits fixed,1,100,100,[20],0.001,0.0001,4,"[30, 30]",60,0.01,0.001,lawschool/seed42/shift50/fnf_extended6_gamma0.5_made100,,,,,,,,,,,,,,,,
lawschool,42,shift50,fnf,categorical,,0.5,extended6,50,False,model seed = shard seed; splits fixed,1,100,100,[20],0.001,0.0001,4,"[30, 30]",60,0.01,0.001,lawschool/seed42/shift50/fnf_extended6_gamma0.5_made50,,,,,,,,,,,,,,,,
lawschool,42,shift50,fnf,categorical,,0.9,extended6,100,False,model seed = shard seed; splits fixed,1,100,100,[20],0.001,0.0001,4,"[30, 30]",60,0.01,0.001,lawschool/seed42/shift50/fnf_extended6_gamma0.9_made100,,,,,,,,,,,,,,,,
lawschool,42,shift50,fnf,categorical,,0.9,extended6,50,False,model seed = shard seed; splits fixed,1,100,100,[20],0.001,0.0001,4,"[30, 30]",60,0.01,0.001,lawschool/seed42/shift50/fnf_extended6_gamma0.9_made50,,,,,,,,,,,,,,,,
lawschool,42,shift50,fnf,categorical,,0.0,extended6,100,False,model seed = shard seed; splits fixed,1,100,100,[20],0.001,0.0001,4,"[30, 30]",60,0.01,0.001,lawschool/seed42/shift50/fnf_extended6_gamma0_made100,,,,,,,,,,,,,,,,
lawschool,42,shift50,fnf,categorical,,0.0,extended6,50,False,model seed = shard seed; splits fixed,1,100,100,[20],0.001,0.0001,4,"[30, 30]",60,0.01,0.001,lawschool/seed42/shift50/fnf_extended6_gamma0_made50,,,,,,,,,,,,,,,,
lawschool,42,shift50,fnf,categorical,,1.0,extended6,100,False,model seed = shard seed; splits fixed,1,100,100,[20],0.001,0.0001,4,"[30, 30]",60,0.01,0.001,lawschool/seed42/shift50/fnf_extended6_gamma1_made100,,,,,,,,,,,,,,,,
lawschool,42,shift50,fnf,categorical,,1.0,extended6,50,False,model seed = shard seed; splits fixed,1,100,100,[20],0.001,0.0001,4,"[30, 30]",60,0.01,0.001,lawschool/seed42/shift50/fnf_extended6_gamma1_made50,,,,,,,,,,,,,,,,
lawschool,42,shift50,fnf,categorical,,0.02,paper2,100,False,model seed = shard seed; splits fixed,1,100,100,[20],0.001,0.0001,4,"[30, 30]",60,0.01,0.001,lawschool/seed42/shift50/fnf_paper2_gamma0.02_made100,,,,,,,,,,,,,,,,
lawschool,42,shift50,fnf,categorical,,0.02,paper2,50,False,model seed = shard seed; splits fixed,1,100,100,[20],0.001,0.0001,4,"[30, 30]",60,0.01,0.001,lawschool/seed42/shift50/fnf_paper2_gamma0.02_made50,,,,,,,,,,,,,,,,
lawschool,42,shift50,fnf,categorical,,0.1,paper2,100,False,model seed = shard seed; splits fixed,1,100,100,[20],0.001,0.0001,4,"[30, 30]",60,0.01,0.001,lawschool/seed42/shift50/fnf_paper2_gamma0.1_made100,,,,,,,,,,,,,,,,
lawschool,42,shift50,fnf,categorical,,0.1,paper2,50,False,model seed = shard seed; splits fixed,1,100,100,[20],0.001,0.0001,4,"[30, 30]",60,0.01,0.001,lawschool/seed42/shift50/fnf_paper2_gamma0.1_made50,,,,,,,,,,,,,,,,
lawschool,42,shift50,fnf,categorical,,0.2,paper2,100,False,model seed = shard seed; splits fixed,1,100,100,[20],0.001,0.0001,4,"[30, 30]",60,0.01,0.001,lawschool/seed42/shift50/fnf_paper2_gamma0.2_made100,,,,,,,,,,,,,,,,
lawschool,42,shift50,fnf,categorical,,0.2,paper2,50,False,model seed = shard seed; splits fixed,1,100,100,[20],0.001,0.0001,4,"[30, 30]",60,0.01,0.001,lawschool/seed42/shift50/fnf_paper2_gamma0.2_made50,,,,,,,,,,,,,,,,
lawschool,42,shift50,fnf,categorical,,0.5,paper2,100,False,model seed = shard seed; splits fixed,1,100,100,[20],0.001,0.0001,4,"[30, 30]",60,0.01,0.001,lawschool/seed42/shift50/fnf_paper2_gamma0.5_made100,,,,,,,,,,,,,,,,
lawschool,42,shift50,fnf,categorical,,0.5,paper2,50,False,model seed = shard seed; splits fixed,1,100,100,[20],0.001,0.0001,4,"[30, 30]",60,0.01,0.001,lawschool/seed42/shift50/fnf_paper2_gamma0.5_made50,,,,,,,,,,,,,,,,
lawschool,42,shift50,fnf,categorical,,0.9,paper2,100,False,model seed = shard seed; splits fixed,1,100,100,[20],0.001,0.0001,4,"[30, 30]",60,0.01,0.001,lawschool/seed42/shift50/fnf_paper2_gamma0.9_made100,,,,,,,,,,,,,,,,
lawschool,42,shift50,fnf,categorical,,0.9,paper2,50,False,model seed = shard seed; splits fixed,1,100,100,[20],0.001,0.0001,4,"[30, 30]",60,0.01,0.001,lawschool/seed42/shift50/fnf_paper2_gamma0.9_made50,,,,,,,,,,,,,,,,
lawschool,42,shift50,fnf,categorical,,0.0,paper2,100,False,model seed = shard seed; splits fixed,1,100,100,[20],0.001,0.0001,4,"[30, 30]",60,0.01,0.001,lawschool/seed42/shift50/fnf_paper2_gamma0_made100,,,,,,,,,,,,,,,,
lawschool,42,shift50,fnf,categorical,,0.0,paper2,50,False,model seed = shard seed; splits fixed,1,100,100,[20],0.001,0.0001,4,"[30, 30]",60,0.01,0.001,lawschool/seed42/shift50/fnf_paper2_gamma0_made50,,,,,,,,,,,,,,,,
lawschool,42,shift50,fnf,categorical,,1.0,paper2,100,False,model seed = shard seed; splits fixed,1,100,100,[20],0.001,0.0001,4,"[30, 30]",60,0.01,0.001,lawschool/seed42/shift50/fnf_paper2_gamma1_made100,,,,,,,,,,,,,,,,
lawschool,42,shift50,fnf,categorical,,1.0,paper2,50,False,model seed = shard seed; splits fixed,1,100,100,[20],0.001,0.0001,4,"[30, 30]",60,0.01,0.001,lawschool/seed42/shift50/fnf_paper2_gamma1_made50,,,,,,,,,,,,,,,,
lawschool,42,shift75,erm,,,,extended6,,False,model seed = shard seed; splits fixed,,100,100,[20],0.001,0.0001,4,"[30, 30]",60,0.01,0.001,lawschool/seed42/shift75/erm_extended6,,,,,,,,,,,,,,,,
lawschool,42,shift75,erm,,,,paper2,,False,model seed = shard seed; splits fixed,,100,100,[20],0.001,0.0001,4,"[30, 30]",60,0.01,0.001,lawschool/seed42/shift75/erm_paper2,,,,,,,,,,,,,,,,
lawschool,42,shift75,fnf,categorical,,0.02,extended6,100,False,model seed = shard seed; splits fixed,1,100,100,[20],0.001,0.0001,4,"[30, 30]",60,0.01,0.001,lawschool/seed42/shift75/fnf_extended6_gamma0.02_made100,,,,,,,,,,,,,,,,
lawschool,42,shift75,fnf,categorical,,0.02,extended6,50,False,model seed = shard seed; splits fixed,1,100,100,[20],0.001,0.0001,4,"[30, 30]",60,0.01,0.001,lawschool/seed42/shift75/fnf_extended6_gamma0.02_made50,,,,,,,,,,,,,,,,
lawschool,42,shift75,fnf,categorical,,0.1,extended6,100,False,model seed = shard seed; splits fixed,1,100,100,[20],0.001,0.0001,4,"[30, 30]",60,0.01,0.001,lawschool/seed42/shift75/fnf_extended6_gamma0.1_made100,,,,,,,,,,,,,,,,
lawschool,42,shift75,fnf,categorical,,0.1,extended6,50,False,model seed = shard seed; splits fixed,1,100,100,[20],0.001,0.0001,4,"[30, 30]",60,0.01,0.001,lawschool/seed42/shift75/fnf_extended6_gamma0.1_made50,,,,,,,,,,,,,,,,
lawschool,42,shift75,fnf,categorical,,0.2,extended6,100,False,model seed = shard seed; splits fixed,1,100,100,[20],0.001,0.0001,4,"[30, 30]",60,0.01,0.001,lawschool/seed42/shift75/fnf_extended6_gamma0.2_made100,,,,,,,,,,,,,,,,
lawschool,42,shift75,fnf,categorical,,0.2,extended6,50,False,model seed = shard seed; splits fixed,1,100,100,[20],0.001,0.0001,4,"[30, 30]",60,0.01,0.001,lawschool/seed42/shift75/fnf_extended6_gamma0.2_made50,,,,,,,,,,,,,,,,
lawschool,42,shift75,fnf,categorical,,0.5,extended6,100,False,model seed = shard seed; splits fixed,1,100,100,[20],0.001,0.0001,4,"[30, 30]",60,0.01,0.001,lawschool/seed42/shift75/fnf_extended6_gamma0.5_made100,,,,,,,,,,,,,,,,
lawschool,42,shift75,fnf,categorical,,0.5,extended6,50,False,model seed = shard seed; splits fixed,1,100,100,[20],0.001,0.0001,4,"[30, 30]",60,0.01,0.001,lawschool/seed42/shift75/fnf_extended6_gamma0.5_made50,,,,,,,,,,,,,,,,
lawschool,42,shift75,fnf,categorical,,0.9,extended6,100,False,model seed = shard seed; splits fixed,1,100,100,[20],0.001,0.0001,4,"[30, 30]",60,0.01,0.001,lawschool/seed42/shift75/fnf_extended6_gamma0.9_made100,,,,,,,,,,,,,,,,
lawschool,42,shift75,fnf,categorical,,0.9,extended6,50,False,model seed = shard seed; splits fixed,1,100,100,[20],0.001,0.0001,4,"[30, 30]",60,0.01,0.001,lawschool/seed42/shift75/fnf_extended6_gamma0.9_made50,,,,,,,,,,,,,,,,
lawschool,42,shift75,fnf,categorical,,0.0,extended6,100,False,model seed = shard seed; splits fixed,1,100,100,[20],0.001,0.0001,4,"[30, 30]",60,0.01,0.001,lawschool/seed42/shift75/fnf_extended6_gamma0_made100,,,,,,,,,,,,,,,,
lawschool,42,shift75,fnf,categorical,,0.0,extended6,50,False,model seed = shard seed; splits fixed,1,100,100,[20],0.001,0.0001,4,"[30, 30]",60,0.01,0.001,lawschool/seed42/shift75/fnf_extended6_gamma0_made50,,,,,,,,,,,,,,,,
lawschool,42,shift75,fnf,categorical,,1.0,extended6,100,False,model seed = shard seed; splits fixed,1,100,100,[20],0.001,0.0001,4,"[30, 30]",60,0.01,0.001,lawschool/seed42/shift75/fnf_extended6_gamma1_made100,,,,,,,,,,,,,,,,
lawschool,42,shift75,fnf,categorical,,1.0,extended6,50,False,model seed = shard seed; splits fixed,1,100,100,[20],0.001,0.0001,4,"[30, 30]",60,0.01,0.001,lawschool/seed42/shift75/fnf_extended6_gamma1_made50,,,,,,,,,,,,,,,,
lawschool,42,shift75,fnf,categorical,,0.02,paper2,100,False,model seed = shard seed; splits fixed,1,100,100,[20],0.001,0.0001,4,"[30, 30]",60,0.01,0.001,lawschool/seed42/shift75/fnf_paper2_gamma0.02_made100,,,,,,,,,,,,,,,,
lawschool,42,shift75,fnf,categorical,,0.02,paper2,50,False,model seed = shard seed; splits fixed,1,100,100,[20],0.001,0.0001,4,"[30, 30]",60,0.01,0.001,lawschool/seed42/shift75/fnf_paper2_gamma0.02_made50,,,,,,,,,,,,,,,,
lawschool,42,shift75,fnf,categorical,,0.1,paper2,100,False,model seed = shard seed; splits fixed,1,100,100,[20],0.001,0.0001,4,"[30, 30]",60,0.01,0.001,lawschool/seed42/shift75/fnf_paper2_gamma0.1_made100,,,,,,,,,,,,,,,,
lawschool,42,shift75,fnf,categorical,,0.1,paper2,50,False,model seed = shard seed; splits fixed,1,100,100,[20],0.001,0.0001,4,"[30, 30]",60,0.01,0.001,lawschool/seed42/shift75/fnf_paper2_gamma0.1_made50,,,,,,,,,,,,,,,,
lawschool,42,shift75,fnf,categorical,,0.2,paper2,100,False,model seed = shard seed; splits fixed,1,100,100,[20],0.001,0.0001,4,"[30, 30]",60,0.01,0.001,lawschool/seed42/shift75/fnf_paper2_gamma0.2_made100,,,,,,,,,,,,,,,,
lawschool,42,shift75,fnf,categorical,,0.2,paper2,50,False,model seed = shard seed; splits fixed,1,100,100,[20],0.001,0.0001,4,"[30, 30]",60,0.01,0.001,lawschool/seed42/shift75/fnf_paper2_gamma0.2_made50,,,,,,,,,,,,,,,,
lawschool,42,shift75,fnf,categorical,,0.5,paper2,100,False,model seed = shard seed; splits fixed,1,100,100,[20],0.001,0.0001,4,"[30, 30]",60,0.01,0.001,lawschool/seed42/shift75/fnf_paper2_gamma0.5_made100,,,,,,,,,,,,,,,,
lawschool,42,shift75,fnf,categorical,,0.5,paper2,50,False,model seed = shard seed; splits fixed,1,100,100,[20],0.001,0.0001,4,"[30, 30]",60,0.01,0.001,lawschool/seed42/shift75/fnf_paper2_gamma0.5_made50,,,,,,,,,,,,,,,,
lawschool,42,shift75,fnf,categorical,,0.9,paper2,100,False,model seed = shard seed; splits fixed,1,100,100,[20],0.001,0.0001,4,"[30, 30]",60,0.01,0.001,lawschool/seed42/shift75/fnf_paper2_gamma0.9_made100,,,,,,,,,,,,,,,,
lawschool,42,shift75,fnf,categorical,,0.9,paper2,50,False,model seed = shard seed; splits fixed,1,100,100,[20],0.001,0.0001,4,"[30, 30]",60,0.01,0.001,lawschool/seed42/shift75/fnf_paper2_gamma0.9_made50,,,,,,,,,,,,,,,,
lawschool,42,shift75,fnf,categorical,,0.0,paper2,100,False,model seed = shard seed; splits fixed,1,100,100,[20],0.001,0.0001,4,"[30, 30]",60,0.01,0.001,lawschool/seed42/shift75/fnf_paper2_gamma0_made100,,,,,,,,,,,,,,,,
lawschool,42,shift75,fnf,categorical,,0.0,paper2,50,False,model seed = shard seed; splits fixed,1,100,100,[20],0.001,0.0001,4,"[30, 30]",60,0.01,0.001,lawschool/seed42/shift75/fnf_paper2_gamma0_made50,,,,,,,,,,,,,,,,
lawschool,42,shift75,fnf,categorical,,1.0,paper2,100,False,model seed = shard seed; splits fixed,1,100,100,[20],0.001,0.0001,4,"[30, 30]",60,0.01,0.001,lawschool/seed42/shift75/fnf_paper2_gamma1_made100,,,,,,,,,,,,,,,,
lawschool,42,shift75,fnf,categorical,,1.0,paper2,50,False,model seed = shard seed; splits fixed,1,100,100,[20],0.001,0.0001,4,"[30, 30]",60,0.01,0.001,lawschool/seed42/shift75/fnf_paper2_gamma1_made50,,,,,,,,,,,,,,,,
lawschool,456,equalized,erm,,,,extended6,,False,model seed = shard seed; splits fixed,,100,100,[20],0.001,0.0001,4,"[30, 30]",60,0.01,0.001,lawschool/seed456/equalized/erm_extended6,,,,,,,,,,,,,,,,
lawschool,456,equalized,erm,,,,paper2,,False,model seed = shard seed; splits fixed,,100,100,[20],0.001,0.0001,4,"[30, 30]",60,0.01,0.001,lawschool/seed456/equalized/erm_paper2,,,,,,,,,,,,,,,,
lawschool,456,equalized,fnf,categorical,,0.02,extended6,100,False,model seed = shard seed; splits fixed,1,100,100,[20],0.001,0.0001,4,"[30, 30]",60,0.01,0.001,lawschool/seed456/equalized/fnf_extended6_gamma0.02_made100,,,,,,,,,,,,,,,,
lawschool,456,equalized,fnf,categorical,,0.02,extended6,50,False,model seed = shard seed; splits fixed,1,100,100,[20],0.001,0.0001,4,"[30, 30]",60,0.01,0.001,lawschool/seed456/equalized/fnf_extended6_gamma0.02_made50,,,,,,,,,,,,,,,,
lawschool,456,equalized,fnf,categorical,,0.1,extended6,100,False,model seed = shard seed; splits fixed,1,100,100,[20],0.001,0.0001,4,"[30, 30]",60,0.01,0.001,lawschool/seed456/equalized/fnf_extended6_gamma0.1_made100,,,,,,,,,,,,,,,,
lawschool,456,equalized,fnf,categorical,,0.1,extended6,50,False,model seed = shard seed; splits fixed,1,100,100,[20],0.001,0.0001,4,"[30, 30]",60,0.01,0.001,lawschool/seed456/equalized/fnf_extended6_gamma0.1_made50,,,,,,,,,,,,,,,,
lawschool,456,equalized,fnf,categorical,,0.2,extended6,100,False,model seed = shard seed; splits fixed,1,100,100,[20],0.001,0.0001,4,"[30, 30]",60,0.01,0.001,lawschool/seed456/equalized/fnf_extended6_gamma0.2_made100,,,,,,,,,,,,,,,,
lawschool,456,equalized,fnf,categorical,,0.2,extended6,50,False,model seed = shard seed; splits fixed,1,100,100,[20],0.001,0.0001,4,"[30, 30]",60,0.01,0.001,lawschool/seed456/equalized/fnf_extended6_gamma0.2_made50,,,,,,,,,,,,,,,,
lawschool,456,equalized,fnf,categorical,,0.5,extended6,100,False,model seed = shard seed; splits fixed,1,100,100,[20],0.001,0.0001,4,"[30, 30]",60,0.01,0.001,lawschool/seed456/equalized/fnf_extended6_gamma0.5_made100,,,,,,,,,,,,,,,,
lawschool,456,equalized,fnf,categorical,,0.5,extended6,50,False,model seed = shard seed; splits fixed,1,100,100,[20],0.001,0.0001,4,"[30, 30]",60,0.01,0.001,lawschool/seed456/equalized/fnf_extended6_gamma0.5_made50,,,,,,,,,,,,,,,,
lawschool,456,equalized,fnf,categorical,,0.9,extended6,100,False,model seed = shard seed; splits fixed,1,100,100,[20],0.001,0.0001,4,"[30, 30]",60,0.01,0.001,lawschool/seed456/equalized/fnf_extended6_gamma0.9_made100,,,,,,,,,,,,,,,,
lawschool,456,equalized,fnf,categorical,,0.9,extended6,50,False,model seed = shard seed; splits fixed,1,100,100,[20],0.001,0.0001,4,"[30, 30]",60,0.01,0.001,lawschool/seed456/equalized/fnf_extended6_gamma0.9_made50,,,,,,,,,,,,,,,,
lawschool,456,equalized,fnf,categorical,,0.0,extended6,100,False,model seed = shard seed; splits fixed,1,100,100,[20],0.001,0.0001,4,"[30, 30]",60,0.01,0.001,lawschool/seed456/equalized/fnf_extended6_gamma0_made100,,,,,,,,,,,,,,,,
lawschool,456,equalized,fnf,categorical,,0.0,extended6,50,False,model seed = shard seed; splits fixed,1,100,100,[20],0.001,0.0001,4,"[30, 30]",60,0.01,0.001,lawschool/seed456/equalized/fnf_extended6_gamma0_made50,,,,,,,,,,,,,,,,
lawschool,456,equalized,fnf,categorical,,1.0,extended6,100,False,model seed = shard seed; splits fixed,1,100,100,[20],0.001,0.0001,4,"[30, 30]",60,0.01,0.001,lawschool/seed456/equalized/fnf_extended6_gamma1_made100,,,,,,,,,,,,,,,,
lawschool,456,equalized,fnf,categorical,,1.0,extended6,50,False,model seed = shard seed; splits fixed,1,100,100,[20],0.001,0.0001,4,"[30, 30]",60,0.01,0.001,lawschool/seed456/equalized/fnf_extended6_gamma1_made50,,,,,,,,,,,,,,,,
lawschool,456,equalized,fnf,categorical,,0.02,paper2,100,False,model seed = shard seed; splits fixed,1,100,100,[20],0.001,0.0001,4,"[30, 30]",60,0.01,0.001,lawschool/seed456/equalized/fnf_paper2_gamma0.02_made100,,,,,,,,,,,,,,,,
lawschool,456,equalized,fnf,categorical,,0.02,paper2,50,False,model seed = shard seed; splits fixed,1,100,100,[20],0.001,0.0001,4,"[30, 30]",60,0.01,0.001,lawschool/seed456/equalized/fnf_paper2_gamma0.02_made50,,,,,,,,,,,,,,,,
lawschool,456,equalized,fnf,categorical,,0.1,paper2,100,False,model seed = shard seed; splits fixed,1,100,100,[20],0.001,0.0001,4,"[30, 30]",60,0.01,0.001,lawschool/seed456/equalized/fnf_paper2_gamma0.1_made100,,,,,,,,,,,,,,,,
lawschool,456,equalized,fnf,categorical,,0.1,paper2,50,False,model seed = shard seed; splits fixed,1,100,100,[20],0.001,0.0001,4,"[30, 30]",60,0.01,0.001,lawschool/seed456/equalized/fnf_paper2_gamma0.1_made50,,,,,,,,,,,,,,,,
lawschool,456,equalized,fnf,categorical,,0.2,paper2,100,False,model seed = shard seed; splits fixed,1,100,100,[20],0.001,0.0001,4,"[30, 30]",60,0.01,0.001,lawschool/seed456/equalized/fnf_paper2_gamma0.2_made100,,,,,,,,,,,,,,,,
lawschool,456,equalized,fnf,categorical,,0.2,paper2,50,False,model seed = shard seed; splits fixed,1,100,100,[20],0.001,0.0001,4,"[30, 30]",60,0.01,0.001,lawschool/seed456/equalized/fnf_paper2_gamma0.2_made50,,,,,,,,,,,,,,,,
lawschool,456,equalized,fnf,categorical,,0.5,paper2,100,False,model seed = shard seed; splits fixed,1,100,100,[20],0.001,0.0001,4,"[30, 30]",60,0.01,0.001,lawschool/seed456/equalized/fnf_paper2_gamma0.5_made100,,,,,,,,,,,,,,,,
lawschool,456,equalized,fnf,categorical,,0.5,paper2,50,False,model seed = shard seed; splits fixed,1,100,100,[20],0.001,0.0001,4,"[30, 30]",60,0.01,0.001,lawschool/seed456/equalized/fnf_paper2_gamma0.5_made50,,,,,,,,,,,,,,,,
lawschool,456,equalized,fnf,categorical,,0.9,paper2,100,False,model seed = shard seed; splits fixed,1,100,100,[20],0.001,0.0001,4,"[30, 30]",60,0.01,0.001,lawschool/seed456/equalized/fnf_paper2_gamma0.9_made100,,,,,,,,,,,,,,,,
lawschool,456,equalized,fnf,categorical,,0.9,paper2,50,False,model seed = shard seed; splits fixed,1,100,100,[20],0.001,0.0001,4,"[30, 30]",60,0.01,0.001,lawschool/seed456/equalized/fnf_paper2_gamma0.9_made50,,,,,,,,,,,,,,,,
lawschool,456,equalized,fnf,categorical,,0.0,paper2,100,False,model seed = shard seed; splits fixed,1,100,100,[20],0.001,0.0001,4,"[30, 30]",60,0.01,0.001,lawschool/seed456/equalized/fnf_paper2_gamma0_made100,,,,,,,,,,,,,,,,
lawschool,456,equalized,fnf,categorical,,0.0,paper2,50,False,model seed = shard seed; splits fixed,1,100,100,[20],0.001,0.0001,4,"[30, 30]",60,0.01,0.001,lawschool/seed456/equalized/fnf_paper2_gamma0_made50,,,,,,,,,,,,,,,,
lawschool,456,equalized,fnf,categorical,,1.0,paper2,100,False,model seed = shard seed; splits fixed,1,100,100,[20],0.001,0.0001,4,"[30, 30]",60,0.01,0.001,lawschool/seed456/equalized/fnf_paper2_gamma1_made100,,,,,,,,,,,,,,,,
lawschool,456,equalized,fnf,categorical,,1.0,paper2,50,False,model seed = shard seed; splits fixed,1,100,100,[20],0.001,0.0001,4,"[30, 30]",60,0.01,0.001,lawschool/seed456/equalized/fnf_paper2_gamma1_made50,,,,,,,,,,,,,,,,
lawschool,456,natural,erm,,,,extended6,,False,model seed = shard seed; splits fixed,,100,100,[20],0.001,0.0001,4,"[30, 30]",60,0.01,0.001,lawschool/seed456/natural/erm_extended6,,,,,,,,,,,,,,,,
lawschool,456,natural,erm,,,,paper2,,False,model seed = shard seed; splits fixed,,100,100,[20],0.001,0.0001,4,"[30, 30]",60,0.01,0.001,lawschool/seed456/natural/erm_paper2,,,,,,,,,,,,,,,,
lawschool,456,natural,fnf,categorical,,0.02,extended6,100,False,model seed = shard seed; splits fixed,1,100,100,[20],0.001,0.0001,4,"[30, 30]",60,0.01,0.001,lawschool/seed456/natural/fnf_extended6_gamma0.02_made100,,,,,,,,,,,,,,,,
lawschool,456,natural,fnf,categorical,,0.02,extended6,50,False,model seed = shard seed; splits fixed,1,100,100,[20],0.001,0.0001,4,"[30, 30]",60,0.01,0.001,lawschool/seed456/natural/fnf_extended6_gamma0.02_made50,,,,,,,,,,,,,,,,
lawschool,456,natural,fnf,categorical,,0.1,extended6,100,False,model seed = shard seed; splits fixed,1,100,100,[20],0.001,0.0001,4,"[30, 30]",60,0.01,0.001,lawschool/seed456/natural/fnf_extended6_gamma0.1_made100,,,,,,,,,,,,,,,,
lawschool,456,natural,fnf,categorical,,0.1,extended6,50,False,model seed = shard seed; splits fixed,1,100,100,[20],0.001,0.0001,4,"[30, 30]",60,0.01,0.001,lawschool/seed456/natural/fnf_extended6_gamma0.1_made50,,,,,,,,,,,,,,,,
lawschool,456,natural,fnf,categorical,,0.2,extended6,100,False,model seed = shard seed; splits fixed,1,100,100,[20],0.001,0.0001,4,"[30, 30]",60,0.01,0.001,lawschool/seed456/natural/fnf_extended6_gamma0.2_made100,,,,,,,,,,,,,,,,
lawschool,456,natural,fnf,categorical,,0.2,extended6,50,False,model seed = shard seed; splits fixed,1,100,100,[20],0.001,0.0001,4,"[30, 30]",60,0.01,0.001,lawschool/seed456/natural/fnf_extended6_gamma0.2_made50,,,,,,,,,,,,,,,,
lawschool,456,natural,fnf,categorical,,0.5,extended6,100,False,model seed = shard seed; splits fixed,1,100,100,[20],0.001,0.0001,4,"[30, 30]",60,0.01,0.001,lawschool/seed456/natural/fnf_extended6_gamma0.5_made100,,,,,,,,,,,,,,,,
lawschool,456,natural,fnf,categorical,,0.5,extended6,50,False,model seed = shard seed; splits fixed,1,100,100,[20],0.001,0.0001,4,"[30, 30]",60,0.01,0.001,lawschool/seed456/natural/fnf_extended6_gamma0.5_made50,,,,,,,,,,,,,,,,
lawschool,456,natural,fnf,categorical,,0.9,extended6,100,False,model seed = shard seed; splits fixed,1,100,100,[20],0.001,0.0001,4,"[30, 30]",60,0.01,0.001,lawschool/seed456/natural/fnf_extended6_gamma0.9_made100,,,,,,,,,,,,,,,,
lawschool,456,natural,fnf,categorical,,0.9,extended6,50,False,model seed = shard seed; splits fixed,1,100,100,[20],0.001,0.0001,4,"[30, 30]",60,0.01,0.001,lawschool/seed456/natural/fnf_extended6_gamma0.9_made50,,,,,,,,,,,,,,,,
lawschool,456,natural,fnf,categorical,,0.0,extended6,100,False,model seed = shard seed; splits fixed,1,100,100,[20],0.001,0.0001,4,"[30, 30]",60,0.01,0.001,lawschool/seed456/natural/fnf_extended6_gamma0_made100,,,,,,,,,,,,,,,,
lawschool,456,natural,fnf,categorical,,0.0,extended6,50,False,model seed = shard seed; splits fixed,1,100,100,[20],0.001,0.0001,4,"[30, 30]",60,0.01,0.001,lawschool/seed456/natural/fnf_extended6_gamma0_made50,,,,,,,,,,,,,,,,
lawschool,456,natural,fnf,categorical,,1.0,extended6,100,False,model seed = shard seed; splits fixed,1,100,100,[20],0.001,0.0001,4,"[30, 30]",60,0.01,0.001,lawschool/seed456/natural/fnf_extended6_gamma1_made100,,,,,,,,,,,,,,,,
lawschool,456,natural,fnf,categorical,,1.0,extended6,50,False,model seed = shard seed; splits fixed,1,100,100,[20],0.001,0.0001,4,"[30, 30]",60,0.01,0.001,lawschool/seed456/natural/fnf_extended6_gamma1_made50,,,,,,,,,,,,,,,,
lawschool,456,natural,fnf,categorical,,0.02,paper2,100,False,model seed = shard seed; splits fixed,1,100,100,[20],0.001,0.0001,4,"[30, 30]",60,0.01,0.001,lawschool/seed456/natural/fnf_paper2_gamma0.02_made100,,,,,,,,,,,,,,,,
lawschool,456,natural,fnf,categorical,,0.02,paper2,50,False,model seed = shard seed; splits fixed,1,100,100,[20],0.001,0.0001,4,"[30, 30]",60,0.01,0.001,lawschool/seed456/natural/fnf_paper2_gamma0.02_made50,,,,,,,,,,,,,,,,
lawschool,456,natural,fnf,categorical,,0.1,paper2,100,False,model seed = shard seed; splits fixed,1,100,100,[20],0.001,0.0001,4,"[30, 30]",60,0.01,0.001,lawschool/seed456/natural/fnf_paper2_gamma0.1_made100,,,,,,,,,,,,,,,,
lawschool,456,natural,fnf,categorical,,0.1,paper2,50,False,model seed = shard seed; splits fixed,1,100,100,[20],0.001,0.0001,4,"[30, 30]",60,0.01,0.001,lawschool/seed456/natural/fnf_paper2_gamma0.1_made50,,,,,,,,,,,,,,,,
lawschool,456,natural,fnf,categorical,,0.2,paper2,100,False,model seed = shard seed; splits fixed,1,100,100,[20],0.001,0.0001,4,"[30, 30]",60,0.01,0.001,lawschool/seed456/natural/fnf_paper2_gamma0.2_made100,,,,,,,,,,,,,,,,
lawschool,456,natural,fnf,categorical,,0.2,paper2,50,False,model seed = shard seed; splits fixed,1,100,100,[20],0.001,0.0001,4,"[30, 30]",60,0.01,0.001,lawschool/seed456/natural/fnf_paper2_gamma0.2_made50,,,,,,,,,,,,,,,,
lawschool,456,natural,fnf,categorical,,0.5,paper2,100,False,model seed = shard seed; splits fixed,1,100,100,[20],0.001,0.0001,4,"[30, 30]",60,0.01,0.001,lawschool/seed456/natural/fnf_paper2_gamma0.5_made100,,,,,,,,,,,,,,,,
lawschool,456,natural,fnf,categorical,,0.5,paper2,50,False,model seed = shard seed; splits fixed,1,100,100,[20],0.001,0.0001,4,"[30, 30]",60,0.01,0.001,lawschool/seed456/natural/fnf_paper2_gamma0.5_made50,,,,,,,,,,,,,,,,
lawschool,456,natural,fnf,categorical,,0.9,paper2,100,False,model seed = shard seed; splits fixed,1,100,100,[20],0.001,0.0001,4,"[30, 30]",60,0.01,0.001,lawschool/seed456/natural/fnf_paper2_gamma0.9_made100,,,,,,,,,,,,,,,,
lawschool,456,natural,fnf,categorical,,0.9,paper2,50,False,model seed = shard seed; splits fixed,1,100,100,[20],0.001,0.0001,4,"[30, 30]",60,0.01,0.001,lawschool/seed456/natural/fnf_paper2_gamma0.9_made50,,,,,,,,,,,,,,,,
lawschool,456,natural,fnf,categorical,,0.0,paper2,100,False,model seed = shard seed; splits fixed,1,100,100,[20],0.001,0.0001,4,"[30, 30]",60,0.01,0.001,lawschool/seed456/natural/fnf_paper2_gamma0_made100,,,,,,,,,,,,,,,,
lawschool,456,natural,fnf,categorical,,0.0,paper2,50,False,model seed = shard seed; splits fixed,1,100,100,[20],0.001,0.0001,4,"[30, 30]",60,0.01,0.001,lawschool/seed456/natural/fnf_paper2_gamma0_made50,,,,,,,,,,,,,,,,
lawschool,456,natural,fnf,categorical,,1.0,paper2,100,False,model seed = shard seed; splits fixed,1,100,100,[20],0.001,0.0001,4,"[30, 30]",60,0.01,0.001,lawschool/seed456/natural/fnf_paper2_gamma1_made100,,,,,,,,,,,,,,,,
lawschool,456,natural,fnf,categorical,,1.0,paper2,50,False,model seed = shard seed; splits fixed,1,100,100,[20],0.001,0.0001,4,"[30, 30]",60,0.01,0.001,lawschool/seed456/natural/fnf_paper2_gamma1_made50,,,,,,,,,,,,,,,,
lawschool,456,shift50,erm,,,,extended6,,False,model seed = shard seed; splits fixed,,100,100,[20],0.001,0.0001,4,"[30, 30]",60,0.01,0.001,lawschool/seed456/shift50/erm_extended6,,,,,,,,,,,,,,,,
lawschool,456,shift50,erm,,,,paper2,,False,model seed = shard seed; splits fixed,,100,100,[20],0.001,0.0001,4,"[30, 30]",60,0.01,0.001,lawschool/seed456/shift50/erm_paper2,,,,,,,,,,,,,,,,
lawschool,456,shift50,fnf,categorical,,0.02,extended6,100,False,model seed = shard seed; splits fixed,1,100,100,[20],0.001,0.0001,4,"[30, 30]",60,0.01,0.001,lawschool/seed456/shift50/fnf_extended6_gamma0.02_made100,,,,,,,,,,,,,,,,
lawschool,456,shift50,fnf,categorical,,0.02,extended6,50,False,model seed = shard seed; splits fixed,1,100,100,[20],0.001,0.0001,4,"[30, 30]",60,0.01,0.001,lawschool/seed456/shift50/fnf_extended6_gamma0.02_made50,,,,,,,,,,,,,,,,
lawschool,456,shift50,fnf,categorical,,0.1,extended6,100,False,model seed = shard seed; splits fixed,1,100,100,[20],0.001,0.0001,4,"[30, 30]",60,0.01,0.001,lawschool/seed456/shift50/fnf_extended6_gamma0.1_made100,,,,,,,,,,,,,,,,
lawschool,456,shift50,fnf,categorical,,0.1,extended6,50,False,model seed = shard seed; splits fixed,1,100,100,[20],0.001,0.0001,4,"[30, 30]",60,0.01,0.001,lawschool/seed456/shift50/fnf_extended6_gamma0.1_made50,,,,,,,,,,,,,,,,
lawschool,456,shift50,fnf,categorical,,0.2,extended6,100,False,model seed = shard seed; splits fixed,1,100,100,[20],0.001,0.0001,4,"[30, 30]",60,0.01,0.001,lawschool/seed456/shift50/fnf_extended6_gamma0.2_made100,,,,,,,,,,,,,,,,
lawschool,456,shift50,fnf,categorical,,0.2,extended6,50,False,model seed = shard seed; splits fixed,1,100,100,[20],0.001,0.0001,4,"[30, 30]",60,0.01,0.001,lawschool/seed456/shift50/fnf_extended6_gamma0.2_made50,,,,,,,,,,,,,,,,
lawschool,456,shift50,fnf,categorical,,0.5,extended6,100,False,model seed = shard seed; splits fixed,1,100,100,[20],0.001,0.0001,4,"[30, 30]",60,0.01,0.001,lawschool/seed456/shift50/fnf_extended6_gamma0.5_made100,,,,,,,,,,,,,,,,
lawschool,456,shift50,fnf,categorical,,0.5,extended6,50,False,model seed = shard seed; splits fixed,1,100,100,[20],0.001,0.0001,4,"[30, 30]",60,0.01,0.001,lawschool/seed456/shift50/fnf_extended6_gamma0.5_made50,,,,,,,,,,,,,,,,
lawschool,456,shift50,fnf,categorical,,0.9,extended6,100,False,model seed = shard seed; splits fixed,1,100,100,[20],0.001,0.0001,4,"[30, 30]",60,0.01,0.001,lawschool/seed456/shift50/fnf_extended6_gamma0.9_made100,,,,,,,,,,,,,,,,
lawschool,456,shift50,fnf,categorical,,0.9,extended6,50,False,model seed = shard seed; splits fixed,1,100,100,[20],0.001,0.0001,4,"[30, 30]",60,0.01,0.001,lawschool/seed456/shift50/fnf_extended6_gamma0.9_made50,,,,,,,,,,,,,,,,
lawschool,456,shift50,fnf,categorical,,0.0,extended6,100,False,model seed = shard seed; splits fixed,1,100,100,[20],0.001,0.0001,4,"[30, 30]",60,0.01,0.001,lawschool/seed456/shift50/fnf_extended6_gamma0_made100,,,,,,,,,,,,,,,,
lawschool,456,shift50,fnf,categorical,,0.0,extended6,50,False,model seed = shard seed; splits fixed,1,100,100,[20],0.001,0.0001,4,"[30, 30]",60,0.01,0.001,lawschool/seed456/shift50/fnf_extended6_gamma0_made50,,,,,,,,,,,,,,,,
lawschool,456,shift50,fnf,categorical,,1.0,extended6,100,False,model seed = shard seed; splits fixed,1,100,100,[20],0.001,0.0001,4,"[30, 30]",60,0.01,0.001,lawschool/seed456/shift50/fnf_extended6_gamma1_made100,,,,,,,,,,,,,,,,
lawschool,456,shift50,fnf,categorical,,1.0,extended6,50,False,model seed = shard seed; splits fixed,1,100,100,[20],0.001,0.0001,4,"[30, 30]",60,0.01,0.001,lawschool/seed456/shift50/fnf_extended6_gamma1_made50,,,,,,,,,,,,,,,,
lawschool,456,shift50,fnf,categorical,,0.02,paper2,100,False,model seed = shard seed; splits fixed,1,100,100,[20],0.001,0.0001,4,"[30, 30]",60,0.01,0.001,lawschool/seed456/shift50/fnf_paper2_gamma0.02_made100,,,,,,,,,,,,,,,,
lawschool,456,shift50,fnf,categorical,,0.02,paper2,50,False,model seed = shard seed; splits fixed,1,100,100,[20],0.001,0.0001,4,"[30, 30]",60,0.01,0.001,lawschool/seed456/shift50/fnf_paper2_gamma0.02_made50,,,,,,,,,,,,,,,,
lawschool,456,shift50,fnf,categorical,,0.1,paper2,100,False,model seed = shard seed; splits fixed,1,100,100,[20],0.001,0.0001,4,"[30, 30]",60,0.01,0.001,lawschool/seed456/shift50/fnf_paper2_gamma0.1_made100,,,,,,,,,,,,,,,,
lawschool,456,shift50,fnf,categorical,,0.1,paper2,50,False,model seed = shard seed; splits fixed,1,100,100,[20],0.001,0.0001,4,"[30, 30]",60,0.01,0.001,lawschool/seed456/shift50/fnf_paper2_gamma0.1_made50,,,,,,,,,,,,,,,,
lawschool,456,shift50,fnf,categorical,,0.2,paper2,100,False,model seed = shard seed; splits fixed,1,100,100,[20],0.001,0.0001,4,"[30, 30]",60,0.01,0.001,lawschool/seed456/shift50/fnf_paper2_gamma0.2_made100,,,,,,,,,,,,,,,,
lawschool,456,shift50,fnf,categorical,,0.2,paper2,50,False,model seed = shard seed; splits fixed,1,100,100,[20],0.001,0.0001,4,"[30, 30]",60,0.01,0.001,lawschool/seed456/shift50/fnf_paper2_gamma0.2_made50,,,,,,,,,,,,,,,,
lawschool,456,shift50,fnf,categorical,,0.5,paper2,100,False,model seed = shard seed; splits fixed,1,100,100,[20],0.001,0.0001,4,"[30, 30]",60,0.01,0.001,lawschool/seed456/shift50/fnf_paper2_gamma0.5_made100,,,,,,,,,,,,,,,,
lawschool,456,shift50,fnf,categorical,,0.5,paper2,50,False,model seed = shard seed; splits fixed,1,100,100,[20],0.001,0.0001,4,"[30, 30]",60,0.01,0.001,lawschool/seed456/shift50/fnf_paper2_gamma0.5_made50,,,,,,,,,,,,,,,,
lawschool,456,shift50,fnf,categorical,,0.9,paper2,100,False,model seed = shard seed; splits fixed,1,100,100,[20],0.001,0.0001,4,"[30, 30]",60,0.01,0.001,lawschool/seed456/shift50/fnf_paper2_gamma0.9_made100,,,,,,,,,,,,,,,,
lawschool,456,shift50,fnf,categorical,,0.9,paper2,50,False,model seed = shard seed; splits fixed,1,100,100,[20],0.001,0.0001,4,"[30, 30]",60,0.01,0.001,lawschool/seed456/shift50/fnf_paper2_gamma0.9_made50,,,,,,,,,,,,,,,,
lawschool,456,shift50,fnf,categorical,,0.0,paper2,100,False,model seed = shard seed; splits fixed,1,100,100,[20],0.001,0.0001,4,"[30, 30]",60,0.01,0.001,lawschool/seed456/shift50/fnf_paper2_gamma0_made100,,,,,,,,,,,,,,,,
lawschool,456,shift50,fnf,categorical,,0.0,paper2,50,False,model seed = shard seed; splits fixed,1,100,100,[20],0.001,0.0001,4,"[30, 30]",60,0.01,0.001,lawschool/seed456/shift50/fnf_paper2_gamma0_made50,,,,,,,,,,,,,,,,
lawschool,456,shift50,fnf,categorical,,1.0,paper2,100,False,model seed = shard seed; splits fixed,1,100,100,[20],0.001,0.0001,4,"[30, 30]",60,0.01,0.001,lawschool/seed456/shift50/fnf_paper2_gamma1_made100,,,,,,,,,,,,,,,,
lawschool,456,shift50,fnf,categorical,,1.0,paper2,50,False,model seed = shard seed; splits fixed,1,100,100,[20],0.001,0.0001,4,"[30, 30]",60,0.01,0.001,lawschool/seed456/shift50/fnf_paper2_gamma1_made50,,,,,,,,,,,,,,,,
lawschool,456,shift75,erm,,,,extended6,,False,model seed = shard seed; splits fixed,,100,100,[20],0.001,0.0001,4,"[30, 30]",60,0.01,0.001,lawschool/seed456/shift75/erm_extended6,,,,,,,,,,,,,,,,
lawschool,456,shift75,erm,,,,paper2,,False,model seed = shard seed; splits fixed,,100,100,[20],0.001,0.0001,4,"[30, 30]",60,0.01,0.001,lawschool/seed456/shift75/erm_paper2,,,,,,,,,,,,,,,,
lawschool,456,shift75,fnf,categorical,,0.02,extended6,100,False,model seed = shard seed; splits fixed,1,100,100,[20],0.001,0.0001,4,"[30, 30]",60,0.01,0.001,lawschool/seed456/shift75/fnf_extended6_gamma0.02_made100,,,,,,,,,,,,,,,,
lawschool,456,shift75,fnf,categorical,,0.02,extended6,50,False,model seed = shard seed; splits fixed,1,100,100,[20],0.001,0.0001,4,"[30, 30]",60,0.01,0.001,lawschool/seed456/shift75/fnf_extended6_gamma0.02_made50,,,,,,,,,,,,,,,,
lawschool,456,shift75,fnf,categorical,,0.1,extended6,100,False,model seed = shard seed; splits fixed,1,100,100,[20],0.001,0.0001,4,"[30, 30]",60,0.01,0.001,lawschool/seed456/shift75/fnf_extended6_gamma0.1_made100,,,,,,,,,,,,,,,,
lawschool,456,shift75,fnf,categorical,,0.1,extended6,50,False,model seed = shard seed; splits fixed,1,100,100,[20],0.001,0.0001,4,"[30, 30]",60,0.01,0.001,lawschool/seed456/shift75/fnf_extended6_gamma0.1_made50,,,,,,,,,,,,,,,,
lawschool,456,shift75,fnf,categorical,,0.2,extended6,100,False,model seed = shard seed; splits fixed,1,100,100,[20],0.001,0.0001,4,"[30, 30]",60,0.01,0.001,lawschool/seed456/shift75/fnf_extended6_gamma0.2_made100,,,,,,,,,,,,,,,,
lawschool,456,shift75,fnf,categorical,,0.2,extended6,50,False,model seed = shard seed; splits fixed,1,100,100,[20],0.001,0.0001,4,"[30, 30]",60,0.01,0.001,lawschool/seed456/shift75/fnf_extended6_gamma0.2_made50,,,,,,,,,,,,,,,,
lawschool,456,shift75,fnf,categorical,,0.5,extended6,100,False,model seed = shard seed; splits fixed,1,100,100,[20],0.001,0.0001,4,"[30, 30]",60,0.01,0.001,lawschool/seed456/shift75/fnf_extended6_gamma0.5_made100,,,,,,,,,,,,,,,,
lawschool,456,shift75,fnf,categorical,,0.5,extended6,50,False,model seed = shard seed; splits fixed,1,100,100,[20],0.001,0.0001,4,"[30, 30]",60,0.01,0.001,lawschool/seed456/shift75/fnf_extended6_gamma0.5_made50,,,,,,,,,,,,,,,,
lawschool,456,shift75,fnf,categorical,,0.9,extended6,100,False,model seed = shard seed; splits fixed,1,100,100,[20],0.001,0.0001,4,"[30, 30]",60,0.01,0.001,lawschool/seed456/shift75/fnf_extended6_gamma0.9_made100,,,,,,,,,,,,,,,,
lawschool,456,shift75,fnf,categorical,,0.9,extended6,50,False,model seed = shard seed; splits fixed,1,100,100,[20],0.001,0.0001,4,"[30, 30]",60,0.01,0.001,lawschool/seed456/shift75/fnf_extended6_gamma0.9_made50,,,,,,,,,,,,,,,,
lawschool,456,shift75,fnf,categorical,,0.0,extended6,100,False,model seed = shard seed; splits fixed,1,100,100,[20],0.001,0.0001,4,"[30, 30]",60,0.01,0.001,lawschool/seed456/shift75/fnf_extended6_gamma0_made100,,,,,,,,,,,,,,,,
lawschool,456,shift75,fnf,categorical,,0.0,extended6,50,False,model seed = shard seed; splits fixed,1,100,100,[20],0.001,0.0001,4,"[30, 30]",60,0.01,0.001,lawschool/seed456/shift75/fnf_extended6_gamma0_made50,,,,,,,,,,,,,,,,
lawschool,456,shift75,fnf,categorical,,1.0,extended6,100,False,model seed = shard seed; splits fixed,1,100,100,[20],0.001,0.0001,4,"[30, 30]",60,0.01,0.001,lawschool/seed456/shift75/fnf_extended6_gamma1_made100,,,,,,,,,,,,,,,,
lawschool,456,shift75,fnf,categorical,,1.0,extended6,50,False,model seed = shard seed; splits fixed,1,100,100,[20],0.001,0.0001,4,"[30, 30]",60,0.01,0.001,lawschool/seed456/shift75/fnf_extended6_gamma1_made50,,,,,,,,,,,,,,,,
lawschool,456,shift75,fnf,categorical,,0.02,paper2,100,False,model seed = shard seed; splits fixed,1,100,100,[20],0.001,0.0001,4,"[30, 30]",60,0.01,0.001,lawschool/seed456/shift75/fnf_paper2_gamma0.02_made100,,,,,,,,,,,,,,,,
lawschool,456,shift75,fnf,categorical,,0.02,paper2,50,False,model seed = shard seed; splits fixed,1,100,100,[20],0.001,0.0001,4,"[30, 30]",60,0.01,0.001,lawschool/seed456/shift75/fnf_paper2_gamma0.02_made50,,,,,,,,,,,,,,,,
lawschool,456,shift75,fnf,categorical,,0.1,paper2,100,False,model seed = shard seed; splits fixed,1,100,100,[20],0.001,0.0001,4,"[30, 30]",60,0.01,0.001,lawschool/seed456/shift75/fnf_paper2_gamma0.1_made100,,,,,,,,,,,,,,,,
lawschool,456,shift75,fnf,categorical,,0.1,paper2,50,False,model seed = shard seed; splits fixed,1,100,100,[20],0.001,0.0001,4,"[30, 30]",60,0.01,0.001,lawschool/seed456/shift75/fnf_paper2_gamma0.1_made50,,,,,,,,,,,,,,,,
lawschool,456,shift75,fnf,categorical,,0.2,paper2,100,False,model seed = shard seed; splits fixed,1,100,100,[20],0.001,0.0001,4,"[30, 30]",60,0.01,0.001,lawschool/seed456/shift75/fnf_paper2_gamma0.2_made100,,,,,,,,,,,,,,,,
lawschool,456,shift75,fnf,categorical,,0.2,paper2,50,False,model seed = shard seed; splits fixed,1,100,100,[20],0.001,0.0001,4,"[30, 30]",60,0.01,0.001,lawschool/seed456/shift75/fnf_paper2_gamma0.2_made50,,,,,,,,,,,,,,,,
lawschool,456,shift75,fnf,categorical,,0.5,paper2,100,False,model seed = shard seed; splits fixed,1,100,100,[20],0.001,0.0001,4,"[30, 30]",60,0.01,0.001,lawschool/seed456/shift75/fnf_paper2_gamma0.5_made100,,,,,,,,,,,,,,,,
lawschool,456,shift75,fnf,categorical,,0.5,paper2,50,False,model seed = shard seed; splits fixed,1,100,100,[20],0.001,0.0001,4,"[30, 30]",60,0.01,0.001,lawschool/seed456/shift75/fnf_paper2_gamma0.5_made50,,,,,,,,,,,,,,,,
lawschool,456,shift75,fnf,categorical,,0.9,paper2,100,False,model seed = shard seed; splits fixed,1,100,100,[20],0.001,0.0001,4,"[30, 30]",60,0.01,0.001,lawschool/seed456/shift75/fnf_paper2_gamma0.9_made100,,,,,,,,,,,,,,,,
lawschool,456,shift75,fnf,categorical,,0.9,paper2,50,False,model seed = shard seed; splits fixed,1,100,100,[20],0.001,0.0001,4,"[30, 30]",60,0.01,0.001,lawschool/seed456/shift75/fnf_paper2_gamma0.9_made50,,,,,,,,,,,,,,,,
lawschool,456,shift75,fnf,categorical,,0.0,paper2,100,False,model seed = shard seed; splits fixed,1,100,100,[20],0.001,0.0001,4,"[30, 30]",60,0.01,0.001,lawschool/seed456/shift75/fnf_paper2_gamma0_made100,,,,,,,,,,,,,,,,
lawschool,456,shift75,fnf,categorical,,0.0,paper2,50,False,model seed = shard seed; splits fixed,1,100,100,[20],0.001,0.0001,4,"[30, 30]",60,0.01,0.001,lawschool/seed456/shift75/fnf_paper2_gamma0_made50,,,,,,,,,,,,,,,,
lawschool,456,shift75,fnf,categorical,,1.0,paper2,100,False,model seed = shard seed; splits fixed,1,100,100,[20],0.001,0.0001,4,"[30, 30]",60,0.01,0.001,lawschool/seed456/shift75/fnf_paper2_gamma1_made100,,,,,,,,,,,,,,,,
lawschool,456,shift75,fnf,categorical,,1.0,paper2,50,False,model seed = shard seed; splits fixed,1,100,100,[20],0.001,0.0001,4,"[30, 30]",60,0.01,0.001,lawschool/seed456/shift75/fnf_paper2_gamma1_made50,,,,,,,,,,,,,,,,
